time,open,high,low,close,volume,stock_id
2024-09-04,10.05,10.15,9.97,10.1,3333000,AAA
2024-09-05,10.1,10.35,10.1,10.1,3063500,AAA
2024-09-06,10.1,10.15,9.85,9.9,7338600,AAA
2024-09-09,9.7,9.89,9.7,9.8,3423700,AAA
2024-09-10,9.8,9.85,9.71,9.72,2438300,AAA
2024-09-11,9.72,9.72,9.58,9.6,3108400,AAA
2024-09-12,9.8,9.8,9.66,9.68,1681700,AAA
2024-09-13,9.72,9.8,9.68,9.77,1435600,AAA
2024-09-16,9.78,9.96,9.78,9.85,2028300,AAA
2024-09-17,9.77,9.85,9.76,9.85,1122000,AAA
2024-09-18,9.84,9.89,9.8,9.8,2070000,AAA
2024-09-19,9.84,9.88,9.8,9.81,1243800,AAA
2024-09-20,9.87,10.05,9.85,9.93,3113000,AAA
2024-09-23,9.94,9.98,9.84,9.86,1115500,AAA
2024-09-24,9.86,10.1,9.8,10.0,3705200,AAA
2024-09-25,10.05,10.2,10.0,10.05,1948300,AAA
2024-09-26,10.05,10.1,9.86,9.87,4507000,AAA
2024-09-27,9.87,9.89,9.73,9.75,4645900,AAA
2024-09-30,9.71,9.79,9.69,9.69,3104600,AAA
2024-10-01,9.72,9.83,9.72,9.75,2191600,AAA
2024-10-02,9.72,9.73,9.66,9.66,2325900,AAA
2024-10-03,9.69,9.69,9.42,9.45,4357900,AAA
2024-10-04,9.52,9.54,9.43,9.43,1088800,AAA
2024-10-07,9.5,9.52,9.39,9.4,1321600,AAA
2024-10-08,9.4,9.45,9.37,9.43,955700,AAA
2024-10-09,9.44,9.58,9.43,9.58,1802200,AAA
2024-10-10,9.58,9.64,9.54,9.55,1639500,AAA
2024-10-11,9.6,9.6,9.5,9.54,1036600,AAA
2024-10-14,9.57,9.59,9.43,9.44,1512300,AAA
2024-10-15,9.5,9.51,9.37,9.37,1598500,AAA
2024-10-16,9.35,9.4,9.24,9.24,1798300,AAA
2024-10-17,9.23,9.37,9.23,9.3,1200400,AAA
2024-10-18,9.31,9.43,9.31,9.32,1094900,AAA
2024-10-21,9.32,9.34,9.2,9.2,1475100,AAA
2024-10-22,9.21,9.24,9.13,9.17,1345000,AAA
2024-10-23,9.18,9.21,9.11,9.12,1022000,AAA
2024-10-24,9.12,9.15,9.03,9.03,1263200,AAA
2024-10-25,9.03,9.06,8.9,8.91,1681100,AAA
2024-10-28,8.92,8.99,8.91,8.93,690400,AAA
2024-10-29,8.85,9.19,8.8,9.09,3149800,AAA
2024-10-30,9.1,9.1,8.86,8.9,1441700,AAA
2024-10-31,8.9,8.9,8.79,8.8,2196000,AAA
2024-11-01,8.8,8.82,8.37,8.4,4638900,AAA
2024-11-04,8.4,8.4,8.26,8.27,1948700,AAA
2024-11-05,8.25,8.36,8.25,8.3,1161400,AAA
2024-11-06,8.31,8.68,8.31,8.6,2993400,AAA
2024-11-07,8.69,8.72,8.6,8.63,1176000,AAA
2024-11-08,8.63,8.65,8.48,8.51,1118800,AAA
2024-11-11,8.52,8.53,8.38,8.5,1273700,AAA
2024-11-12,8.54,8.6,8.48,8.48,1252400,AAA
2024-11-13,8.43,8.49,8.33,8.49,1550800,AAA
2024-11-14,8.45,8.49,8.3,8.3,1090600,AAA
2024-11-15,8.29,8.29,8.08,8.16,2222700,AAA
2024-11-18,8.16,8.29,8.15,8.27,1388300,AAA
2024-11-19,8.3,8.36,8.25,8.25,595500,AAA
2024-11-20,8.24,8.41,8.21,8.4,1615700,AAA
2024-11-21,8.44,8.44,8.35,8.4,505900,AAA
2024-11-22,8.4,8.42,8.35,8.36,874300,AAA
2024-11-25,8.35,8.59,8.35,8.57,1852300,AAA
2024-11-26,8.6,8.65,8.56,8.57,1120400,AAA
2024-11-27,8.57,8.59,8.47,8.5,908500,AAA
2024-11-28,8.5,8.6,8.48,8.51,707300,AAA
2024-11-29,8.52,8.55,8.48,8.48,1175000,AAA
2024-12-02,8.5,8.58,8.47,8.5,755300,AAA
2024-12-03,8.5,8.58,8.47,8.55,1244500,AAA
2024-12-04,8.55,9.0,8.5,8.74,4840900,AAA
2024-12-05,8.8,8.82,8.66,8.81,1448300,AAA
2024-12-06,8.82,8.98,8.74,8.74,1798100,AAA
2024-12-09,8.74,8.81,8.74,8.75,1255200,AAA
2024-12-10,8.75,8.86,8.75,8.75,1075700,AAA
2024-12-11,8.76,8.83,8.71,8.75,834300,AAA
2024-12-12,8.78,8.95,8.76,8.83,1972800,AAA
2024-12-13,8.81,8.83,8.71,8.72,717400,AAA
2024-12-16,8.72,8.79,8.6,8.61,1206100,AAA
2024-12-17,8.63,8.63,8.51,8.54,779200,AAA
2024-12-18,8.54,8.6,8.48,8.58,1272600,AAA
2024-12-19,8.5,8.65,8.46,8.57,1052300,AAA
2024-12-20,8.56,8.7,8.56,8.67,1583500,AAA
2024-12-23,8.67,8.89,8.67,8.87,2454400,AAA
2024-12-24,8.86,8.98,8.83,8.85,1425600,AAA
2024-12-25,8.85,8.89,8.83,8.85,1402500,AAA
2024-12-26,8.88,9.19,8.86,9.02,4070200,AAA
2024-12-27,9.1,9.1,8.9,8.9,1562500,AAA
2024-12-30,8.9,8.9,8.7,8.72,1785100,AAA
2024-12-31,8.72,8.83,8.7,8.72,973900,AAA
2025-01-02,8.73,8.79,8.69,8.74,983400,AAA
2025-01-03,8.74,8.85,8.73,8.73,1139400,AAA
2025-01-06,8.71,8.74,8.6,8.6,1038800,AAA
2025-01-07,8.59,8.67,8.44,8.46,1621500,AAA
2025-01-08,8.46,8.46,8.3,8.45,1135300,AAA
2025-01-09,8.45,8.5,8.36,8.41,789700,AAA
2025-01-10,8.44,8.44,8.28,8.29,896300,AAA
2025-01-13,8.21,8.29,8.2,8.26,1124100,AAA
2025-01-14,8.24,8.31,8.23,8.23,436600,AAA
2025-01-15,8.22,8.39,8.22,8.3,654700,AAA
2025-01-16,8.32,8.49,8.32,8.4,680400,AAA
2025-01-17,8.4,8.48,8.38,8.46,845300,AAA
2025-01-20,8.47,8.56,8.43,8.45,1032500,AAA
2025-01-21,8.46,8.48,8.37,8.39,833100,AAA
2025-01-22,8.4,8.45,8.29,8.32,1021500,AAA
2025-01-23,8.37,8.42,8.25,8.35,458300,AAA
2025-01-24,8.36,8.38,8.31,8.36,764800,AAA
2025-02-03,8.37,8.37,8.29,8.33,1030000,AAA
2025-02-04,8.38,8.8,8.37,8.8,2683300,AAA
2025-02-05,8.86,8.86,8.69,8.71,936100,AAA
2025-02-06,8.71,8.78,8.63,8.66,849600,AAA
2025-02-07,8.66,8.75,8.65,8.67,1117500,AAA
2025-02-10,8.67,8.67,8.5,8.5,1476700,AAA
2025-02-11,8.5,8.7,8.48,8.66,1286100,AAA
2025-02-12,8.52,8.8,8.52,8.59,796400,AAA
2025-02-13,8.59,8.69,8.56,8.6,698600,AAA
2025-02-14,8.7,8.79,8.68,8.68,1803000,AAA
2025-02-17,8.73,8.78,8.69,8.74,1607000,AAA
2025-02-18,8.74,8.94,8.74,8.86,2690900,AAA
2025-02-19,8.88,8.98,8.88,8.92,2431700,AAA
2025-02-20,8.92,9.03,8.91,8.92,2805600,AAA
2025-02-21,8.91,9.02,8.86,8.87,2398100,AAA
2025-02-24,8.87,8.95,8.85,8.93,1554100,AAA
2025-02-25,8.95,9.17,8.94,9.0,3056600,AAA
2025-02-26,9.02,9.07,8.9,8.92,1550400,AAA
2025-02-27,8.93,8.95,8.8,8.84,2787500,AAA
2025-02-28,8.84,8.93,8.84,8.86,1720600,AAA
2025-03-03,8.91,8.95,8.86,8.86,1392200,AAA
2025-03-04,8.86,8.86,8.64,8.74,2767600,AAA
2025-03-05,8.71,8.79,8.65,8.66,1346800,AAA
2025-03-06,8.67,8.72,8.6,8.69,2201200,AAA
2025-03-07,8.73,8.8,8.73,8.76,2134900,AAA
2025-03-10,8.79,8.85,8.69,8.71,1517200,AAA
2025-03-11,8.65,8.88,8.63,8.88,3010700,AAA
2025-03-12,8.89,8.91,8.75,8.77,1717100,AAA
2025-03-13,8.7,8.8,8.63,8.63,2897500,AAA
2025-03-14,8.65,8.68,8.55,8.58,2143500,AAA
2024-09-04,24.5,24.7,24.45,24.65,5632900,ACB
2024-09-05,24.65,24.7,24.45,24.5,3534700,ACB
2024-09-06,24.5,24.6,24.45,24.6,5003500,ACB
2024-09-09,24.55,24.6,24.3,24.45,4686500,ACB
2024-09-10,24.45,24.55,24.1,24.25,6133500,ACB
2024-09-11,24.15,24.25,24.1,24.15,3584100,ACB
2024-09-12,24.25,24.5,24.2,24.45,2617700,ACB
2024-09-13,24.4,24.45,24.25,24.4,2370800,ACB
2024-09-16,24.4,24.55,24.15,24.15,3712400,ACB
2024-09-17,24.15,24.5,24.1,24.5,4078100,ACB
2024-09-18,24.5,24.75,24.35,24.65,8718500,ACB
2024-09-19,24.75,24.85,24.6,24.8,5219400,ACB
2024-09-20,24.9,25.8,24.9,25.65,34310900,ACB
2024-09-23,25.7,26.0,25.6,25.65,8574100,ACB
2024-09-24,25.65,25.8,25.4,25.8,12775500,ACB
2024-09-25,26.0,26.2,25.8,26.2,23014300,ACB
2024-09-26,26.3,26.35,26.0,26.0,18172200,ACB
2024-09-27,26.0,26.4,25.9,25.9,10807400,ACB
2024-09-30,25.7,25.95,25.7,25.75,8455300,ACB
2024-10-01,25.75,26.15,25.75,25.75,10408300,ACB
2024-10-02,25.7,26.1,25.6,25.8,10112400,ACB
2024-10-03,25.95,26.3,25.7,25.7,14798400,ACB
2024-10-04,25.7,25.75,25.4,25.4,8664100,ACB
2024-10-07,25.5,25.7,25.35,25.45,6769700,ACB
2024-10-08,25.5,25.65,25.35,25.5,6522700,ACB
2024-10-09,25.6,26.25,25.55,26.25,20003200,ACB
2024-10-10,26.4,26.5,26.05,26.2,9079400,ACB
2024-10-11,26.1,26.15,25.9,26.1,6560000,ACB
2024-10-14,26.15,26.25,25.95,25.95,9026900,ACB
2024-10-15,25.95,26.2,25.8,25.85,7109800,ACB
2024-10-16,25.75,25.85,25.6,25.75,5395600,ACB
2024-10-17,25.9,26.15,25.75,26.15,9195000,ACB
2024-10-18,26.25,26.5,25.95,26.1,11490300,ACB
2024-10-21,26.0,26.1,25.8,25.8,5532000,ACB
2024-10-22,25.8,25.85,25.4,25.4,12115300,ACB
2024-10-23,25.4,25.55,25.15,25.4,7700100,ACB
2024-10-24,25.4,25.45,25.0,25.0,8926700,ACB
2024-10-25,25.0,25.1,24.85,24.9,9220400,ACB
2024-10-28,24.9,25.15,24.75,25.15,4995600,ACB
2024-10-29,25.3,25.3,25.1,25.2,4176800,ACB
2024-10-30,25.2,25.25,24.95,25.1,3872400,ACB
2024-10-31,25.1,25.45,25.05,25.4,5074500,ACB
2024-11-01,25.3,25.4,24.9,24.9,7855400,ACB
2024-11-04,25.0,25.05,24.65,24.75,9116700,ACB
2024-11-05,24.8,24.9,24.75,24.75,3066100,ACB
2024-11-06,24.9,25.2,24.8,25.1,6242400,ACB
2024-11-07,25.2,25.3,24.9,25.1,4841200,ACB
2024-11-08,25.1,25.2,24.75,24.9,8221400,ACB
2024-11-11,24.9,25.0,24.65,24.85,6742100,ACB
2024-11-12,24.8,24.95,24.65,24.85,4142900,ACB
2024-11-13,24.8,24.9,24.6,24.9,6390100,ACB
2024-11-14,24.65,24.85,24.55,24.55,5795300,ACB
2024-11-15,24.55,24.6,24.3,24.4,9277500,ACB
2024-11-18,24.4,24.6,24.1,24.5,8106600,ACB
2024-11-19,24.5,24.55,24.3,24.3,5784700,ACB
2024-11-20,24.2,24.55,24.15,24.5,6237600,ACB
2024-11-21,24.5,24.85,24.25,24.85,7582000,ACB
2024-11-22,24.85,24.95,24.65,24.95,5693800,ACB
2024-11-25,24.95,25.0,24.8,24.9,4108700,ACB
2024-11-26,24.9,25.1,24.85,25.0,3558600,ACB
2024-11-27,24.95,25.2,24.95,25.05,2744700,ACB
2024-11-28,25.15,25.2,24.95,25.15,4592100,ACB
2024-11-29,25.15,25.2,25.0,25.2,3880000,ACB
2024-12-02,25.25,25.35,25.05,25.15,2487700,ACB
2024-12-03,25.2,25.2,24.95,25.0,6127300,ACB
2024-12-04,24.95,25.05,24.85,25.05,4616000,ACB
2024-12-05,25.0,25.7,24.95,25.7,8267100,ACB
2024-12-06,25.5,25.75,25.5,25.65,6049500,ACB
2024-12-09,25.6,25.65,25.35,25.5,5414200,ACB
2024-12-10,25.5,25.5,25.35,25.35,3399100,ACB
2024-12-11,25.35,25.5,25.2,25.4,8827300,ACB
2024-12-12,25.4,25.5,25.25,25.3,5863500,ACB
2024-12-13,25.3,25.3,25.1,25.15,6040200,ACB
2024-12-16,25.15,25.25,25.05,25.15,5161100,ACB
2024-12-17,25.25,25.25,25.05,25.2,3329200,ACB
2024-12-18,25.25,25.25,25.1,25.15,3381500,ACB
2024-12-19,25.05,25.05,24.7,24.8,9712000,ACB
2024-12-20,24.85,24.9,24.75,24.8,4724000,ACB
2024-12-23,24.85,24.95,24.8,24.9,3465200,ACB
2024-12-24,24.9,25.0,24.8,25.0,3230700,ACB
2024-12-25,25.0,25.6,24.95,25.45,9512300,ACB
2024-12-26,25.45,25.55,25.4,25.55,5579300,ACB
2024-12-27,25.6,25.7,25.5,25.55,7689900,ACB
2024-12-30,25.35,25.65,25.35,25.4,5000400,ACB
2024-12-31,25.4,25.8,25.35,25.8,8841000,ACB
2025-01-02,25.6,25.7,25.4,25.6,4567900,ACB
2025-01-03,25.5,25.55,25.1,25.1,5017300,ACB
2025-01-06,25.0,25.05,24.75,24.8,12052700,ACB
2025-01-07,24.8,25.05,24.8,25.0,5022100,ACB
2025-01-08,25.0,25.0,24.8,25.0,4088100,ACB
2025-01-09,24.95,25.0,24.85,24.95,3839200,ACB
2025-01-10,24.9,24.95,24.7,24.7,4710900,ACB
2025-01-13,24.5,24.85,24.5,24.75,4625500,ACB
2025-01-14,24.75,24.8,24.5,24.65,5059900,ACB
2025-01-15,24.85,24.95,24.65,24.9,7425100,ACB
2025-01-16,24.85,25.05,24.7,24.85,5005500,ACB
2025-01-17,24.85,25.0,24.8,24.95,2378900,ACB
2025-01-20,24.95,25.05,24.8,25.0,4004400,ACB
2025-01-21,25.05,25.1,24.85,24.95,4342600,ACB
2025-01-22,25.0,25.0,24.8,24.85,2787900,ACB
2025-01-23,24.9,25.4,24.9,25.3,8896800,ACB
2025-01-24,25.2,25.5,25.2,25.35,4898600,ACB
2025-02-03,25.05,25.3,24.9,25.1,4767900,ACB
2025-02-04,25.25,25.35,25.05,25.25,4903600,ACB
2025-02-05,25.25,25.4,25.2,25.4,7492100,ACB
2025-02-06,25.5,25.65,25.4,25.5,5593800,ACB
2025-02-07,25.5,25.8,25.4,25.7,9875600,ACB
2025-02-10,25.65,26.15,25.5,25.8,14032400,ACB
2025-02-11,25.85,25.95,25.7,25.85,5420500,ACB
2025-02-12,25.9,26.0,25.65,25.65,6789000,ACB
2025-02-13,25.65,25.75,25.55,25.7,5749900,ACB
2025-02-14,25.95,25.95,25.7,25.75,8139200,ACB
2025-02-17,25.95,25.95,25.75,25.8,5734800,ACB
2025-02-18,25.8,26.0,25.75,25.75,5157400,ACB
2025-02-19,25.75,25.9,25.7,25.8,5028300,ACB
2025-02-20,25.85,25.95,25.75,25.95,5709400,ACB
2025-02-21,26.0,26.35,25.95,26.2,12719300,ACB
2025-02-24,26.05,26.25,26.05,26.15,6396900,ACB
2025-02-25,26.15,26.25,26.0,26.0,6475900,ACB
2025-02-26,26.05,26.1,25.95,25.95,5056300,ACB
2025-02-27,26.0,26.1,25.85,26.1,5656800,ACB
2025-02-28,26.0,26.2,25.8,26.0,5469900,ACB
2025-03-03,26.0,26.05,25.8,26.0,5597900,ACB
2025-03-04,25.9,26.2,25.8,26.15,9957300,ACB
2025-03-05,26.3,26.65,26.15,26.15,11670700,ACB
2025-03-06,26.25,26.4,26.15,26.4,5071000,ACB
2025-03-07,26.5,26.8,26.35,26.65,10705500,ACB
2025-03-10,26.7,26.75,26.4,26.45,8494800,ACB
2025-03-11,26.3,26.45,26.1,26.45,9142000,ACB
2025-03-12,26.5,26.7,26.2,26.3,7796200,ACB
2025-03-13,26.35,26.45,26.1,26.1,8885500,ACB
2025-03-14,26.2,26.2,25.9,26.0,11548600,ACB
2024-09-04,15.57,15.66,15.44,15.47,653099,ANV
2024-09-05,15.42,15.71,15.37,15.37,615131,ANV
2024-09-06,15.27,15.57,15.27,15.44,455790,ANV
2024-09-09,15.44,15.64,15.42,15.54,386976,ANV
2024-09-10,15.57,15.91,15.57,15.76,821334,ANV
2024-09-11,15.76,15.84,15.59,15.74,395599,ANV
2024-09-12,15.84,15.86,15.69,15.69,307849,ANV
2024-09-13,15.62,15.76,15.52,15.54,478752,ANV
2024-09-16,15.62,15.69,15.32,15.32,426292,ANV
2024-09-17,15.32,15.52,15.17,15.52,432667,ANV
2024-09-18,15.57,15.74,15.44,15.59,629283,ANV
2024-09-19,15.59,15.81,15.52,15.81,509641,ANV
2024-09-20,15.94,15.94,15.81,15.84,580843,ANV
2024-09-23,15.91,15.91,15.74,15.74,416987,ANV
2024-09-24,15.76,15.76,15.52,15.71,445831,ANV
2024-09-25,15.84,15.84,15.74,15.84,648666,ANV
2024-09-26,15.86,16.26,15.86,16.01,1109574,ANV
2024-09-27,16.16,16.4,16.06,16.38,2055410,ANV
2024-09-30,16.65,16.7,16.38,16.48,1031608,ANV
2024-10-01,16.5,16.55,16.26,16.48,1128311,ANV
2024-10-02,16.35,16.55,16.35,16.48,917678,ANV
2024-10-03,16.6,16.99,16.48,16.6,1508601,ANV
2024-10-04,16.72,16.72,16.28,16.28,876987,ANV
2024-10-07,16.4,16.43,16.23,16.33,744796,ANV
2024-10-08,16.4,16.48,16.31,16.33,819656,ANV
2024-10-09,16.48,16.7,16.38,16.58,579958,ANV
2024-10-10,16.75,16.75,16.58,16.6,584303,ANV
2024-10-11,16.62,16.65,16.5,16.55,362719,ANV
2024-10-14,16.88,16.95,16.65,16.7,804896,ANV
2024-10-15,16.73,16.8,16.58,16.58,739906,ANV
2024-10-16,16.6,16.8,16.52,16.65,379633,ANV
2024-10-17,16.75,16.75,16.48,16.6,625681,ANV
2024-10-18,16.58,16.8,16.58,16.65,831069,ANV
2024-10-21,16.65,16.95,16.65,16.73,575398,ANV
2024-10-22,16.75,16.85,16.25,16.65,998077,ANV
2024-10-23,16.5,16.68,16.3,16.52,829577,ANV
2024-10-24,16.52,16.6,16.4,16.42,637033,ANV
2024-10-25,16.45,16.5,16.27,16.27,648030,ANV
2024-10-28,16.3,16.45,16.27,16.35,224562,ANV
2024-10-29,16.4,16.68,16.32,16.42,574743,ANV
2024-10-30,16.42,16.65,16.42,16.55,433594,ANV
2024-10-31,16.6,16.6,16.48,16.58,437043,ANV
2024-11-01,16.5,16.73,16.5,16.58,619228,ANV
2024-11-04,16.73,16.73,16.4,16.45,654801,ANV
2024-11-05,16.55,16.75,16.5,16.7,1368721,ANV
2024-11-06,16.75,17.65,16.7,17.3,3719485,ANV
2024-11-07,18.25,18.3,17.65,17.85,3280879,ANV
2024-11-08,17.9,18.4,17.7,18.2,2396888,ANV
2024-11-11,18.0,18.85,17.95,18.45,3638849,ANV
2024-11-12,18.55,18.55,18.1,18.2,1181788,ANV
2024-11-13,18.05,18.5,17.95,18.5,2018093,ANV
2024-11-14,18.55,18.8,18.15,18.15,2525826,ANV
2024-11-15,18.1,18.5,17.7,18.2,2539561,ANV
2024-11-18,18.2,18.4,17.8,18.2,1379897,ANV
2024-11-19,18.2,18.35,17.3,17.3,1478189,ANV
2024-11-20,17.3,17.8,17.15,17.7,1158900,ANV
2024-11-21,17.75,17.9,17.5,17.9,546300,ANV
2024-11-22,17.85,17.9,17.65,17.7,736200,ANV
2024-11-25,17.7,17.95,17.7,17.9,697100,ANV
2024-11-26,18.0,18.5,18.0,18.1,2016400,ANV
2024-11-27,18.1,18.2,17.9,18.2,640300,ANV
2024-11-28,18.35,18.35,17.9,17.9,828600,ANV
2024-11-29,17.9,18.45,17.85,18.45,2234500,ANV
2024-12-02,18.8,18.8,18.35,18.45,1189200,ANV
2024-12-03,18.45,18.75,18.25,18.3,1726000,ANV
2024-12-04,18.25,18.5,18.15,18.15,1556600,ANV
2024-12-05,18.15,19.4,18.0,19.4,3310100,ANV
2024-12-06,19.85,20.6,19.65,20.0,3315700,ANV
2024-12-09,20.0,20.45,19.9,20.35,2440400,ANV
2024-12-10,20.35,21.2,20.35,20.7,2431300,ANV
2024-12-11,21.1,21.1,20.2,20.5,3045600,ANV
2024-12-12,20.4,20.8,20.3,20.3,1832900,ANV
2024-12-13,20.3,20.95,20.05,20.55,2384300,ANV
2024-12-16,20.55,21.0,20.2,21.0,1548000,ANV
2024-12-17,21.0,21.35,20.45,20.45,2225900,ANV
2024-12-18,20.5,20.8,20.3,20.7,1332400,ANV
2024-12-19,20.3,20.8,20.2,20.6,1866400,ANV
2024-12-20,20.65,21.2,20.3,20.35,3977100,ANV
2024-12-23,20.5,20.5,20.1,20.1,2288000,ANV
2024-12-24,20.1,20.55,20.1,20.4,1763100,ANV
2024-12-25,20.45,20.55,20.2,20.5,1538900,ANV
2024-12-26,20.55,21.2,20.25,20.25,3690200,ANV
2024-12-27,20.15,20.3,19.6,19.8,2764600,ANV
2024-12-30,19.7,19.75,19.4,19.6,1823500,ANV
2024-12-31,19.65,20.15,19.6,19.8,1464700,ANV
2025-01-02,19.85,20.0,19.6,19.7,919500,ANV
2025-01-03,19.9,19.95,19.45,19.45,1378800,ANV
2025-01-06,19.4,19.55,18.55,18.65,2522000,ANV
2025-01-07,18.95,18.95,18.35,18.75,1445400,ANV
2025-01-08,18.8,19.15,18.7,19.1,871100,ANV
2025-01-09,19.0,19.0,18.6,18.75,726700,ANV
2025-01-10,18.75,18.85,18.1,18.1,1589300,ANV
2025-01-13,18.1,18.65,18.05,18.4,1201500,ANV
2025-01-14,18.4,18.5,18.1,18.15,538000,ANV
2025-01-15,18.4,18.65,18.15,18.6,701700,ANV
2025-01-16,18.6,18.95,18.55,18.65,731400,ANV
2025-01-17,18.65,18.75,18.5,18.7,774300,ANV
2025-01-20,18.8,19.05,18.7,18.8,750900,ANV
2025-01-21,18.9,19.1,18.5,18.5,740700,ANV
2025-01-22,18.5,18.55,18.2,18.25,783200,ANV
2025-01-23,18.3,18.45,18.3,18.3,630700,ANV
2025-01-24,18.0,18.0,17.1,17.2,5038600,ANV
2025-02-03,16.95,17.05,16.75,17.0,1312800,ANV
2025-02-04,17.0,17.65,17.0,17.65,2276400,ANV
2025-02-05,17.75,17.75,17.35,17.45,1775300,ANV
2025-02-06,17.65,17.65,17.15,17.3,2330900,ANV
2025-02-07,17.35,17.4,17.15,17.25,1260300,ANV
2025-02-10,17.2,17.2,16.55,16.55,2801500,ANV
2025-02-11,16.55,16.8,16.55,16.75,1161800,ANV
2025-02-12,16.75,16.85,16.3,16.4,1748100,ANV
2025-02-13,16.3,16.95,16.3,16.95,1574300,ANV
2025-02-14,16.9,16.95,16.7,16.75,1102800,ANV
2025-02-17,16.8,17.0,16.75,16.8,1305300,ANV
2025-02-18,16.8,17.1,16.8,16.85,1135600,ANV
2025-02-19,16.9,17.3,16.9,17.3,1797200,ANV
2025-02-20,17.4,17.45,17.1,17.15,2095400,ANV
2025-02-21,17.15,17.6,17.1,17.3,2087200,ANV
2025-02-24,17.3,17.4,17.05,17.25,1206900,ANV
2025-02-25,17.45,17.45,17.1,17.2,1007600,ANV
2025-02-26,17.2,17.3,17.1,17.2,1179100,ANV
2025-02-27,17.2,17.65,17.2,17.6,4059900,ANV
2025-02-28,17.65,17.85,17.55,17.6,2224500,ANV
2025-03-03,17.6,17.75,17.4,17.5,1797400,ANV
2025-03-04,17.5,17.5,17.15,17.35,1950000,ANV
2025-03-05,17.4,17.4,17.1,17.1,1613700,ANV
2025-03-06,17.2,17.45,17.1,17.45,1853100,ANV
2025-03-07,17.45,17.9,17.35,17.55,3628300,ANV
2025-03-10,17.7,17.75,17.2,17.3,1548300,ANV
2025-03-11,17.1,17.5,17.05,17.45,2138800,ANV
2025-03-12,17.5,17.5,17.25,17.25,1216100,ANV
2025-03-13,17.25,17.55,17.25,17.25,1753500,ANV
2025-03-14,17.25,17.35,17.15,17.2,1249700,ANV
2024-09-04,6.51,6.64,6.5,6.61,4333500,BCG
2024-09-05,6.6,6.7,6.55,6.6,4405400,BCG
2024-09-06,6.6,6.61,6.5,6.54,3595500,BCG
2024-09-09,6.53,6.54,6.41,6.42,3999300,BCG
2024-09-10,6.45,6.55,6.36,6.41,4346400,BCG
2024-09-11,6.4,6.44,6.28,6.34,4283800,BCG
2024-09-12,6.41,6.43,6.33,6.35,4497000,BCG
2024-09-13,6.37,6.4,6.33,6.4,2739900,BCG
2024-09-16,6.4,6.5,6.33,6.36,3314700,BCG
2024-09-17,6.39,6.44,6.33,6.44,2545600,BCG
2024-09-18,6.44,6.53,6.42,6.43,4610600,BCG
2024-09-19,6.41,6.49,6.4,6.44,2836700,BCG
2024-09-20,6.5,6.53,6.42,6.42,4842400,BCG
2024-09-23,6.42,6.45,6.34,6.35,3512300,BCG
2024-09-24,6.36,6.39,6.33,6.36,2376500,BCG
2024-09-25,6.4,6.62,6.39,6.57,8703900,BCG
2024-09-26,6.6,6.62,6.54,6.56,4109500,BCG
2024-09-27,6.56,6.68,6.55,6.6,8204800,BCG
2024-09-30,6.6,6.6,6.5,6.54,4016900,BCG
2024-10-01,6.55,6.69,6.55,6.6,7089300,BCG
2024-10-02,6.56,6.6,6.44,6.46,5955500,BCG
2024-10-03,6.47,6.5,6.33,6.35,7488500,BCG
2024-10-04,6.35,6.36,6.3,6.3,3817000,BCG
2024-10-07,6.34,6.38,6.3,6.34,2204500,BCG
2024-10-08,6.35,6.37,6.3,6.32,2421400,BCG
2024-10-09,6.33,6.38,6.33,6.38,1904900,BCG
2024-10-10,6.4,6.47,6.37,6.37,2747100,BCG
2024-10-11,6.38,6.41,6.35,6.39,2349400,BCG
2024-10-14,6.41,6.45,6.32,6.33,3472200,BCG
2024-10-15,6.38,6.38,6.22,6.22,5250100,BCG
2024-10-16,6.21,6.27,6.12,6.17,4121000,BCG
2024-10-17,6.1,6.19,6.06,6.18,4486900,BCG
2024-10-18,6.21,6.25,6.14,6.14,1980500,BCG
2024-10-21,6.16,6.18,6.08,6.08,2643000,BCG
2024-10-22,6.09,6.15,6.06,6.1,3963000,BCG
2024-10-23,6.1,6.38,6.1,6.29,6257100,BCG
2024-10-24,6.27,6.36,6.2,6.22,2892800,BCG
2024-10-25,6.23,6.23,6.14,6.19,2311400,BCG
2024-10-28,6.19,6.2,6.12,6.12,2230800,BCG
2024-10-29,6.12,6.22,6.12,6.19,2125600,BCG
2024-10-30,6.21,6.39,6.21,6.28,9593800,BCG
2024-10-31,6.37,6.45,6.28,6.37,6543100,BCG
2024-11-01,6.47,6.81,6.45,6.7,23025900,BCG
2024-11-04,6.76,6.77,6.5,6.56,7122300,BCG
2024-11-05,6.6,6.61,6.5,6.5,4457500,BCG
2024-11-06,6.56,6.59,6.45,6.47,6049600,BCG
2024-11-07,6.51,6.64,6.49,6.53,5838900,BCG
2024-11-08,6.54,6.75,6.54,6.65,8222200,BCG
2024-11-11,6.65,6.79,6.6,6.66,8725300,BCG
2024-11-12,6.69,6.76,6.46,6.47,7656100,BCG
2024-11-13,6.48,6.48,6.25,6.28,10757700,BCG
2024-11-14,6.29,6.39,6.2,6.2,5499300,BCG
2024-11-15,6.2,6.3,6.17,6.26,5008700,BCG
2024-11-18,6.31,6.39,6.25,6.36,4515800,BCG
2024-11-19,6.39,6.39,6.2,6.2,4353200,BCG
2024-11-20,6.2,6.36,6.17,6.31,6721200,BCG
2024-11-21,6.31,6.34,6.24,6.27,2328700,BCG
2024-11-22,6.29,6.42,6.27,6.27,5750500,BCG
2024-11-25,6.27,6.39,6.26,6.36,5895700,BCG
2024-11-26,6.35,6.54,6.35,6.44,8385900,BCG
2024-11-27,6.45,6.52,6.38,6.41,4021000,BCG
2024-11-28,6.45,6.5,6.34,6.41,5626000,BCG
2024-11-29,6.41,6.43,6.32,6.33,4737700,BCG
2024-12-02,6.31,6.4,6.28,6.29,6953000,BCG
2024-12-03,6.32,6.32,6.21,6.22,9239700,BCG
2024-12-04,6.2,6.28,6.19,6.19,5317500,BCG
2024-12-05,6.24,6.37,6.13,6.3,16694400,BCG
2024-12-06,6.35,6.48,6.31,6.4,11180300,BCG
2024-12-09,6.45,6.67,6.37,6.52,13912400,BCG
2024-12-10,6.55,6.59,6.4,6.4,7628300,BCG
2024-12-11,6.45,6.54,6.39,6.45,8569400,BCG
2024-12-12,6.49,6.79,6.47,6.58,18701600,BCG
2024-12-13,6.59,6.62,6.46,6.48,6378900,BCG
2024-12-16,6.5,6.52,6.37,6.4,5703700,BCG
2024-12-17,6.41,6.43,6.37,6.39,5525300,BCG
2024-12-18,6.38,6.46,6.37,6.45,6224000,BCG
2024-12-19,6.4,6.4,6.28,6.32,9892200,BCG
2024-12-20,6.31,6.36,6.28,6.35,5719000,BCG
2024-12-23,6.36,6.43,6.33,6.35,5369900,BCG
2024-12-24,6.34,6.38,6.24,6.27,7475300,BCG
2024-12-25,6.27,6.44,6.27,6.4,8223000,BCG
2024-12-26,6.45,6.66,6.4,6.5,16556300,BCG
2024-12-27,6.55,6.55,6.42,6.42,5015400,BCG
2024-12-30,6.42,6.44,6.31,6.35,5931000,BCG
2024-12-31,6.36,6.37,6.31,6.36,4343800,BCG
2025-01-02,6.35,6.36,6.31,6.33,4174000,BCG
2025-01-03,6.32,6.37,6.25,6.25,9080900,BCG
2025-01-06,6.25,6.3,6.1,6.13,6965000,BCG
2025-01-07,6.13,6.2,6.1,6.11,5251600,BCG
2025-01-08,6.11,6.18,6.1,6.14,3220700,BCG
2025-01-09,6.14,6.22,6.14,6.16,4626700,BCG
2025-01-10,6.17,6.17,6.06,6.06,4966400,BCG
2025-01-13,6.08,6.09,5.81,5.92,7950500,BCG
2025-01-14,5.96,5.96,5.7,5.7,5426300,BCG
2025-01-15,5.7,5.84,5.7,5.8,3459300,BCG
2025-01-16,5.83,5.94,5.82,5.83,2567600,BCG
2025-01-17,5.84,5.92,5.8,5.84,3726500,BCG
2025-01-20,5.86,5.93,5.83,5.84,2063300,BCG
2025-01-21,5.83,5.88,5.78,5.78,3301800,BCG
2025-01-22,5.8,5.83,5.75,5.75,2821100,BCG
2025-01-23,5.75,5.82,5.75,5.77,2407000,BCG
2025-01-24,5.79,5.85,5.78,5.82,3462300,BCG
2025-02-03,5.91,6.09,5.87,5.97,7339800,BCG
2025-02-04,6.0,6.07,6.0,6.05,5102300,BCG
2025-02-05,6.09,6.17,6.05,6.09,6192800,BCG
2025-02-06,6.09,6.14,6.05,6.05,3925800,BCG
2025-02-07,6.05,6.16,6.05,6.09,4484500,BCG
2025-02-10,6.08,6.09,5.97,5.97,5407900,BCG
2025-02-11,6.0,6.09,5.97,6.06,4393800,BCG
2025-02-12,6.1,6.17,6.06,6.09,5042700,BCG
2025-02-13,6.1,6.12,6.03,6.08,3359800,BCG
2025-02-14,6.05,6.08,5.94,5.96,18066800,BCG
2025-02-17,5.8,6.3,5.75,6.17,21765900,BCG
2025-02-18,6.2,6.35,6.11,6.12,10263400,BCG
2025-02-19,6.12,6.29,6.07,6.27,20299600,BCG
2025-02-20,6.3,6.3,6.16,6.18,9585500,BCG
2025-02-21,6.17,6.27,6.11,6.16,9400700,BCG
2025-02-24,6.1,6.17,6.07,6.13,13431000,BCG
2025-02-25,6.15,6.27,6.12,6.15,12247700,BCG
2025-02-26,6.02,6.09,5.85,5.87,39725000,BCG
2025-02-27,5.85,5.87,5.7,5.73,31282200,BCG
2025-02-28,5.73,5.88,5.73,5.76,14324600,BCG
2025-03-03,5.36,5.36,5.36,5.36,5098400,BCG
2025-03-04,4.99,4.99,4.99,4.99,2899700,BCG
2025-03-05,4.65,4.65,4.65,4.65,4813000,BCG
2025-03-06,4.33,4.55,4.33,4.36,94835600,BCG
2025-03-07,4.4,4.58,4.12,4.14,35909100,BCG
2025-03-10,4.11,4.28,3.91,3.97,41952100,BCG
2025-03-11,3.86,4.14,3.8,4.1,25793500,BCG
2025-03-12,4.1,4.15,4.01,4.03,12652200,BCG
2025-03-13,4.0,4.03,3.86,3.86,25179400,BCG
2025-03-14,3.82,3.93,3.77,3.86,17331000,BCG
2024-09-04,69.25,70.92,69.25,70.92,418626,BCM
2024-09-05,70.92,70.92,69.54,70.82,507798,BCM
2024-09-06,70.33,70.92,69.74,70.92,424731,BCM
2024-09-09,70.03,70.92,69.74,70.13,418539,BCM
2024-09-10,70.43,70.92,69.54,70.43,450961,BCM
2024-09-11,69.94,70.43,69.74,70.33,375415,BCM
2024-09-12,70.43,70.43,69.64,70.33,417705,BCM
2024-09-13,70.23,70.33,69.64,69.84,291255,BCM
2024-09-16,70.03,70.03,68.46,69.25,494559,BCM
2024-09-17,69.25,70.33,68.56,70.33,235454,BCM
2024-09-18,70.23,70.33,69.64,70.33,351475,BCM
2024-09-19,70.33,70.82,69.84,70.82,346503,BCM
2024-09-20,71.41,71.41,70.23,70.23,371303,BCM
2024-09-23,70.23,70.53,69.64,70.43,244519,BCM
2024-09-24,69.94,71.41,69.94,70.92,444842,BCM
2024-09-25,70.92,71.41,70.72,71.41,444592,BCM
2024-09-26,71.41,72.4,70.82,70.92,720882,BCM
2024-09-27,70.92,70.92,70.13,70.23,465958,BCM
2024-09-30,70.23,70.23,68.95,69.15,521973,BCM
2024-10-01,69.15,69.84,68.95,69.25,428584,BCM
2024-10-02,69.25,69.25,68.46,68.46,495757,BCM
2024-10-03,68.16,69.25,66.98,68.06,542605,BCM
2024-10-04,68.46,68.46,66.78,66.88,517039,BCM
2024-10-07,66.98,67.47,66.49,67.37,290045,BCM
2024-10-08,67.37,67.67,66.88,67.67,184709,BCM
2024-10-09,67.67,68.16,67.08,67.37,303459,BCM
2024-10-10,67.37,67.77,67.28,67.28,243986,BCM
2024-10-11,67.47,67.47,66.68,67.28,296713,BCM
2024-10-14,67.28,67.47,66.78,67.28,233080,BCM
2024-10-15,67.08,67.87,66.78,66.78,272594,BCM
2024-10-16,67.18,67.18,66.49,66.78,206556,BCM
2024-10-17,67.08,67.08,66.0,66.49,242170,BCM
2024-10-18,66.78,67.47,66.49,66.49,195807,BCM
2024-10-21,66.29,66.78,65.5,65.5,215915,BCM
2024-10-22,65.5,65.5,64.03,64.03,576404,BCM
2024-10-23,64.03,64.91,64.03,64.62,181892,BCM
2024-10-24,64.71,64.91,64.32,64.81,117153,BCM
2024-10-25,64.62,64.81,64.32,64.62,105372,BCM
2024-10-28,64.52,64.71,64.22,64.42,98150,BCM
2024-10-29,64.42,65.8,64.42,65.8,163379,BCM
2024-10-30,65.8,66.39,65.4,65.4,203583,BCM
2024-10-31,65.31,66.09,65.11,66.09,144020,BCM
2024-11-01,66.09,66.09,65.21,65.7,137967,BCM
2024-11-04,65.9,65.9,64.4,65.8,195087,BCM
2024-11-05,65.8,66.0,65.2,65.8,85835,BCM
2024-11-06,65.8,68.0,65.8,67.4,604117,BCM
2024-11-07,67.3,67.8,67.0,67.4,247053,BCM
2024-11-08,67.1,67.2,66.6,66.6,247800,BCM
2024-11-11,66.8,67.5,66.0,67.5,227341,BCM
2024-11-12,67.5,68.0,67.1,67.8,297923,BCM
2024-11-13,67.5,67.9,66.9,67.9,180471,BCM
2024-11-14,67.3,68.9,67.3,68.6,762006,BCM
2024-11-15,68.8,68.8,67.6,68.0,234500,BCM
2024-11-18,66.7,67.4,65.7,67.0,410800,BCM
2024-11-19,67.4,67.4,64.0,64.0,295200,BCM
2024-11-20,64.0,65.8,63.1,65.7,251900,BCM
2024-11-21,65.8,65.8,64.8,65.5,220300,BCM
2024-11-22,65.0,65.8,64.8,65.8,125300,BCM
2024-11-25,65.8,65.8,65.0,65.7,130000,BCM
2024-11-26,65.4,66.4,65.4,66.1,250300,BCM
2024-11-27,65.3,66.1,65.3,66.1,108700,BCM
2024-11-28,66.1,66.4,65.8,66.2,109000,BCM
2024-11-29,66.1,66.5,65.5,66.5,154200,BCM
2024-12-02,66.8,66.8,65.7,66.5,136500,BCM
2024-12-03,65.9,66.5,65.8,66.4,200200,BCM
2024-12-04,65.8,66.3,65.2,65.2,146300,BCM
2024-12-05,65.3,68.0,65.2,68.0,321600,BCM
2024-12-06,67.6,68.3,67.1,67.3,189400,BCM
2024-12-09,67.5,68.0,67.1,67.9,172800,BCM
2024-12-10,68.0,68.2,67.3,68.0,174600,BCM
2024-12-11,68.0,68.0,66.8,67.0,199200,BCM
2024-12-12,67.1,67.7,66.7,67.5,167300,BCM
2024-12-13,67.5,67.7,66.7,67.7,145300,BCM
2024-12-16,67.7,68.0,66.6,68.0,248900,BCM
2024-12-17,68.0,68.0,67.4,67.8,124200,BCM
2024-12-18,67.8,67.8,67.2,67.8,92600,BCM
2024-12-19,67.0,67.5,66.5,66.5,142600,BCM
2024-12-20,66.5,67.7,66.3,67.7,163900,BCM
2024-12-23,68.0,68.0,67.5,67.9,176400,BCM
2024-12-24,68.0,68.0,67.3,67.9,142500,BCM
2024-12-25,67.9,70.4,67.7,69.3,686500,BCM
2024-12-26,69.3,70.0,68.8,69.7,156700,BCM
2024-12-27,69.7,69.8,68.8,69.8,261500,BCM
2024-12-30,68.8,70.0,68.2,69.8,233500,BCM
2024-12-31,69.8,70.9,68.7,70.9,435100,BCM
2025-01-02,70.0,70.8,69.8,70.8,202200,BCM
2025-01-03,70.1,70.5,69.8,70.5,184100,BCM
2025-01-06,69.7,70.5,69.0,70.3,168500,BCM
2025-01-07,70.3,74.0,69.8,72.6,1282500,BCM
2025-01-08,73.1,73.7,72.5,72.6,362400,BCM
2025-01-09,72.8,73.3,71.5,71.5,292500,BCM
2025-01-10,71.5,72.2,66.5,70.0,446700,BCM
2025-01-13,69.1,69.9,68.3,69.9,226000,BCM
2025-01-14,69.9,71.2,69.4,70.0,294400,BCM
2025-01-15,70.9,70.9,69.2,69.2,182600,BCM
2025-01-16,70.0,70.0,68.4,69.3,243000,BCM
2025-01-17,68.9,69.8,68.7,69.2,133900,BCM
2025-01-20,69.2,69.5,68.6,69.1,157100,BCM
2025-01-21,69.0,69.5,68.2,68.7,237700,BCM
2025-01-22,69.0,69.1,67.4,67.4,237800,BCM
2025-01-23,67.4,68.0,67.3,68.0,177600,BCM
2025-01-24,67.8,69.3,67.4,69.3,281400,BCM
2025-02-03,68.9,70.0,68.4,70.0,288700,BCM
2025-02-04,70.0,70.5,69.7,70.3,258800,BCM
2025-02-05,70.3,71.9,70.2,71.8,347200,BCM
2025-02-06,72.4,72.4,70.8,70.8,335500,BCM
2025-02-07,70.5,71.1,70.0,70.0,303700,BCM
2025-02-10,70.0,72.9,70.0,70.9,410500,BCM
2025-02-11,71.0,71.4,70.0,70.1,233900,BCM
2025-02-12,70.3,71.5,70.0,70.5,213900,BCM
2025-02-13,70.5,70.5,69.7,70.1,164600,BCM
2025-02-14,70.9,71.2,70.1,70.1,228600,BCM
2025-02-17,70.1,70.3,69.8,69.8,279800,BCM
2025-02-18,69.8,70.0,69.3,69.5,157200,BCM
2025-02-19,69.6,71.3,69.5,71.3,494200,BCM
2025-02-20,71.6,72.4,70.8,72.4,485700,BCM
2025-02-21,72.5,75.6,72.5,74.9,1248300,BCM
2025-02-24,75.1,76.2,74.3,74.5,506700,BCM
2025-02-25,74.5,76.9,74.5,76.6,699600,BCM
2025-02-26,77.1,77.1,75.8,76.4,391900,BCM
2025-02-27,76.5,76.5,74.5,76.0,469400,BCM
2025-02-28,75.5,75.9,74.7,75.7,420300,BCM
2025-03-03,75.6,76.5,75.0,75.6,287300,BCM
2025-03-04,75.5,76.0,74.8,75.8,457000,BCM
2025-03-05,76.0,76.4,75.1,75.1,339800,BCM
2025-03-06,75.1,75.7,74.9,75.2,284600,BCM
2025-03-07,75.2,76.0,75.0,75.0,373300,BCM
2025-03-10,75.1,80.2,74.9,80.2,2435900,BCM
2025-03-11,80.6,82.2,79.6,80.2,526700,BCM
2025-03-12,80.2,82.1,79.9,80.6,827800,BCM
2025-03-13,81.0,81.0,78.6,78.8,577100,BCM
2025-03-14,79.0,79.9,78.7,79.0,657500,BCM
2024-09-04,40.08,40.87,39.79,40.45,1973073,BID
2024-09-05,40.29,40.91,40.16,40.25,1901203,BID
2024-09-06,40.25,40.91,40.2,40.74,2363275,BID
2024-09-09,40.66,40.95,40.41,40.53,1203365,BID
2024-09-10,40.74,40.74,40.04,40.08,2401313,BID
2024-09-11,40.04,40.2,39.67,39.92,1407787,BID
2024-09-12,40.08,40.25,39.96,39.96,1105781,BID
2024-09-13,39.83,40.12,39.83,39.83,747831,BID
2024-09-16,39.83,40.16,39.46,39.46,1571633,BID
2024-09-17,39.5,40.25,39.25,40.25,1364317,BID
2024-09-18,40.33,40.87,40.08,40.53,1837615,BID
2024-09-19,40.66,40.82,40.33,40.7,1357466,BID
2024-09-20,40.91,41.24,40.53,40.53,2654632,BID
2024-09-23,40.53,40.82,40.25,40.25,1218959,BID
2024-09-24,40.45,40.7,40.08,40.7,1415266,BID
2024-09-25,41.07,41.65,40.78,41.32,5261327,BID
2024-09-26,41.57,41.98,41.2,41.32,4236900,BID
2024-09-27,41.57,42.72,41.32,41.4,3206731,BID
2024-09-30,41.4,41.49,40.99,41.07,2192128,BID
2024-10-01,41.07,41.9,41.07,41.07,2820043,BID
2024-10-02,41.07,41.49,40.99,41.15,1836154,BID
2024-10-03,41.15,41.98,40.91,40.91,3506280,BID
2024-10-04,40.91,40.99,40.62,40.66,2165968,BID
2024-10-07,40.91,40.91,40.49,40.53,1494152,BID
2024-10-08,40.53,40.78,40.33,40.41,1902042,BID
2024-10-09,40.66,40.99,40.33,40.87,2192302,BID
2024-10-10,41.28,41.28,40.82,41.11,2652527,BID
2024-10-11,41.2,41.2,40.74,40.82,1540828,BID
2024-10-14,40.91,41.11,40.82,40.82,1163352,BID
2024-10-15,40.91,42.15,40.91,41.32,6931693,BID
2024-10-16,41.32,41.73,41.15,41.2,1792036,BID
2024-10-17,41.49,41.57,40.95,41.57,2120393,BID
2024-10-18,41.9,42.15,41.57,41.57,3397095,BID
2024-10-21,41.32,41.49,41.03,41.03,2126633,BID
2024-10-22,41.07,41.07,40.25,40.29,3374102,BID
2024-10-23,40.29,40.29,39.67,40.0,2398865,BID
2024-10-24,39.75,40.37,39.67,39.67,1466742,BID
2024-10-25,39.71,39.92,39.25,39.25,1697241,BID
2024-10-28,39.25,39.46,39.09,39.25,1727122,BID
2024-10-29,39.42,40.04,39.25,39.3,2177648,BID
2024-10-30,39.38,39.83,39.38,39.42,1416820,BID
2024-10-31,39.67,40.04,39.38,39.46,1793000,BID
2024-11-01,39.67,39.75,39.3,39.46,1544087,BID
2024-11-04,39.46,39.83,39.3,39.42,1338003,BID
2024-11-05,39.42,39.58,39.13,39.17,1526924,BID
2024-11-06,39.34,39.79,39.34,39.71,1083269,BID
2024-11-07,40.0,40.0,39.34,39.34,1264744,BID
2024-11-08,39.42,39.58,38.84,39.17,2650552,BID
2024-11-11,39.17,39.25,38.34,38.43,2603153,BID
2024-11-12,38.43,38.72,38.26,38.26,1688825,BID
2024-11-13,38.26,38.43,37.89,38.14,1818624,BID
2024-11-14,38.22,38.22,37.6,37.6,2001459,BID
2024-11-15,37.68,37.68,36.94,36.94,2259406,BID
2024-11-18,36.9,37.68,36.73,36.73,1916517,BID
2024-11-19,37.35,37.35,36.86,36.86,1458953,BID
2024-11-20,36.94,37.89,36.77,37.19,2190978,BID
2024-11-21,37.27,37.73,37.27,37.48,1473934,BID
2024-11-22,37.85,37.85,37.39,37.77,1876045,BID
2024-11-25,37.77,37.85,37.6,37.64,1111803,BID
2024-11-26,37.6,38.22,37.6,38.22,1840917,BID
2024-11-27,38.22,38.39,38.06,38.3,1216426,BID
2024-11-28,38.43,38.47,38.1,38.1,1286086,BID
2024-11-29,38.1,38.63,37.89,38.63,1444486,BID
2024-12-02,38.76,38.92,38.43,38.43,1315663,BID
2024-12-03,38.43,38.43,38.06,38.06,1401191,BID
2024-12-04,38.1,38.14,37.31,37.31,2401095,BID
2024-12-05,37.44,38.68,37.44,38.01,2429151,BID
2024-12-06,38.34,38.8,38.34,38.51,2499768,BID
2024-12-09,38.55,38.84,38.51,38.59,1719564,BID
2024-12-10,38.68,39.13,38.63,38.63,1945190,BID
2024-12-11,38.8,38.84,38.43,38.51,1287841,BID
2024-12-12,38.59,38.96,38.51,38.51,1936826,BID
2024-12-13,38.47,38.68,38.34,38.34,1383716,BID
2024-12-16,38.84,39.05,38.59,38.63,3249666,BID
2024-12-17,38.84,38.96,38.51,38.51,2250022,BID
2024-12-18,38.72,38.84,38.59,38.72,1662684,BID
2024-12-19,38.55,38.63,38.34,38.39,2707866,BID
2024-12-20,38.43,38.59,38.3,38.39,2994624,BID
2024-12-23,38.9,39.0,38.5,38.6,2899478,BID
2024-12-24,38.7,38.85,38.05,38.1,3219399,BID
2024-12-25,38.2,39.8,38.1,38.65,5281584,BID
2024-12-26,38.95,39.35,38.8,39.0,3886725,BID
2024-12-27,39.25,39.5,39.1,39.15,2862726,BID
2024-12-30,39.1,39.15,38.25,38.25,4013327,BID
2024-12-31,38.5,38.75,37.55,37.55,3418064,BID
2025-01-02,38.2,38.65,37.9,38.2,3162931,BID
2025-01-03,38.2,38.6,38.2,38.2,3701524,BID
2025-01-06,38.3,39.15,38.2,38.8,4820800,BID
2025-01-07,39.1,40.5,39.05,40.4,10448400,BID
2025-01-08,40.4,40.4,39.65,40.35,3125200,BID
2025-01-09,39.9,40.05,39.35,39.95,3599100,BID
2025-01-10,39.9,39.9,39.1,39.1,3114500,BID
2025-01-13,39.1,39.35,38.4,39.3,2461400,BID
2025-01-14,39.2,39.2,38.9,39.0,957600,BID
2025-01-15,39.2,39.2,38.6,39.2,1485800,BID
2025-01-16,39.2,39.5,39.05,39.4,1628500,BID
2025-01-17,39.2,39.5,39.05,39.5,1572900,BID
2025-01-20,39.45,40.1,39.4,39.9,2854300,BID
2025-01-21,40.05,40.05,39.5,39.8,2139600,BID
2025-01-22,39.8,39.8,39.45,39.5,2020900,BID
2025-01-23,39.5,40.1,39.45,39.9,2925500,BID
2025-01-24,39.9,40.0,39.75,40.0,2333900,BID
2025-02-03,39.7,39.9,39.1,39.4,3550500,BID
2025-02-04,39.5,40.1,39.15,39.65,4270900,BID
2025-02-05,39.9,39.95,39.55,39.6,2370300,BID
2025-02-06,39.65,40.0,39.6,39.8,3976100,BID
2025-02-07,39.8,40.8,39.8,40.5,8054000,BID
2025-02-10,40.5,41.2,40.1,40.35,4596700,BID
2025-02-11,40.5,40.75,40.1,40.45,2873800,BID
2025-02-12,40.35,40.45,39.9,40.0,4336000,BID
2025-02-13,40.0,40.25,39.9,40.0,2430100,BID
2025-02-14,40.35,40.85,40.15,40.65,4557800,BID
2025-02-17,40.65,40.65,40.15,40.2,2273100,BID
2025-02-18,40.1,40.65,40.05,40.5,3320100,BID
2025-02-19,40.5,40.9,40.4,40.85,5452400,BID
2025-02-20,41.0,41.05,40.65,40.9,3398400,BID
2025-02-21,40.85,41.05,40.65,40.9,2988800,BID
2025-02-24,40.9,41.4,40.7,41.1,4168600,BID
2025-02-25,41.15,41.35,41.0,41.25,4348800,BID
2025-02-26,41.2,41.25,40.95,41.2,3020100,BID
2025-02-27,41.2,41.3,40.9,40.95,2552300,BID
2025-02-28,40.95,40.95,40.7,40.95,3051600,BID
2025-03-03,40.95,41.2,40.85,40.95,1966100,BID
2025-03-04,40.8,40.9,40.4,40.8,3340100,BID
2025-03-05,40.7,41.15,40.45,40.65,2829800,BID
2025-03-06,40.65,40.9,40.55,40.8,2390500,BID
2025-03-07,40.8,41.15,40.7,41.15,4622400,BID
2025-03-10,41.3,42.0,41.2,41.4,4881700,BID
2025-03-11,40.95,41.4,40.75,41.4,3352200,BID
2025-03-12,41.35,41.4,40.85,40.9,3968100,BID
2025-03-13,40.9,40.9,40.1,40.2,3981300,BID
2025-03-14,40.2,40.4,40.05,40.4,2298100,BID
2024-09-04,98.44,99.4,97.68,99.31,63906,BMP
2024-09-05,99.5,99.98,97.01,97.58,101960,BMP
2024-09-06,96.91,99.88,96.91,99.4,164564,BMP
2024-09-09,99.4,99.5,98.06,98.16,50397,BMP
2024-09-10,98.35,103.32,98.35,102.18,552739,BMP
2024-09-11,102.18,104.28,101.12,104.09,262631,BMP
2024-09-12,104.28,107.63,104.09,104.28,339380,BMP
2024-09-13,104.47,107.15,103.8,107.05,295708,BMP
2024-09-16,107.15,110.69,106.96,110.12,569124,BMP
2024-09-17,108.11,110.69,108.11,110.69,270852,BMP
2024-09-18,110.5,110.5,108.11,108.78,196155,BMP
2024-09-19,108.78,116.33,108.11,116.33,752891,BMP
2024-09-20,116.72,118.63,116.62,117.29,134902,BMP
2024-09-23,116.72,122.36,113.85,122.36,304347,BMP
2024-09-24,122.55,122.55,119.11,119.11,195530,BMP
2024-09-25,119.11,119.49,117.48,118.15,229785,BMP
2024-09-26,117.96,121.79,117.58,121.79,355106,BMP
2024-09-27,121.41,121.41,117.58,117.96,236646,BMP
2024-09-30,117.1,117.1,113.08,113.46,352307,BMP
2024-10-01,113.37,114.8,111.93,111.93,234244,BMP
2024-10-02,111.93,113.85,110.5,110.5,281101,BMP
2024-10-03,113.85,113.85,110.88,111.17,179687,BMP
2024-10-04,111.26,111.36,110.5,110.79,104434,BMP
2024-10-07,110.88,112.03,108.01,108.78,200717,BMP
2024-10-08,108.87,116.33,108.87,116.33,678588,BMP
2024-10-09,116.33,116.33,114.13,116.33,331681,BMP
2024-10-10,116.33,116.43,113.56,114.71,179413,BMP
2024-10-11,113.18,118.54,113.18,117.58,390272,BMP
2024-10-14,117.67,117.67,116.24,116.72,177554,BMP
2024-10-15,115.76,116.72,114.04,116.72,152393,BMP
2024-10-16,116.72,120.54,116.33,119.49,442135,BMP
2024-10-17,120.54,126.09,119.68,124.37,628558,BMP
2024-10-18,126.19,126.19,121.12,122.84,253803,BMP
2024-10-21,122.84,127.53,122.46,126.76,484686,BMP
2024-10-22,126.76,130.02,123.51,123.51,447998,BMP
2024-10-23,123.51,128.2,121.69,127.72,421148,BMP
2024-10-24,129.06,129.06,125.52,127.24,257294,BMP
2024-10-25,126.57,127.34,124.18,127.05,176488,BMP
2024-10-28,128.58,129.82,124.75,129.82,274672,BMP
2024-10-29,129.82,131.55,127.72,130.02,146816,BMP
2024-10-30,130.02,131.35,128.87,131.35,227480,BMP
2024-10-31,131.83,131.83,128.48,128.68,283847,BMP
2024-11-01,128.77,130.21,127.82,127.91,513869,BMP
2024-11-04,127.91,127.91,123.51,124.37,479270,BMP
2024-11-05,124.56,125.33,124.28,124.56,168393,BMP
2024-11-06,126.67,126.67,125.52,126.28,98798,BMP
2024-11-07,127.24,127.43,124.37,124.95,184636,BMP
2024-11-08,125.52,126.28,124.37,126.28,121121,BMP
2024-11-11,127.15,127.24,125.33,127.24,194767,BMP
2024-11-12,125.81,127.24,125.81,126.76,205599,BMP
2024-11-13,127.5,127.5,123.7,125.0,164801,BMP
2024-11-14,124.3,125.5,122.0,123.5,239012,BMP
2024-11-15,123.0,123.0,118.9,121.0,179032,BMP
2024-11-18,121.0,121.0,115.0,118.6,217900,BMP
2024-11-19,118.5,119.9,116.2,116.6,128326,BMP
2024-11-20,116.9,120.6,115.5,119.6,107629,BMP
2024-11-21,120.0,120.0,117.7,120.0,66285,BMP
2024-11-22,122.0,122.0,119.0,119.5,50624,BMP
2024-11-25,119.5,119.5,117.5,117.6,92455,BMP
2024-11-26,117.6,120.3,117.6,120.3,96500,BMP
2024-11-27,120.8,120.8,119.0,119.0,72700,BMP
2024-11-28,119.0,124.0,118.9,123.6,268600,BMP
2024-11-29,124.0,126.5,124.0,126.5,310400,BMP
2024-12-02,128.5,128.5,124.0,125.0,203300,BMP
2024-12-03,124.6,124.6,123.0,123.4,248500,BMP
2024-12-04,124.0,128.4,123.1,127.2,347600,BMP
2024-12-05,125.8,132.0,125.8,126.0,266700,BMP
2024-12-06,126.6,128.0,126.0,126.6,201500,BMP
2024-12-09,127.0,128.1,124.4,125.5,176800,BMP
2024-12-10,127.0,127.0,124.3,126.0,145200,BMP
2024-12-11,126.7,126.7,124.8,125.3,140500,BMP
2024-12-12,125.0,128.0,124.8,126.8,291800,BMP
2024-12-13,127.0,127.0,125.3,125.6,119400,BMP
2024-12-16,125.6,125.9,123.5,124.0,141800,BMP
2024-12-17,123.5,124.5,122.0,122.0,253500,BMP
2024-12-18,122.0,124.0,121.9,124.0,133600,BMP
2024-12-19,122.2,125.2,122.2,125.0,231600,BMP
2024-12-20,125.0,125.8,124.2,125.0,149100,BMP
2024-12-23,125.8,133.7,125.5,133.7,965500,BMP
2024-12-24,135.0,136.9,133.7,135.2,269100,BMP
2024-12-25,135.0,137.5,131.8,137.5,333800,BMP
2024-12-26,137.5,137.5,133.6,133.6,130200,BMP
2024-12-27,134.7,134.8,130.5,134.8,341300,BMP
2024-12-30,134.4,134.4,132.0,132.7,65700,BMP
2024-12-31,132.0,135.0,131.1,131.1,118500,BMP
2025-01-02,131.2,133.7,130.9,133.1,158800,BMP
2025-01-03,132.0,135.0,132.0,133.3,188100,BMP
2025-01-06,132.6,133.9,130.1,131.0,160100,BMP
2025-01-07,131.0,136.1,130.7,134.9,329700,BMP
2025-01-08,135.0,137.0,133.1,137.0,188400,BMP
2025-01-09,136.5,137.0,134.5,135.0,169800,BMP
2025-01-10,133.3,135.4,130.0,130.0,191500,BMP
2025-01-13,129.2,130.0,127.4,128.0,199000,BMP
2025-01-14,128.0,129.9,124.0,124.0,257400,BMP
2025-01-15,125.0,126.1,123.1,124.6,181100,BMP
2025-01-16,125.2,126.9,125.1,126.8,75900,BMP
2025-01-17,126.0,127.6,125.8,127.4,97100,BMP
2025-01-20,127.9,127.9,125.0,125.0,195800,BMP
2025-01-21,125.0,126.7,125.0,125.9,114500,BMP
2025-01-22,125.9,126.7,125.0,125.2,125800,BMP
2025-01-23,124.0,125.6,123.0,125.6,431900,BMP
2025-01-24,125.2,126.8,123.6,126.8,334800,BMP
2025-02-03,126.8,126.8,123.0,123.0,222700,BMP
2025-02-04,123.1,124.2,122.4,124.0,181700,BMP
2025-02-05,124.1,124.6,123.7,124.5,71200,BMP
2025-02-06,124.8,124.8,123.5,123.7,89600,BMP
2025-02-07,124.4,124.4,123.0,123.0,144400,BMP
2025-02-10,122.0,122.2,118.9,119.0,276100,BMP
2025-02-11,118.0,120.6,118.0,119.2,159600,BMP
2025-02-12,119.6,120.1,119.2,119.4,62000,BMP
2025-02-13,119.5,119.8,119.2,119.3,51300,BMP
2025-02-14,119.5,120.2,118.6,118.6,94000,BMP
2025-02-17,118.8,121.1,118.6,118.6,170300,BMP
2025-02-18,119.5,119.5,117.7,117.7,184100,BMP
2025-02-19,117.7,118.5,117.7,118.0,171200,BMP
2025-02-20,118.1,120.2,118.1,119.4,248900,BMP
2025-02-21,120.0,120.1,118.5,118.5,182300,BMP
2025-02-24,118.5,119.6,117.9,119.3,111400,BMP
2025-02-25,119.4,119.9,118.4,118.4,152700,BMP
2025-02-26,118.5,122.4,118.5,121.1,365600,BMP
2025-02-27,122.6,122.8,120.7,121.2,160900,BMP
2025-02-28,121.1,121.1,119.3,119.5,177800,BMP
2025-03-03,119.5,121.0,119.0,119.6,157400,BMP
2025-03-04,119.7,121.3,119.6,120.6,216000,BMP
2025-03-05,121.3,126.0,120.6,125.9,656200,BMP
2025-03-06,125.5,127.5,125.0,125.9,298900,BMP
2025-03-07,126.9,126.9,124.0,124.0,241700,BMP
2025-03-10,124.7,124.7,121.4,122.1,263700,BMP
2025-03-11,121.2,124.4,120.4,124.3,206100,BMP
2025-03-12,125.0,125.0,122.5,122.6,124700,BMP
2025-03-13,123.0,123.0,120.0,120.3,212400,BMP
2025-03-14,120.2,120.9,118.1,119.0,343000,BMP
2024-09-04,48.25,49.5,48.2,49.25,581400,BSI
2024-09-05,49.45,50.4,48.6,48.8,917500,BSI
2024-09-06,48.8,49.3,48.1,48.6,433400,BSI
2024-09-09,48.05,48.85,47.8,47.8,414200,BSI
2024-09-10,48.0,48.35,46.25,46.55,1041000,BSI
2024-09-11,46.55,47.7,46.05,47.0,474800,BSI
2024-09-12,47.4,47.8,47.0,47.0,237500,BSI
2024-09-13,46.8,47.9,46.8,47.45,576700,BSI
2024-09-16,47.45,47.7,46.7,46.7,331200,BSI
2024-09-17,46.65,47.7,46.65,47.7,406300,BSI
2024-09-18,48.15,49.1,47.75,48.4,713100,BSI
2024-09-19,48.4,48.95,48.3,48.95,441400,BSI
2024-09-20,49.9,49.9,48.4,48.4,710100,BSI
2024-09-23,48.4,49.25,48.0,48.85,571100,BSI
2024-09-24,49.0,49.35,48.5,49.2,392400,BSI
2024-09-25,50.0,50.6,49.6,49.75,1277700,BSI
2024-09-26,49.75,50.0,49.25,49.4,840500,BSI
2024-09-27,49.5,49.55,49.05,49.2,614500,BSI
2024-09-30,49.2,50.1,49.0,49.7,626300,BSI
2024-10-01,50.1,52.4,49.85,52.0,2407200,BSI
2024-10-02,51.5,52.2,51.4,51.6,975300,BSI
2024-10-03,51.7,52.2,50.8,50.9,1425800,BSI
2024-10-04,50.8,52.1,50.6,51.3,976800,BSI
2024-10-07,51.9,52.2,51.3,52.2,788700,BSI
2024-10-08,52.7,52.8,50.6,50.6,1793500,BSI
2024-10-09,50.9,51.5,50.4,51.3,665500,BSI
2024-10-10,51.8,51.8,50.7,50.7,627300,BSI
2024-10-11,50.7,51.3,50.3,51.0,455400,BSI
2024-10-14,51.4,51.6,50.9,51.1,438600,BSI
2024-10-15,50.8,51.4,50.3,50.7,593300,BSI
2024-10-16,50.7,51.0,50.4,51.0,381300,BSI
2024-10-17,51.0,51.9,49.9,51.6,868400,BSI
2024-10-18,51.6,52.0,51.2,51.2,646600,BSI
2024-10-21,50.7,51.3,49.7,49.7,683800,BSI
2024-10-22,49.55,49.55,47.2,48.5,1386900,BSI
2024-10-23,48.4,49.0,47.4,48.6,366800,BSI
2024-10-24,48.6,48.6,47.55,47.55,416400,BSI
2024-10-25,47.55,47.85,47.0,47.0,344700,BSI
2024-10-28,47.1,47.95,47.05,47.8,227600,BSI
2024-10-29,47.9,48.15,47.7,48.0,217600,BSI
2024-10-30,48.2,48.3,47.25,47.55,262800,BSI
2024-10-31,47.6,48.05,47.25,47.8,288900,BSI
2024-11-01,47.7,47.8,47.0,47.1,299600,BSI
2024-11-04,46.7,48.8,46.2,47.8,502200,BSI
2024-11-05,47.4,48.0,47.4,47.65,108000,BSI
2024-11-06,48.2,48.45,47.75,48.4,338400,BSI
2024-11-07,48.8,48.8,47.9,47.9,221100,BSI
2024-11-08,48.4,48.4,47.5,48.25,446000,BSI
2024-11-11,48.25,48.65,47.4,48.0,384100,BSI
2024-11-12,48.15,48.8,47.65,47.7,416500,BSI
2024-11-13,47.75,47.75,46.9,47.7,402300,BSI
2024-11-14,47.45,47.7,44.45,44.45,752600,BSI
2024-11-15,44.0,44.5,42.9,43.3,1060100,BSI
2024-11-18,43.3,45.05,43.3,44.65,593200,BSI
2024-11-19,44.6,44.6,43.5,43.5,238300,BSI
2024-11-20,43.7,45.2,43.05,44.6,661000,BSI
2024-11-21,44.2,45.0,44.0,44.55,239000,BSI
2024-11-22,44.15,44.6,43.8,43.85,423600,BSI
2024-11-25,43.45,44.25,43.45,43.85,171500,BSI
2024-11-26,44.25,44.75,44.1,44.2,357500,BSI
2024-11-27,44.1,44.5,43.9,43.9,212900,BSI
2024-11-28,44.4,44.4,43.8,43.85,229700,BSI
2024-11-29,43.85,45.0,43.5,45.0,322200,BSI
2024-12-02,45.0,45.0,44.2,44.85,353200,BSI
2024-12-03,44.2,44.7,44.0,44.0,379200,BSI
2024-12-04,44.0,44.0,43.05,43.05,437900,BSI
2024-12-05,43.05,46.05,42.2,46.05,1132500,BSI
2024-12-06,46.05,46.3,45.5,46.25,596800,BSI
2024-12-09,45.65,46.3,45.65,46.0,446200,BSI
2024-12-10,46.0,46.3,45.6,46.3,412700,BSI
2024-12-11,46.3,47.7,45.9,47.5,1274000,BSI
2024-12-12,47.55,47.7,47.1,47.55,423200,BSI
2024-12-13,46.95,47.9,46.35,47.7,662200,BSI
2024-12-16,47.7,48.2,47.2,48.2,426200,BSI
2024-12-17,48.0,48.2,47.6,48.2,268000,BSI
2024-12-18,48.1,48.1,47.6,48.0,271400,BSI
2024-12-19,46.6,48.0,46.6,47.8,517800,BSI
2024-12-20,48.2,48.2,47.4,48.0,393000,BSI
2024-12-23,48.2,48.2,47.5,48.2,338900,BSI
2024-12-24,48.1,48.1,47.55,48.0,191900,BSI
2024-12-25,48.1,49.2,47.9,48.9,762300,BSI
2024-12-26,48.9,48.9,48.2,48.2,205700,BSI
2024-12-27,48.65,48.95,47.6,48.6,518900,BSI
2024-12-30,48.4,48.95,47.8,48.6,332400,BSI
2024-12-31,48.45,48.6,47.8,48.6,331800,BSI
2025-01-02,48.55,48.55,48.05,48.15,123300,BSI
2025-01-03,48.0,48.0,46.6,46.6,416800,BSI
2025-01-06,46.6,47.1,44.75,45.1,421000,BSI
2025-01-07,45.1,45.65,44.8,44.95,275600,BSI
2025-01-08,44.95,45.4,44.8,44.9,250000,BSI
2025-01-09,45.25,45.25,44.85,44.85,100000,BSI
2025-01-10,44.8,45.25,41.75,43.6,291100,BSI
2025-01-13,43.9,44.6,42.9,44.45,232000,BSI
2025-01-14,44.45,44.9,43.5,43.5,164500,BSI
2025-01-15,43.65,44.35,43.65,44.05,167000,BSI
2025-01-16,44.6,45.8,44.45,44.5,187500,BSI
2025-01-17,44.45,44.6,44.1,44.5,97500,BSI
2025-01-20,44.55,44.9,44.2,44.2,139400,BSI
2025-01-21,44.5,45.2,44.2,45.0,245700,BSI
2025-01-22,45.0,45.0,44.3,44.3,202200,BSI
2025-01-23,44.3,45.8,44.3,45.7,458000,BSI
2025-01-24,45.7,46.5,45.0,46.45,399100,BSI
2025-02-03,46.35,46.4,44.25,45.7,150400,BSI
2025-02-04,46.3,46.65,45.7,46.4,197700,BSI
2025-02-05,46.6,46.6,45.95,46.2,153400,BSI
2025-02-06,46.2,46.8,46.05,46.1,231600,BSI
2025-02-07,46.1,46.3,45.8,45.85,133600,BSI
2025-02-10,45.8,46.2,45.0,45.7,332700,BSI
2025-02-11,46.2,46.2,45.25,45.25,151100,BSI
2025-02-12,45.25,45.9,45.25,45.35,163300,BSI
2025-02-13,45.25,45.4,44.85,45.3,150900,BSI
2025-02-14,46.0,46.25,45.6,45.7,186500,BSI
2025-02-17,45.65,47.1,45.3,46.3,506000,BSI
2025-02-18,46.0,47.0,46.0,46.35,147400,BSI
2025-02-19,46.55,47.0,46.3,46.9,408400,BSI
2025-02-20,47.3,47.5,46.7,46.7,359700,BSI
2025-02-21,46.8,46.8,46.15,46.35,197300,BSI
2025-02-24,46.7,49.55,46.4,49.55,1963900,BSI
2025-02-25,50.5,51.2,50.1,50.7,1378900,BSI
2025-02-26,50.7,54.2,50.6,52.8,2132400,BSI
2025-02-27,53.4,54.8,52.5,53.9,1213600,BSI
2025-02-28,54.1,54.9,53.3,53.8,968500,BSI
2025-03-03,53.6,56.4,53.5,55.4,1099200,BSI
2025-03-04,55.4,56.3,53.5,55.2,1361200,BSI
2025-03-05,55.3,56.5,54.0,54.0,797200,BSI
2025-03-06,54.5,56.5,54.4,56.4,1229400,BSI
2025-03-07,56.4,56.8,55.7,55.9,922000,BSI
2025-03-10,56.3,56.7,55.1,56.0,1244900,BSI
2025-03-11,55.1,57.8,55.1,57.2,1235000,BSI
2025-03-12,57.7,57.7,56.1,56.5,901800,BSI
2025-03-13,56.6,56.9,54.5,55.8,1375700,BSI
2025-03-14,55.8,56.0,54.8,55.0,754300,BSI
2024-09-04,43.97,43.97,43.58,43.68,546244,BVH
2024-09-05,43.68,43.82,43.48,43.68,489791,BVH
2024-09-06,43.77,44.36,43.58,43.77,541316,BVH
2024-09-09,43.63,43.68,42.8,42.99,695022,BVH
2024-09-10,42.99,42.99,42.11,42.31,1195106,BVH
2024-09-11,42.02,42.36,41.92,42.11,351484,BVH
2024-09-12,42.11,42.41,41.82,41.87,411585,BVH
2024-09-13,41.67,42.36,41.53,41.77,561151,BVH
2024-09-16,41.82,42.21,41.33,41.72,430695,BVH
2024-09-17,41.67,41.87,41.48,41.87,189793,BVH
2024-09-18,42.02,42.11,41.77,41.87,248501,BVH
2024-09-19,42.16,42.16,41.87,41.92,124349,BVH
2024-09-20,42.02,42.21,41.67,42.11,745872,BVH
2024-09-23,42.11,42.8,41.82,42.8,351398,BVH
2024-09-24,42.8,42.8,42.26,42.65,269410,BVH
2024-09-25,42.46,42.6,42.26,42.36,242421,BVH
2024-09-26,42.16,42.8,42.16,42.31,215605,BVH
2024-09-27,42.36,42.5,42.21,42.31,232730,BVH
2024-09-30,42.31,42.31,41.87,41.87,298928,BVH
2024-10-01,41.82,42.46,41.72,42.41,732365,BVH
2024-10-02,42.41,42.41,42.06,42.21,402457,BVH
2024-10-03,42.31,42.6,41.82,41.92,414459,BVH
2024-10-04,41.92,42.06,41.77,41.87,212340,BVH
2024-10-07,41.92,42.16,41.87,41.97,236559,BVH
2024-10-08,42.02,42.11,41.87,41.97,178460,BVH
2024-10-09,42.02,42.26,41.87,42.26,314761,BVH
2024-10-10,42.26,42.94,42.26,42.89,901761,BVH
2024-10-11,42.99,43.43,42.85,43.09,577222,BVH
2024-10-14,43.09,43.48,42.89,42.99,293822,BVH
2024-10-15,42.6,43.04,42.6,42.7,259606,BVH
2024-10-16,42.5,42.94,42.41,42.8,254705,BVH
2024-10-17,42.75,42.99,42.5,42.99,217079,BVH
2024-10-18,42.99,43.29,42.75,42.99,410828,BVH
2024-10-21,43.14,43.24,42.75,42.75,205673,BVH
2024-10-22,42.89,42.94,42.02,42.21,192345,BVH
2024-10-23,42.21,42.36,42.11,42.31,228439,BVH
2024-10-24,42.46,42.55,42.31,42.46,156211,BVH
2024-10-25,42.5,42.55,42.31,42.36,156175,BVH
2024-10-28,42.06,42.36,42.02,42.21,70067,BVH
2024-10-29,42.46,42.46,42.21,42.26,106496,BVH
2024-10-30,42.21,42.31,41.82,41.97,165301,BVH
2024-10-31,42.02,42.36,42.02,42.02,197957,BVH
2024-11-01,42.02,42.65,42.02,42.6,306916,BVH
2024-11-04,42.65,43.38,42.6,42.8,322162,BVH
2024-11-05,42.8,43.09,42.02,42.99,212357,BVH
2024-11-06,43.04,43.14,42.85,43.14,199807,BVH
2024-11-07,43.19,43.24,42.65,42.89,250028,BVH
2024-11-08,43.14,44.16,42.89,44.12,793910,BVH
2024-11-11,44.26,44.7,44.12,44.7,1018128,BVH
2024-11-12,44.65,44.7,44.16,44.16,599875,BVH
2024-11-13,44.46,44.46,43.33,44.16,304898,BVH
2024-11-14,43.97,44.16,43.33,43.33,209216,BVH
2024-11-15,43.19,43.48,42.7,43.38,381642,BVH
2024-11-18,42.85,43.38,42.6,42.8,266408,BVH
2024-11-19,43.0,43.9,42.7,43.5,360107,BVH
2024-11-20,43.15,43.7,43.1,43.6,196859,BVH
2024-11-21,43.65,44.2,43.4,44.2,201207,BVH
2024-11-22,44.25,44.3,43.5,44.2,282661,BVH
2024-11-25,44.25,45.1,44.2,44.25,463280,BVH
2024-11-26,44.75,44.8,44.25,44.25,217829,BVH
2024-11-27,44.0,44.55,43.95,44.45,271648,BVH
2024-11-28,44.6,45.3,44.4,44.4,331715,BVH
2024-11-29,44.45,47.5,44.4,47.5,1961132,BVH
2024-12-02,48.5,49.2,48.0,49.0,1672300,BVH
2024-12-03,48.6,52.4,48.6,52.1,1834400,BVH
2024-12-04,52.0,53.0,50.9,52.0,1114300,BVH
2024-12-05,51.4,53.2,51.4,51.9,1252600,BVH
2024-12-06,52.4,53.5,51.3,52.0,902800,BVH
2024-12-09,51.8,51.9,50.9,51.7,862600,BVH
2024-12-10,51.7,53.4,51.4,52.6,1119500,BVH
2024-12-11,53.0,53.0,51.4,52.2,523100,BVH
2024-12-12,52.2,53.0,51.7,52.9,602100,BVH
2024-12-13,52.7,54.8,52.2,53.2,1403200,BVH
2024-12-16,53.0,53.1,52.2,52.3,468800,BVH
2024-12-17,52.2,53.0,52.1,52.1,538600,BVH
2024-12-18,51.9,53.0,51.7,52.2,495600,BVH
2024-12-19,52.0,53.3,51.6,52.4,892800,BVH
2024-12-20,52.0,52.8,51.1,51.2,1322900,BVH
2024-12-23,51.4,53.3,51.4,53.1,714500,BVH
2024-12-24,53.4,53.4,52.1,52.8,558700,BVH
2024-12-25,53.2,55.7,52.9,53.6,1431800,BVH
2024-12-26,53.2,53.4,52.5,52.6,653300,BVH
2024-12-27,52.4,52.6,51.9,52.3,384900,BVH
2024-12-30,51.7,53.0,51.6,52.0,360600,BVH
2024-12-31,52.0,52.1,50.7,50.7,786400,BVH
2025-01-02,51.2,52.0,50.8,51.5,614300,BVH
2025-01-03,51.3,51.4,49.75,49.75,1174600,BVH
2025-01-06,49.5,49.95,48.5,48.5,1085100,BVH
2025-01-07,48.5,49.3,48.05,48.8,712500,BVH
2025-01-08,48.25,49.8,48.25,49.4,539900,BVH
2025-01-09,49.0,49.3,48.8,49.0,435700,BVH
2025-01-10,48.8,50.1,48.6,49.5,905500,BVH
2025-01-13,49.0,49.5,48.95,49.5,332800,BVH
2025-01-14,49.5,50.8,49.5,50.8,693200,BVH
2025-01-15,50.9,51.7,50.4,51.2,770900,BVH
2025-01-16,51.6,51.6,50.1,51.2,447200,BVH
2025-01-17,51.0,52.5,51.0,52.2,732800,BVH
2025-01-20,51.9,52.4,51.6,52.2,443100,BVH
2025-01-21,52.3,53.2,51.5,52.0,987200,BVH
2025-01-22,52.0,52.1,50.7,50.7,499500,BVH
2025-01-23,50.8,51.4,50.5,50.7,563800,BVH
2025-01-24,50.8,51.2,50.3,50.8,389600,BVH
2025-02-03,50.8,51.3,50.6,50.7,390000,BVH
2025-02-04,50.7,51.4,50.7,51.4,382600,BVH
2025-02-05,51.4,51.9,50.7,51.3,415400,BVH
2025-02-06,51.4,51.6,50.8,51.2,407500,BVH
2025-02-07,51.2,53.4,51.1,52.1,1239500,BVH
2025-02-10,52.1,53.4,51.6,52.9,968500,BVH
2025-02-11,52.9,53.7,52.6,52.7,775700,BVH
2025-02-12,52.9,55.0,52.5,54.4,1456500,BVH
2025-02-13,55.3,55.3,54.1,54.4,755200,BVH
2025-02-14,54.3,55.3,53.7,54.4,1080700,BVH
2025-02-17,54.4,55.0,53.6,53.6,804200,BVH
2025-02-18,53.7,57.3,53.2,57.3,2241900,BVH
2025-02-19,57.8,57.8,56.5,56.5,429100,BVH
2025-02-20,56.5,58.4,56.5,56.9,1048400,BVH
2025-02-21,57.4,58.3,56.2,58.0,910500,BVH
2025-02-24,57.4,58.9,56.9,58.7,901200,BVH
2025-02-25,58.0,58.7,56.8,57.2,529700,BVH
2025-02-26,57.3,57.9,57.0,57.8,372300,BVH
2025-02-27,57.8,59.7,57.6,57.8,1158500,BVH
2025-02-28,57.8,57.8,56.6,56.6,767400,BVH
2025-03-03,56.3,57.0,56.2,56.9,771500,BVH
2025-03-04,56.9,56.9,55.7,56.6,677200,BVH
2025-03-05,56.6,57.3,56.1,56.6,625900,BVH
2025-03-06,57.0,57.8,56.6,57.7,877200,BVH
2025-03-07,57.7,58.1,56.7,56.7,692500,BVH
2025-03-10,56.8,57.4,55.9,56.2,692500,BVH
2025-03-11,55.9,56.5,54.5,54.9,1174700,BVH
2025-03-12,55.2,55.4,54.6,55.0,438400,BVH
2025-03-13,55.0,55.6,54.0,54.1,695300,BVH
2025-03-14,54.1,54.4,53.3,53.6,661300,BVH
2024-09-04,42.93,43.17,42.64,43.02,169977,BWE
2024-09-05,42.83,43.07,42.39,42.64,163739,BWE
2024-09-06,42.59,43.66,42.49,43.56,219980,BWE
2024-09-09,43.56,44.63,43.36,44.53,526663,BWE
2024-09-10,44.73,45.02,43.75,44.24,377138,BWE
2024-09-11,43.95,44.63,43.51,44.34,244212,BWE
2024-09-12,44.63,45.11,44.19,44.87,451588,BWE
2024-09-13,44.73,45.02,44.63,44.82,158221,BWE
2024-09-16,45.02,45.02,44.14,44.34,276485,BWE
2024-09-17,44.34,44.34,43.66,43.95,273342,BWE
2024-09-18,43.95,44.43,43.66,43.66,123773,BWE
2024-09-19,43.75,45.75,43.75,45.75,839680,BWE
2024-09-20,46.18,46.18,45.31,45.7,205442,BWE
2024-09-23,45.36,46.57,45.11,46.57,274712,BWE
2024-09-24,46.52,46.52,45.94,45.99,141506,BWE
2024-09-25,45.99,46.18,45.46,45.46,122146,BWE
2024-09-26,45.5,45.7,45.11,45.16,121720,BWE
2024-09-27,45.41,45.41,44.63,44.87,287304,BWE
2024-09-30,44.87,45.02,43.8,44.14,407014,BWE
2024-10-01,44.05,44.39,44.05,44.29,216325,BWE
2024-10-02,43.95,44.39,43.95,44.39,125695,BWE
2024-10-03,44.73,44.73,43.32,43.75,391488,BWE
2024-10-04,43.75,44.14,43.66,43.75,75001,BWE
2024-10-07,43.7,43.95,43.61,43.75,120596,BWE
2024-10-08,43.8,44.24,43.56,44.05,144888,BWE
2024-10-09,44.05,44.09,43.75,43.75,116754,BWE
2024-10-10,43.95,44.14,43.61,44.05,171741,BWE
2024-10-11,44.43,44.97,44.14,44.73,238245,BWE
2024-10-14,44.73,45.31,44.34,44.77,87506,BWE
2024-10-15,44.73,44.73,43.85,44.19,202715,BWE
2024-10-16,44.19,44.92,43.95,44.77,188322,BWE
2024-10-17,44.77,44.92,43.7,44.34,296869,BWE
2024-10-18,44.05,44.19,43.75,43.95,108844,BWE
2024-10-21,43.95,44.05,43.75,43.95,68742,BWE
2024-10-22,43.95,43.95,43.75,43.75,172182,BWE
2024-10-23,43.75,43.75,43.36,43.46,299271,BWE
2024-10-24,43.32,43.36,42.83,42.93,424760,BWE
2024-10-25,42.93,43.46,42.88,43.46,92392,BWE
2024-10-28,43.46,43.46,43.22,43.32,162749,BWE
2024-10-29,43.32,44.24,43.32,44.24,284039,BWE
2024-10-30,44.24,44.24,43.41,43.75,74795,BWE
2024-10-31,43.75,43.75,43.32,43.75,149327,BWE
2024-11-01,43.41,44.14,43.27,44.14,212939,BWE
2024-11-04,44.14,44.14,43.75,43.75,73484,BWE
2024-11-05,43.75,44.19,43.61,43.85,126416,BWE
2024-11-06,43.85,44.0,43.75,43.95,174563,BWE
2024-11-07,43.95,44.14,43.9,44.05,46585,BWE
2024-11-08,44.19,45.11,44.05,44.58,281383,BWE
2024-11-11,44.73,44.73,44.53,44.68,363934,BWE
2024-11-12,44.63,44.77,43.75,44.24,365961,BWE
2024-11-13,44.14,44.14,43.66,43.66,112532,BWE
2024-11-14,43.51,43.85,43.36,43.36,89999,BWE
2024-11-15,43.36,43.51,40.93,42.3,168314,BWE
2024-11-18,41.66,42.83,41.66,42.39,62735,BWE
2024-11-19,43.51,43.95,42.78,43.17,230547,BWE
2024-11-20,43.02,44.05,42.59,43.75,172649,BWE
2024-11-21,43.75,43.85,43.27,43.7,64219,BWE
2024-11-22,43.41,43.75,43.27,43.36,76145,BWE
2024-11-25,43.22,44.09,43.17,43.66,226191,BWE
2024-11-26,43.66,44.14,43.66,44.05,75068,BWE
2024-11-27,44.05,44.29,43.46,44.24,67709,BWE
2024-11-28,44.24,44.24,43.75,43.75,12741,BWE
2024-11-29,44.19,46.72,43.7,46.72,130932,BWE
2024-12-02,45.7,45.75,44.73,45.7,318086,BWE
2024-12-03,44.82,45.75,44.82,45.7,191822,BWE
2024-12-04,45.8,46.38,45.55,45.99,250157,BWE
2024-12-05,45.99,46.28,45.7,45.8,116875,BWE
2024-12-06,46.09,46.23,45.46,45.46,69145,BWE
2024-12-09,45.46,45.46,44.53,44.53,173239,BWE
2024-12-10,45.02,45.02,44.34,44.53,188797,BWE
2024-12-11,44.53,44.82,44.29,44.29,124754,BWE
2024-12-12,44.73,44.73,44.34,44.53,72531,BWE
2024-12-13,44.53,44.73,44.24,44.58,17569,BWE
2024-12-16,45.21,45.21,44.58,45.02,102977,BWE
2024-12-17,45.6,45.6,44.58,44.68,111820,BWE
2024-12-18,44.58,44.92,44.58,44.58,38990,BWE
2024-12-19,44.34,45.02,44.24,44.48,126455,BWE
2024-12-20,44.48,45.21,44.43,44.92,47962,BWE
2024-12-23,44.92,45.46,44.92,45.46,68059,BWE
2024-12-24,45.46,45.6,45.02,45.41,40988,BWE
2024-12-25,45.41,45.55,45.21,45.31,109872,BWE
2024-12-26,45.6,46.18,45.07,46.18,182612,BWE
2024-12-27,46.52,46.52,45.8,45.84,50007,BWE
2024-12-30,45.84,45.84,44.97,45.65,62782,BWE
2024-12-31,45.46,46.48,45.02,46.18,242944,BWE
2025-01-02,46.38,46.38,45.7,45.8,20332,BWE
2025-01-03,46.18,46.18,45.41,45.41,58257,BWE
2025-01-06,45.41,45.41,44.73,44.73,61374,BWE
2025-01-07,44.73,45.36,44.73,44.77,51730,BWE
2025-01-08,44.77,45.11,44.68,44.82,36730,BWE
2025-01-09,44.87,45.5,44.77,45.46,48634,BWE
2025-01-10,45.6,45.7,45.11,45.21,48160,BWE
2025-01-13,45.21,45.7,44.58,45.7,99684,BWE
2025-01-14,45.7,45.99,45.41,45.7,102479,BWE
2025-01-15,45.7,45.99,45.26,45.26,67310,BWE
2025-01-16,45.55,45.6,45.02,45.02,34106,BWE
2025-01-17,44.92,45.21,44.87,44.92,80276,BWE
2025-01-20,44.92,45.21,44.92,45.11,43813,BWE
2025-01-21,45.5,45.65,45.21,45.6,82599,BWE
2025-01-22,45.75,45.75,44.87,45.26,48161,BWE
2025-01-23,45.26,45.94,44.97,45.7,129544,BWE
2025-01-24,45.94,45.94,45.41,45.6,117926,BWE
2025-02-03,45.7,45.7,45.02,45.02,152647,BWE
2025-02-04,45.6,45.6,44.73,44.82,167395,BWE
2025-02-05,45.11,45.7,44.82,45.55,145239,BWE
2025-02-06,45.89,47.64,45.02,46.77,284183,BWE
2025-02-07,46.77,47.06,46.38,46.48,171177,BWE
2025-02-10,46.48,46.52,45.5,45.55,241934,BWE
2025-02-11,45.55,46.0,45.55,45.7,205453,BWE
2025-02-12,45.7,46.0,45.5,45.7,278927,BWE
2025-02-13,46.0,46.1,45.7,45.75,102460,BWE
2025-02-14,46.0,46.5,45.75,45.75,103052,BWE
2025-02-17,45.9,45.9,45.2,45.3,149337,BWE
2025-02-18,45.2,45.4,45.0,45.3,139602,BWE
2025-02-19,45.3,45.7,44.7,44.8,321341,BWE
2025-02-20,44.95,45.3,44.95,45.1,224660,BWE
2025-02-21,45.1,45.8,44.9,45.0,248577,BWE
2025-02-24,45.0,45.4,44.6,45.0,195800,BWE
2025-02-25,45.0,45.25,44.8,45.0,78500,BWE
2025-02-26,45.15,45.15,44.9,45.0,136700,BWE
2025-02-27,45.0,45.4,44.95,45.1,105000,BWE
2025-02-28,45.1,45.5,45.0,45.0,105500,BWE
2025-03-03,45.0,45.5,45.0,45.5,201000,BWE
2025-03-04,45.2,45.3,44.85,45.2,81600,BWE
2025-03-05,45.2,45.6,44.8,44.9,110400,BWE
2025-03-06,44.9,45.5,44.8,44.9,177300,BWE
2025-03-07,44.9,44.95,44.7,44.9,141300,BWE
2025-03-10,45.3,45.3,44.9,44.9,72700,BWE
2025-03-11,44.9,44.9,44.4,44.9,166800,BWE
2025-03-12,44.8,44.8,44.4,44.4,216900,BWE
2025-03-13,44.6,44.6,44.0,44.0,239900,BWE
2025-03-14,44.0,44.1,43.9,43.9,138400,BWE
2024-09-04,14.68,15.17,14.64,15.07,4070336,CII
2024-09-05,15.12,15.22,14.78,14.88,2031032,CII
2024-09-06,14.88,14.93,14.68,14.78,2316777,CII
2024-09-09,14.73,14.93,14.68,14.78,1877280,CII
2024-09-10,14.83,14.93,14.49,14.54,2613156,CII
2024-09-11,14.54,14.59,14.25,14.35,2500863,CII
2024-09-12,14.49,14.59,14.44,14.44,1545592,CII
2024-09-13,14.44,14.54,14.35,14.49,1243684,CII
2024-09-16,14.49,14.64,14.35,14.35,1696310,CII
2024-09-17,14.35,14.68,14.3,14.68,1825646,CII
2024-09-18,14.59,14.73,14.54,14.64,1662915,CII
2024-09-19,14.68,14.78,14.64,14.73,2242640,CII
2024-09-20,14.83,14.88,14.68,14.68,2064537,CII
2024-09-23,14.78,14.83,14.59,14.59,1458146,CII
2024-09-24,14.59,14.68,14.54,14.59,2535282,CII
2024-09-25,14.73,15.07,14.68,14.97,5018937,CII
2024-09-26,14.93,15.02,14.83,14.97,5199077,CII
2024-09-27,15.02,15.31,14.97,14.97,4681661,CII
2024-09-30,14.88,15.02,14.83,14.97,2334128,CII
2024-10-01,15.07,15.22,14.97,15.07,5490916,CII
2024-10-02,15.02,15.02,14.83,14.83,2713428,CII
2024-10-03,14.88,14.97,14.49,14.49,4090478,CII
2024-10-04,14.59,14.64,14.49,14.49,1716922,CII
2024-10-07,14.64,14.64,14.44,14.49,1212145,CII
2024-10-08,14.68,15.07,14.64,14.73,3862614,CII
2024-10-09,14.83,14.93,14.78,14.88,1579126,CII
2024-10-10,14.93,14.97,14.78,14.78,1614353,CII
2024-10-11,14.83,14.88,14.73,14.88,2064316,CII
2024-10-14,14.97,15.65,14.88,15.51,11929660,CII
2024-10-15,15.51,15.6,15.17,15.26,3775677,CII
2024-10-16,15.31,15.31,14.83,15.02,5600196,CII
2024-10-17,15.07,15.36,14.93,15.36,5650396,CII
2024-10-18,15.41,15.55,15.22,15.22,3895974,CII
2024-10-21,15.26,15.26,14.97,14.97,4600416,CII
2024-10-22,14.93,15.22,14.73,14.88,4202488,CII
2024-10-23,14.88,15.17,14.78,15.02,3570029,CII
2024-10-24,15.02,15.07,14.73,14.73,2253749,CII
2024-10-25,14.78,15.07,14.73,14.88,3754263,CII
2024-10-28,14.88,14.97,14.83,14.93,1146134,CII
2024-10-29,14.97,15.12,14.83,14.93,2964495,CII
2024-10-30,14.97,15.02,14.68,14.88,2695586,CII
2024-10-31,14.83,14.88,14.68,14.73,2139267,CII
2024-11-01,14.68,14.83,14.59,14.59,2525851,CII
2024-11-04,14.59,14.68,14.35,14.35,2516506,CII
2024-11-05,14.35,14.49,14.35,14.39,1158414,CII
2024-11-06,14.49,14.59,14.39,14.59,2185957,CII
2024-11-07,14.64,14.78,14.54,14.54,1499190,CII
2024-11-08,14.54,14.59,14.39,14.39,1480228,CII
2024-11-11,14.44,14.49,14.2,14.2,2450489,CII
2024-11-12,14.3,14.35,14.11,14.2,2351211,CII
2024-11-13,14.11,14.2,13.96,14.01,2644793,CII
2024-11-14,14.01,14.11,13.62,13.62,2283037,CII
2024-11-15,13.67,13.67,13.38,13.38,4129261,CII
2024-11-18,13.38,13.62,13.38,13.53,2081994,CII
2024-11-19,13.57,13.62,13.43,13.43,1217639,CII
2024-11-20,13.43,13.91,13.38,13.77,1845899,CII
2024-11-21,13.77,13.77,13.62,13.77,758246,CII
2024-11-22,13.67,13.82,13.62,13.67,1945166,CII
2024-11-25,13.67,13.82,13.67,13.77,1112576,CII
2024-11-26,13.77,13.91,13.77,13.86,1486900,CII
2024-11-27,13.86,13.91,13.72,13.82,942102,CII
2024-11-28,13.82,13.91,13.67,13.72,1286424,CII
2024-11-29,13.67,13.77,13.57,13.62,1287612,CII
2024-12-02,13.67,14.15,13.67,13.91,3959767,CII
2024-12-03,13.91,14.11,13.86,13.86,2607003,CII
2024-12-04,13.86,13.91,13.72,13.72,2539938,CII
2024-12-05,13.72,14.11,13.57,14.11,3186641,CII
2024-12-06,14.15,14.2,13.91,14.11,1990844,CII
2024-12-09,14.11,14.2,14.06,14.06,2000150,CII
2024-12-10,14.01,14.11,13.96,14.06,1867869,CII
2024-12-11,14.06,14.11,13.91,13.96,1583344,CII
2024-12-12,14.06,14.06,13.86,13.86,1273942,CII
2024-12-13,13.86,13.86,13.62,13.67,1927409,CII
2024-12-16,13.67,13.77,13.62,13.72,1195494,CII
2024-12-17,13.77,13.77,13.67,13.72,599777,CII
2024-12-18,13.77,14.3,13.77,14.01,3942327,CII
2024-12-19,13.91,14.01,13.82,13.86,1861315,CII
2024-12-20,13.86,13.96,13.82,13.82,1387042,CII
2024-12-23,13.91,14.01,13.86,13.91,1529692,CII
2024-12-24,13.96,13.96,13.77,13.86,1742906,CII
2024-12-25,13.96,14.44,13.91,14.25,6409778,CII
2024-12-26,14.25,14.3,14.15,14.15,1661749,CII
2024-12-27,14.15,14.25,14.0,14.0,2433615,CII
2024-12-30,14.05,14.15,13.95,13.95,1392527,CII
2024-12-31,13.95,14.05,13.9,13.95,1130248,CII
2025-01-02,14.0,14.05,13.95,14.0,1172109,CII
2025-01-03,13.95,14.0,13.8,13.8,1707955,CII
2025-01-06,13.8,13.9,13.55,13.55,1857774,CII
2025-01-07,13.55,13.65,13.2,13.2,2552394,CII
2025-01-08,13.15,13.35,13.15,13.25,1572156,CII
2025-01-09,13.25,13.5,13.25,13.4,1481700,CII
2025-01-10,13.4,13.4,13.15,13.2,1665100,CII
2025-01-13,13.2,13.35,13.1,13.3,1499500,CII
2025-01-14,13.35,13.4,13.2,13.25,1138400,CII
2025-01-15,13.25,13.75,13.25,13.55,2947000,CII
2025-01-16,13.7,13.75,13.5,13.55,1303700,CII
2025-01-17,13.55,13.65,13.5,13.55,1410700,CII
2025-01-20,13.55,13.8,13.55,13.6,4010000,CII
2025-01-21,13.7,13.7,13.45,13.55,1235400,CII
2025-01-22,13.55,13.55,13.25,13.25,2054200,CII
2025-01-23,13.3,13.4,13.25,13.3,1748800,CII
2025-01-24,13.3,13.35,13.25,13.25,1720100,CII
2025-02-03,13.3,13.45,13.25,13.35,1343900,CII
2025-02-04,13.45,13.7,13.4,13.7,2411100,CII
2025-02-05,13.8,13.85,13.6,13.65,2492000,CII
2025-02-06,13.65,13.75,13.5,13.55,2012000,CII
2025-02-07,14.0,14.45,13.95,14.45,17591000,CII
2025-02-10,14.7,14.8,14.4,14.55,6984900,CII
2025-02-11,14.6,14.7,14.35,14.4,5720400,CII
2025-02-12,14.35,14.65,14.35,14.35,6606400,CII
2025-02-13,14.4,14.4,14.1,14.25,5254100,CII
2025-02-14,14.3,14.45,14.2,14.25,4626000,CII
2025-02-17,14.25,14.65,14.2,14.3,11942100,CII
2025-02-18,14.5,14.8,14.4,14.45,7525000,CII
2025-02-19,14.5,14.6,14.35,14.55,8505600,CII
2025-02-20,14.55,14.9,14.55,14.65,9915500,CII
2025-02-21,14.55,14.8,14.4,14.45,7275100,CII
2025-02-24,13.5,14.0,13.5,13.75,31962400,CII
2025-02-25,14.0,14.0,13.7,13.8,11585500,CII
2025-02-26,13.75,13.9,13.7,13.7,9259700,CII
2025-02-27,13.8,13.8,13.65,13.8,8816600,CII
2025-02-28,13.8,14.25,13.8,14.15,18805000,CII
2025-03-03,14.3,14.35,14.15,14.25,9345100,CII
2025-03-04,14.2,14.4,14.1,14.2,9967800,CII
2025-03-05,14.2,14.3,13.95,13.95,7250900,CII
2025-03-06,14.1,14.1,13.9,14.1,6393400,CII
2025-03-07,14.15,14.4,14.1,14.15,10053400,CII
2025-03-10,14.25,14.45,14.1,14.25,10193800,CII
2025-03-11,14.05,14.4,14.0,14.3,8962700,CII
2025-03-12,14.4,14.4,14.15,14.15,5898500,CII
2025-03-13,14.2,14.25,13.95,14.0,8221800,CII
2025-03-14,14.0,14.15,13.9,14.1,7484100,CII
2024-09-04,46.67,47.75,46.67,47.75,636296,CMG
2024-09-05,47.75,47.75,46.85,46.94,592904,CMG
2024-09-06,46.85,47.21,46.31,46.67,456139,CMG
2024-09-09,46.4,46.58,45.77,45.95,520183,CMG
2024-09-10,45.86,46.22,44.59,44.59,588765,CMG
2024-09-11,45.04,45.59,44.55,45.32,446870,CMG
2024-09-12,45.95,46.04,45.5,45.77,231618,CMG
2024-09-13,45.95,46.4,45.23,46.04,387792,CMG
2024-09-16,46.04,46.31,45.41,45.41,296024,CMG
2024-09-17,45.23,45.86,45.04,45.86,279953,CMG
2024-09-18,46.04,48.02,45.95,47.3,1328220,CMG
2024-09-19,47.39,47.66,46.49,47.03,493358,CMG
2024-09-20,47.75,48.02,46.94,46.94,651105,CMG
2024-09-23,47.3,47.3,45.95,46.04,615720,CMG
2024-09-24,46.4,46.67,46.04,46.67,280197,CMG
2024-09-25,46.85,47.03,46.31,46.4,515795,CMG
2024-09-26,46.67,46.94,46.04,46.4,577257,CMG
2024-09-27,46.31,46.76,45.77,45.95,458174,CMG
2024-09-30,45.95,46.13,45.77,45.77,291695,CMG
2024-10-01,45.95,47.21,45.95,46.76,883188,CMG
2024-10-02,46.49,46.58,45.95,46.04,293227,CMG
2024-10-03,46.22,46.49,45.41,45.41,533557,CMG
2024-10-04,45.5,45.86,45.23,45.23,340068,CMG
2024-10-07,45.5,45.59,45.14,45.23,220630,CMG
2024-10-08,45.23,45.32,44.68,44.77,402010,CMG
2024-10-09,44.82,46.13,44.82,45.95,352100,CMG
2024-10-10,46.4,48.47,46.13,48.2,2913396,CMG
2024-10-11,48.38,48.38,47.57,47.75,521857,CMG
2024-10-14,48.2,49.37,47.75,47.84,690963,CMG
2024-10-15,47.84,48.11,46.49,46.85,908123,CMG
2024-10-16,46.76,47.39,46.58,46.85,429761,CMG
2024-10-17,47.03,47.66,46.85,47.48,405571,CMG
2024-10-18,47.48,47.75,46.94,46.94,406925,CMG
2024-10-21,46.94,48.11,46.85,48.11,1384379,CMG
2024-10-22,48.11,48.2,44.91,46.58,667674,CMG
2024-10-23,46.67,46.76,46.13,46.31,420397,CMG
2024-10-24,46.31,46.31,45.5,45.59,625751,CMG
2024-10-25,45.68,45.86,45.32,45.68,175868,CMG
2024-10-28,45.86,46.58,45.77,46.22,301337,CMG
2024-10-29,46.22,48.2,46.22,47.57,1046505,CMG
2024-10-30,48.02,48.02,47.12,47.48,306239,CMG
2024-10-31,47.57,47.57,46.76,46.76,410231,CMG
2024-11-01,46.49,46.58,45.59,45.59,996535,CMG
2024-11-04,45.5,46.31,45.04,46.22,671031,CMG
2024-11-05,45.68,46.22,45.5,45.5,594518,CMG
2024-11-06,46.04,46.22,45.77,46.13,525898,CMG
2024-11-07,46.76,49.28,46.31,47.75,4191105,CMG
2024-11-08,48.2,49.73,47.93,48.38,4893843,CMG
2024-11-11,49.19,51.71,49.19,51.71,7480277,CMG
2024-11-12,52.7,52.97,50.9,52.61,2819767,CMG
2024-11-13,51.8,52.97,51.35,52.97,2998159,CMG
2024-11-14,53.15,53.6,50.63,51.35,2626910,CMG
2024-11-15,50.63,52.7,49.28,52.16,4616552,CMG
2024-11-18,52.16,52.25,50.45,51.98,1617836,CMG
2024-11-19,52.16,52.16,48.38,48.38,3053623,CMG
2024-11-20,47.75,48.56,45.5,48.47,2753669,CMG
2024-11-21,48.47,48.65,47.3,48.65,1050319,CMG
2024-11-22,49.01,50.0,47.84,48.02,2130900,CMG
2024-11-25,47.48,48.2,46.49,47.57,2206760,CMG
2024-11-26,47.48,48.29,46.85,48.02,1732674,CMG
2024-11-27,47.93,49.28,47.57,48.65,2366579,CMG
2024-11-28,49.1,50.0,48.47,49.01,2216282,CMG
2024-11-29,49.19,51.8,49.19,51.17,3614653,CMG
2024-12-02,51.98,51.98,50.27,50.72,1718957,CMG
2024-12-03,50.81,53.78,50.63,52.52,4355275,CMG
2024-12-04,52.52,52.52,50.9,50.9,2942026,CMG
2024-12-05,50.99,52.07,50.09,51.35,3681215,CMG
2024-12-06,52.79,53.51,51.71,52.16,2865901,CMG
2024-12-09,52.61,52.7,50.99,51.08,2719333,CMG
2024-12-10,51.08,51.44,50.09,50.99,2966478,CMG
2024-12-11,51.26,52.61,50.99,51.35,2241440,CMG
2024-12-12,51.44,51.89,50.18,50.18,2566762,CMG
2024-12-13,49.82,50.09,48.83,48.83,3119697,CMG
2024-12-16,49.1,50.27,48.83,50.18,1835921,CMG
2024-12-17,50.18,50.36,49.37,49.55,1095523,CMG
2024-12-18,49.64,50.27,49.64,50.09,1391045,CMG
2024-12-19,49.55,51.08,49.1,50.9,2981965,CMG
2024-12-20,51.17,51.62,50.72,50.9,2138958,CMG
2024-12-23,51.08,51.26,50.09,50.27,2383356,CMG
2024-12-24,50.27,50.63,49.28,49.55,2270828,CMG
2024-12-25,50.27,50.99,49.91,50.36,2060886,CMG
2024-12-26,50.81,50.81,49.91,49.91,1404999,CMG
2024-12-27,49.73,49.91,48.47,48.56,3247391,CMG
2024-12-30,49.0,49.5,49.0,49.1,965855,CMG
2024-12-31,49.3,49.85,48.95,49.25,960004,CMG
2025-01-02,49.5,49.5,49.0,49.3,514663,CMG
2025-01-03,49.3,50.4,49.25,49.35,1897073,CMG
2025-01-06,49.4,49.75,48.5,49.0,1151971,CMG
2025-01-07,49.1,49.3,48.0,48.15,1658112,CMG
2025-01-08,48.25,48.25,47.0,47.2,1774870,CMG
2025-01-09,47.3,47.45,46.0,46.0,1647467,CMG
2025-01-10,46.0,46.4,44.65,44.65,1787467,CMG
2025-01-13,44.3,44.9,43.9,44.8,1582000,CMG
2025-01-14,45.3,45.45,44.8,44.8,585600,CMG
2025-01-15,45.2,45.3,45.0,45.1,466800,CMG
2025-01-16,45.8,46.4,45.5,46.1,956900,CMG
2025-01-17,46.1,47.5,46.0,47.45,1356800,CMG
2025-01-20,47.8,47.8,46.6,46.6,674100,CMG
2025-01-21,46.65,47.45,46.65,46.95,670000,CMG
2025-01-22,47.0,47.35,46.4,46.4,544400,CMG
2025-01-23,47.0,48.2,46.8,47.5,882600,CMG
2025-01-24,47.6,47.9,46.9,47.1,730300,CMG
2025-02-03,44.3,45.55,44.3,44.8,1986700,CMG
2025-02-04,45.2,45.5,45.05,45.4,794800,CMG
2025-02-05,45.6,46.0,45.35,45.8,773100,CMG
2025-02-06,46.0,46.1,45.0,45.2,745500,CMG
2025-02-07,45.2,45.3,44.95,44.95,928400,CMG
2025-02-10,44.95,44.95,44.05,44.05,1854100,CMG
2025-02-11,44.3,44.85,44.15,44.65,800400,CMG
2025-02-12,44.8,45.75,44.8,45.35,862700,CMG
2025-02-13,45.5,45.5,45.0,45.25,564500,CMG
2025-02-14,45.6,45.6,45.0,45.0,811200,CMG
2025-02-17,45.0,45.0,44.55,44.55,917400,CMG
2025-02-18,44.6,44.9,44.5,44.6,590500,CMG
2025-02-19,44.65,45.3,44.5,45.25,1060600,CMG
2025-02-20,45.35,45.45,44.85,44.9,676700,CMG
2025-02-21,45.0,45.0,44.55,44.7,880000,CMG
2025-02-24,44.7,44.7,44.0,44.15,1668600,CMG
2025-02-25,44.3,44.6,44.0,44.2,939900,CMG
2025-02-26,44.25,45.0,44.2,44.6,952600,CMG
2025-02-27,44.9,44.9,44.3,44.45,526300,CMG
2025-02-28,44.45,44.65,44.25,44.4,793900,CMG
2025-03-03,44.4,44.8,44.3,44.35,646400,CMG
2025-03-04,44.15,44.25,43.85,44.15,1093200,CMG
2025-03-05,44.15,44.65,44.0,44.0,644900,CMG
2025-03-06,44.15,44.8,44.0,44.6,1053600,CMG
2025-03-07,44.8,44.85,44.3,44.35,596200,CMG
2025-03-10,44.5,44.5,43.9,43.95,910000,CMG
2025-03-11,43.05,43.3,42.95,43.1,1602500,CMG
2025-03-12,43.1,43.35,42.25,42.25,1808600,CMG
2025-03-13,42.5,43.4,42.4,42.45,843900,CMG
2025-03-14,42.8,42.8,41.3,41.5,1205300,CMG
2024-09-04,61.97,63.74,61.67,62.76,561157,CTD
2024-09-05,63.25,63.35,62.07,62.17,248568,CTD
2024-09-06,62.17,62.46,61.38,61.67,359177,CTD
2024-09-09,61.67,62.26,60.89,60.89,334326,CTD
2024-09-10,61.18,61.77,59.9,60.1,385923,CTD
2024-09-11,60.49,61.18,59.9,61.08,548317,CTD
2024-09-12,61.08,61.77,61.08,61.38,285646,CTD
2024-09-13,61.18,61.48,60.1,60.69,232266,CTD
2024-09-16,60.79,61.48,56.45,58.13,1214746,CTD
2024-09-17,58.13,59.51,58.13,59.41,258376,CTD
2024-09-18,59.41,60.39,59.41,59.7,361408,CTD
2024-09-19,60.0,60.98,59.9,60.59,609930,CTD
2024-09-20,61.28,61.58,60.59,60.79,451579,CTD
2024-09-23,60.89,60.98,60.29,60.49,213530,CTD
2024-09-24,60.98,63.15,60.59,63.15,1293445,CTD
2024-09-25,63.84,63.84,62.95,63.25,382724,CTD
2024-09-26,63.35,64.33,62.95,63.64,863888,CTD
2024-09-27,63.84,64.24,63.05,63.55,401984,CTD
2024-09-30,63.55,63.55,62.76,62.86,433580,CTD
2024-10-01,62.95,63.55,62.66,62.76,583129,CTD
2024-10-02,62.36,62.76,61.38,61.67,835849,CTD
2024-10-03,61.97,62.17,60.59,60.79,827125,CTD
2024-10-04,60.79,61.28,60.59,60.59,282312,CTD
2024-10-07,60.98,60.98,60.39,60.49,402221,CTD
2024-10-08,60.49,61.28,60.49,61.08,278834,CTD
2024-10-09,60.89,61.48,60.59,61.48,383105,CTD
2024-10-10,61.67,61.67,60.89,60.98,347469,CTD
2024-10-11,60.98,62.76,60.98,62.26,821746,CTD
2024-10-14,62.76,63.74,62.26,63.55,869457,CTD
2024-10-15,63.55,63.55,62.26,62.36,493368,CTD
2024-10-16,62.36,62.46,61.77,62.26,403472,CTD
2024-10-17,62.66,62.76,61.38,62.17,421928,CTD
2024-10-18,63.05,63.05,62.17,62.46,392946,CTD
2024-10-21,62.46,64.83,62.46,64.04,1767844,CTD
2024-10-22,64.04,66.4,63.64,66.11,2106553,CTD
2024-10-23,66.11,66.11,65.32,65.81,587821,CTD
2024-10-24,65.81,66.8,64.73,65.02,1240913,CTD
2024-10-25,65.22,66.9,65.12,66.6,1360399,CTD
2024-10-28,67.09,67.49,66.21,67.09,641097,CTD
2024-10-29,67.09,68.77,66.11,66.6,1586348,CTD
2024-10-30,66.8,66.8,65.02,66.01,800684,CTD
2024-10-31,66.11,67.68,66.11,66.21,656067,CTD
2024-11-01,65.61,66.9,65.02,66.9,638591,CTD
2024-11-04,65.91,66.01,65.12,65.61,487301,CTD
2024-11-05,65.91,66.21,65.52,65.71,297866,CTD
2024-11-06,66.3,67.68,65.91,67.39,1681941,CTD
2024-11-07,67.98,69.56,67.39,68.67,1398748,CTD
2024-11-08,68.77,69.56,68.08,68.67,731651,CTD
2024-11-11,68.57,68.57,67.09,68.27,975653,CTD
2024-11-12,68.27,69.75,68.27,69.46,1586109,CTD
2024-11-13,69.75,69.75,68.37,69.46,501120,CTD
2024-11-14,68.96,69.36,65.32,65.32,1158806,CTD
2024-11-15,65.22,66.21,64.14,65.02,1417324,CTD
2024-11-18,65.02,65.52,62.26,64.53,1216083,CTD
2024-11-19,64.53,64.53,62.36,63.55,690115,CTD
2024-11-20,63.35,65.61,62.26,64.43,959708,CTD
2024-11-21,64.24,64.63,63.35,64.43,373824,CTD
2024-11-22,64.43,65.52,63.84,64.33,634525,CTD
2024-11-25,64.24,65.22,64.24,64.92,423456,CTD
2024-11-26,65.02,65.42,64.53,65.22,641061,CTD
2024-11-27,65.42,65.52,64.14,64.53,407285,CTD
2024-11-28,64.83,65.12,64.04,64.43,367093,CTD
2024-11-29,64.14,65.02,63.94,64.83,628348,CTD
2024-12-02,65.12,66.9,64.24,66.01,1122035,CTD
2024-12-03,65.81,66.21,65.52,65.91,539239,CTD
2024-12-04,65.81,66.01,64.83,65.52,634877,CTD
2024-12-05,65.32,66.5,64.83,66.4,1294536,CTD
2024-12-06,66.7,67.39,66.21,66.21,749291,CTD
2024-12-09,66.21,67.78,66.11,66.8,983265,CTD
2024-12-10,67.19,67.58,66.5,67.29,881285,CTD
2024-12-11,67.19,67.39,66.3,66.4,641591,CTD
2024-12-12,66.4,66.8,65.52,65.52,632265,CTD
2024-12-13,65.22,65.81,65.02,65.12,533191,CTD
2024-12-16,65.12,65.52,64.92,65.52,425893,CTD
2024-12-17,65.61,66.3,65.61,66.11,544383,CTD
2024-12-18,66.4,66.5,65.71,65.91,515016,CTD
2024-12-19,65.32,65.71,64.63,65.22,1147217,CTD
2024-12-20,65.12,66.6,65.12,66.3,592934,CTD
2024-12-23,66.6,66.6,66.11,66.5,605856,CTD
2024-12-24,66.9,66.9,66.0,66.3,548382,CTD
2024-12-25,66.3,69.0,66.3,68.8,2491655,CTD
2024-12-26,68.8,69.0,68.2,69.0,742980,CTD
2024-12-27,69.0,69.2,68.0,68.2,638067,CTD
2024-12-30,68.2,68.9,67.7,68.8,478879,CTD
2024-12-31,68.7,68.7,68.1,68.7,388936,CTD
2025-01-02,68.8,70.8,68.8,69.6,1295235,CTD
2025-01-03,69.9,69.9,68.2,68.2,776430,CTD
2025-01-06,68.6,69.9,68.2,69.2,1236257,CTD
2025-01-07,69.4,69.4,67.9,68.8,554600,CTD
2025-01-08,68.7,68.8,67.6,68.1,630100,CTD
2025-01-09,68.4,69.4,67.8,69.0,524600,CTD
2025-01-10,69.0,71.4,68.7,69.3,1348300,CTD
2025-01-13,69.3,72.6,68.7,71.2,1618400,CTD
2025-01-14,71.5,71.9,70.6,70.8,747600,CTD
2025-01-15,70.8,72.1,70.7,71.4,1064900,CTD
2025-01-16,72.0,72.9,71.1,72.9,1518900,CTD
2025-01-17,72.9,74.7,72.6,74.0,1663500,CTD
2025-01-20,73.9,74.5,72.3,73.2,845300,CTD
2025-01-21,73.2,73.9,72.9,73.2,686400,CTD
2025-01-22,73.6,73.9,72.7,72.9,599000,CTD
2025-01-23,72.8,73.5,72.1,73.2,597900,CTD
2025-01-24,73.1,73.7,72.7,73.3,431000,CTD
2025-02-03,72.9,73.2,70.7,71.8,962000,CTD
2025-02-04,72.6,76.8,72.0,76.8,1660100,CTD
2025-02-05,79.0,81.2,77.7,79.9,2356600,CTD
2025-02-06,80.0,83.3,79.8,81.9,1928600,CTD
2025-02-07,82.0,84.0,81.5,81.9,1077300,CTD
2025-02-10,80.5,84.5,80.5,81.6,1443100,CTD
2025-02-11,82.2,85.7,82.2,84.0,1614000,CTD
2025-02-12,84.3,85.2,83.6,84.7,806300,CTD
2025-02-13,85.2,90.0,85.0,90.0,1848300,CTD
2025-02-14,89.1,92.7,89.1,92.1,1499700,CTD
2025-02-17,92.1,92.8,88.4,88.6,2809500,CTD
2025-02-18,89.0,90.7,87.3,90.2,1728100,CTD
2025-02-19,90.6,94.1,90.6,91.4,1435800,CTD
2025-02-20,93.5,93.5,90.5,91.5,1024700,CTD
2025-02-21,91.5,95.0,90.7,95.0,1296400,CTD
2025-02-24,95.9,97.0,94.0,94.1,770600,CTD
2025-02-25,95.0,95.9,92.3,94.5,795400,CTD
2025-02-26,94.9,95.3,92.6,92.6,1206300,CTD
2025-02-27,92.3,94.1,91.0,93.6,1954500,CTD
2025-02-28,93.0,94.0,90.3,92.0,2414000,CTD
2025-03-03,92.1,92.1,89.0,89.0,1956800,CTD
2025-03-04,90.0,92.4,89.3,91.5,1223100,CTD
2025-03-05,92.5,92.6,90.7,91.4,1654900,CTD
2025-03-06,91.7,96.0,91.7,96.0,2296400,CTD
2025-03-07,96.5,97.8,94.0,94.0,1083500,CTD
2025-03-10,93.9,94.8,91.3,91.3,2503100,CTD
2025-03-11,90.0,93.0,89.9,91.5,1567500,CTD
2025-03-12,92.0,92.0,89.0,89.0,3312800,CTD
2025-03-13,89.6,90.4,84.6,84.9,3616900,CTD
2025-03-14,84.8,86.1,83.0,83.0,1729400,CTD
2024-09-04,34.6,35.3,34.45,35.3,10446800,CTG
2024-09-05,35.2,35.5,34.6,35.0,8504400,CTG
2024-09-06,34.8,35.5,34.6,35.5,9157300,CTG
2024-09-09,35.2,35.45,35.0,35.45,5375600,CTG
2024-09-10,35.4,35.55,34.8,34.95,7474100,CTG
2024-09-11,34.95,35.1,34.45,34.95,5494300,CTG
2024-09-12,35.25,35.25,34.7,35.0,4999600,CTG
2024-09-13,34.8,35.0,34.65,34.9,3439800,CTG
2024-09-16,34.95,34.95,34.5,34.65,5810800,CTG
2024-09-17,34.55,34.95,34.35,34.95,5230100,CTG
2024-09-18,34.95,36.3,34.8,35.7,17487600,CTG
2024-09-19,35.75,36.2,35.6,36.0,5835500,CTG
2024-09-20,36.05,36.65,35.95,36.0,13164300,CTG
2024-09-23,35.95,36.3,35.65,35.9,4440300,CTG
2024-09-24,35.9,36.2,35.65,36.05,5546400,CTG
2024-09-25,36.5,36.6,36.0,36.0,9797800,CTG
2024-09-26,36.0,36.45,35.45,36.4,22830200,CTG
2024-09-27,36.45,37.55,36.45,37.0,15617800,CTG
2024-09-30,36.9,37.2,36.65,36.95,4842500,CTG
2024-10-01,36.95,37.1,36.35,36.5,12315100,CTG
2024-10-02,36.15,36.45,35.95,36.0,11271900,CTG
2024-10-03,36.0,36.75,35.9,36.2,9111600,CTG
2024-10-04,36.15,36.15,35.6,35.6,8545600,CTG
2024-10-07,35.9,35.95,35.5,35.8,5298700,CTG
2024-10-08,35.8,36.15,35.55,35.75,6638700,CTG
2024-10-09,35.8,36.6,35.7,36.1,9143500,CTG
2024-10-10,36.45,36.65,36.05,36.15,6226000,CTG
2024-10-11,36.25,36.3,35.8,36.25,4217800,CTG
2024-10-14,36.4,36.45,36.05,36.05,4041500,CTG
2024-10-15,36.25,36.8,36.1,36.15,10587200,CTG
2024-10-16,36.1,36.45,35.9,36.3,3778300,CTG
2024-10-17,36.5,36.55,36.05,36.55,6200700,CTG
2024-10-18,36.8,36.9,36.25,36.25,7054400,CTG
2024-10-21,36.1,36.35,35.5,35.5,8242100,CTG
2024-10-22,35.5,35.65,34.8,35.0,9519000,CTG
2024-10-23,35.0,35.15,34.75,35.05,4488500,CTG
2024-10-24,35.0,35.15,34.05,34.85,6405900,CTG
2024-10-25,34.75,34.8,34.5,34.6,4448300,CTG
2024-10-28,34.65,34.8,34.55,34.7,2288100,CTG
2024-10-29,34.7,34.95,34.7,34.95,2890000,CTG
2024-10-30,34.9,35.0,34.5,34.75,2626400,CTG
2024-10-31,34.9,35.75,34.8,35.7,8400500,CTG
2024-11-01,35.55,35.95,35.5,35.6,7983200,CTG
2024-11-04,35.55,35.95,35.35,35.7,5247600,CTG
2024-11-05,35.5,35.7,35.05,35.05,4093100,CTG
2024-11-06,35.2,35.9,35.1,35.9,3543500,CTG
2024-11-07,35.9,36.15,35.6,35.6,3822400,CTG
2024-11-08,35.7,36.0,34.8,35.0,4916300,CTG
2024-11-11,35.0,35.0,33.85,34.95,16325500,CTG
2024-11-12,34.8,34.85,34.2,34.5,3342200,CTG
2024-11-13,34.45,34.5,33.95,34.35,4244200,CTG
2024-11-14,34.3,34.3,33.6,33.6,5270200,CTG
2024-11-15,33.6,33.6,32.8,33.1,8350400,CTG
2024-11-18,33.1,33.65,32.7,33.3,4072900,CTG
2024-11-19,33.5,33.6,33.0,33.35,5280700,CTG
2024-11-20,33.05,34.0,33.05,34.0,6494000,CTG
2024-11-21,34.0,35.0,33.6,35.0,7810800,CTG
2024-11-22,34.9,35.2,34.7,35.0,6181600,CTG
2024-11-25,34.95,35.1,34.7,35.1,3824500,CTG
2024-11-26,35.0,35.35,34.9,35.3,4538800,CTG
2024-11-27,35.1,35.3,34.95,35.15,2761100,CTG
2024-11-28,35.3,35.4,34.95,35.4,3289800,CTG
2024-11-29,35.5,35.85,35.25,35.75,5142400,CTG
2024-12-02,35.9,36.0,35.7,35.85,4468300,CTG
2024-12-03,35.95,35.95,35.45,35.9,5261300,CTG
2024-12-04,35.6,35.7,35.3,35.3,4137800,CTG
2024-12-05,35.3,36.5,35.05,36.4,10395100,CTG
2024-12-06,36.5,36.65,36.25,36.25,5625800,CTG
2024-12-09,36.15,36.5,36.05,36.45,4392500,CTG
2024-12-10,36.45,36.5,36.1,36.35,3293400,CTG
2024-12-11,36.3,36.6,36.2,36.35,4390000,CTG
2024-12-12,36.4,36.8,36.2,36.3,5010500,CTG
2024-12-13,36.15,36.5,36.1,36.35,4180300,CTG
2024-12-16,36.35,36.7,36.2,36.25,2866500,CTG
2024-12-17,36.25,36.35,36.05,36.25,3429900,CTG
2024-12-18,36.2,36.4,35.8,36.25,2933300,CTG
2024-12-19,35.85,36.2,35.6,36.2,6319500,CTG
2024-12-20,36.0,36.15,35.7,36.15,3418200,CTG
2024-12-23,36.2,36.3,36.1,36.25,3097200,CTG
2024-12-24,36.1,36.2,35.9,36.2,2831100,CTG
2024-12-25,36.2,38.7,36.2,38.2,25190700,CTG
2024-12-26,38.4,38.4,38.0,38.2,4847100,CTG
2024-12-27,38.35,38.8,38.0,38.8,9539300,CTG
2024-12-30,38.5,38.9,38.35,38.9,7210600,CTG
2024-12-31,38.6,38.7,37.8,37.8,5449700,CTG
2025-01-02,38.0,38.3,37.6,38.1,5742600,CTG
2025-01-03,37.8,38.0,37.2,37.2,10284500,CTG
2025-01-06,37.25,37.65,37.05,37.2,6045300,CTG
2025-01-07,37.5,38.0,37.15,37.45,6267400,CTG
2025-01-08,37.4,37.9,37.25,37.8,3664700,CTG
2025-01-09,37.8,37.9,37.25,37.4,4056700,CTG
2025-01-10,37.4,38.2,37.2,37.5,7501000,CTG
2025-01-13,37.2,37.7,36.2,37.7,9377500,CTG
2025-01-14,37.45,37.9,36.9,36.95,3716700,CTG
2025-01-15,37.0,37.1,36.6,36.75,4980700,CTG
2025-01-16,36.85,37.2,36.4,36.8,6641100,CTG
2025-01-17,36.8,37.2,36.6,37.2,3948300,CTG
2025-01-20,37.25,37.7,37.15,37.3,4400000,CTG
2025-01-21,37.45,37.8,37.05,37.3,5502600,CTG
2025-01-22,37.6,37.6,37.25,37.3,4497700,CTG
2025-01-23,37.4,38.2,37.3,38.1,7583800,CTG
2025-01-24,38.1,38.15,37.75,38.0,5047600,CTG
2025-02-03,38.25,38.6,37.8,38.05,8325900,CTG
2025-02-04,38.25,39.75,38.05,39.4,14538400,CTG
2025-02-05,39.65,39.7,39.1,39.35,6686000,CTG
2025-02-06,39.4,39.85,39.2,39.5,6527700,CTG
2025-02-07,39.5,41.2,39.25,40.8,14973700,CTG
2025-02-10,40.8,41.1,40.05,40.3,9535800,CTG
2025-02-11,40.35,40.9,40.15,40.7,7621400,CTG
2025-02-12,40.7,40.8,40.4,40.5,4835000,CTG
2025-02-13,40.3,41.3,40.3,40.85,6945200,CTG
2025-02-14,41.0,41.35,40.5,40.55,5515600,CTG
2025-02-17,40.5,40.65,40.15,40.15,5951900,CTG
2025-02-18,40.15,41.0,40.05,40.3,6539300,CTG
2025-02-19,40.55,40.95,40.45,40.5,6136000,CTG
2025-02-20,41.05,41.05,40.45,40.85,5265200,CTG
2025-02-21,40.85,41.5,40.5,41.5,7710600,CTG
2025-02-24,41.5,41.95,41.35,41.9,6764800,CTG
2025-02-25,41.95,42.1,41.4,41.85,5728900,CTG
2025-02-26,41.8,41.8,41.1,41.35,9430900,CTG
2025-02-27,41.25,41.55,40.85,41.5,6079700,CTG
2025-02-28,41.3,41.6,41.0,41.5,5529300,CTG
2025-03-03,41.2,41.25,40.85,41.25,7674500,CTG
2025-03-04,41.0,41.8,40.8,41.6,7443800,CTG
2025-03-05,41.6,42.25,41.15,41.2,7812100,CTG
2025-03-06,41.4,41.75,41.2,41.65,5639200,CTG
2025-03-07,41.7,42.4,41.65,42.4,10858900,CTG
2025-03-10,42.7,42.7,42.1,42.45,9163000,CTG
2025-03-11,42.0,42.6,41.8,42.6,6943500,CTG
2025-03-12,42.8,43.3,42.3,42.65,9350500,CTG
2025-03-13,42.7,42.7,42.15,42.3,7914900,CTG
2025-03-14,42.05,42.3,41.8,42.3,7787700,CTG
2024-09-04,123.69,124.66,123.49,124.57,245829,CTR
2024-09-05,124.57,124.66,122.41,122.41,232590,CTR
2024-09-06,122.41,122.41,120.45,121.92,197032,CTR
2024-09-09,121.82,122.71,120.45,121.82,114550,CTR
2024-09-10,122.71,122.71,120.55,120.55,146141,CTR
2024-09-11,120.45,121.92,119.47,120.45,121733,CTR
2024-09-12,121.43,122.12,120.65,121.82,191391,CTR
2024-09-13,121.63,123.2,121.43,122.41,117931,CTR
2024-09-16,122.41,123.1,121.43,121.43,167517,CTR
2024-09-17,120.65,122.02,120.16,122.02,159370,CTR
2024-09-18,122.51,130.54,122.51,130.54,1148316,CTR
2024-09-19,133.18,133.18,130.83,131.72,419583,CTR
2024-09-20,132.11,132.7,128.97,129.95,487831,CTR
2024-09-23,130.34,130.34,126.43,126.43,449619,CTR
2024-09-24,127.11,132.7,127.11,130.74,512018,CTR
2024-09-25,130.74,132.11,129.66,129.76,273494,CTR
2024-09-26,129.76,130.64,128.39,128.58,250474,CTR
2024-09-27,129.9,129.9,126.6,127.0,506828,CTR
2024-09-30,126.7,127.7,126.2,126.4,142017,CTR
2024-10-01,127.1,128.3,126.3,126.3,208638,CTR
2024-10-02,126.3,127.2,126.0,126.8,166662,CTR
2024-10-03,127.0,128.2,125.8,126.2,188518,CTR
2024-10-04,126.0,130.4,126.0,128.0,552501,CTR
2024-10-07,128.0,129.5,127.7,128.0,128332,CTR
2024-10-08,128.0,129.5,127.7,128.2,331774,CTR
2024-10-09,128.5,135.0,128.5,133.1,761139,CTR
2024-10-10,133.5,133.8,131.8,133.2,317600,CTR
2024-10-11,132.5,137.0,132.1,135.6,339500,CTR
2024-10-14,136.0,136.0,133.4,133.6,217300,CTR
2024-10-15,133.6,134.8,131.5,131.5,220400,CTR
2024-10-16,131.5,133.4,131.3,133.2,210200,CTR
2024-10-17,133.2,135.5,131.6,132.8,249200,CTR
2024-10-18,132.9,135.0,131.5,132.0,326000,CTR
2024-10-21,132.0,132.3,130.7,130.7,149600,CTR
2024-10-22,130.0,130.7,127.0,127.4,521700,CTR
2024-10-23,127.3,127.3,125.4,126.1,441900,CTR
2024-10-24,126.2,128.7,126.2,126.6,193900,CTR
2024-10-25,127.0,127.5,126.3,126.6,275600,CTR
2024-10-28,127.5,128.5,127.0,127.7,243000,CTR
2024-10-29,128.5,131.9,128.0,129.3,387800,CTR
2024-10-30,129.5,129.7,127.8,127.9,153500,CTR
2024-10-31,127.7,128.5,126.7,126.8,291700,CTR
2024-11-01,126.4,127.1,124.2,124.2,546600,CTR
2024-11-04,124.5,125.2,121.8,124.0,533200,CTR
2024-11-05,124.0,124.9,123.6,124.5,200100,CTR
2024-11-06,125.4,126.8,124.5,125.1,539500,CTR
2024-11-07,126.0,131.5,125.2,128.1,1117600,CTR
2024-11-08,129.0,133.8,127.6,131.2,1210000,CTR
2024-11-11,133.1,134.8,129.2,129.4,1383800,CTR
2024-11-12,129.4,131.5,127.0,131.2,1437200,CTR
2024-11-13,132.0,139.6,131.2,138.2,2650900,CTR
2024-11-14,138.8,139.0,132.5,132.9,1261600,CTR
2024-11-15,130.2,132.9,126.2,129.5,1651700,CTR
2024-11-18,132.0,132.0,123.5,125.0,1544400,CTR
2024-11-19,125.9,125.9,117.1,117.1,2222600,CTR
2024-11-20,117.9,122.0,111.3,116.5,1316900,CTR
2024-11-21,117.0,120.3,117.0,119.6,627800,CTR
2024-11-22,120.3,121.9,118.7,118.9,722700,CTR
2024-11-25,119.0,119.9,118.3,118.9,737100,CTR
2024-11-26,119.7,119.7,116.3,116.6,1592400,CTR
2024-11-27,117.0,118.5,116.6,116.7,865000,CTR
2024-11-28,117.2,119.3,117.2,117.6,743700,CTR
2024-11-29,118.5,123.0,117.6,119.5,2668200,CTR
2024-12-02,120.0,122.0,118.1,118.8,1272900,CTR
2024-12-03,118.9,125.5,118.1,125.0,2715400,CTR
2024-12-04,125.6,127.5,123.5,126.2,1779800,CTR
2024-12-05,126.5,126.5,121.0,122.9,1692400,CTR
2024-12-06,124.8,124.8,123.1,124.5,737600,CTR
2024-12-09,125.0,125.0,123.4,124.1,643400,CTR
2024-12-10,124.3,124.3,122.2,124.0,919600,CTR
2024-12-11,123.0,124.1,122.5,123.2,571200,CTR
2024-12-12,123.2,124.0,121.8,122.2,511700,CTR
2024-12-13,121.8,122.6,120.5,120.5,690200,CTR
2024-12-16,120.5,121.4,119.1,120.7,622900,CTR
2024-12-17,120.7,122.6,120.3,122.0,304200,CTR
2024-12-18,122.0,123.0,121.2,122.5,275700,CTR
2024-12-19,121.0,123.8,120.3,122.2,647300,CTR
2024-12-20,122.4,124.0,122.0,122.5,819600,CTR
2024-12-23,123.9,123.9,121.9,122.5,361800,CTR
2024-12-24,122.6,125.0,122.5,125.0,1274300,CTR
2024-12-25,125.8,126.6,123.4,125.9,1007600,CTR
2024-12-26,126.0,126.1,124.1,125.0,626700,CTR
2024-12-27,124.0,124.4,122.7,122.9,800300,CTR
2024-12-30,122.7,123.0,121.8,123.0,463900,CTR
2024-12-31,123.0,124.6,123.0,124.5,566800,CTR
2025-01-02,124.6,126.5,123.2,125.5,803900,CTR
2025-01-03,125.6,132.9,125.6,129.5,2777300,CTR
2025-01-06,130.0,133.3,129.2,131.5,1884500,CTR
2025-01-07,132.6,132.6,128.3,130.0,1327200,CTR
2025-01-08,129.2,129.9,126.5,128.5,1433400,CTR
2025-01-09,129.0,129.0,126.8,127.1,500300,CTR
2025-01-10,126.6,127.5,124.5,124.5,768500,CTR
2025-01-13,123.1,125.3,121.9,125.3,822900,CTR
2025-01-14,126.0,126.0,123.5,125.3,429300,CTR
2025-01-15,123.6,126.6,123.6,126.0,354200,CTR
2025-01-16,127.2,128.8,126.0,128.8,1173500,CTR
2025-01-17,129.6,130.8,128.8,129.0,802500,CTR
2025-01-20,129.2,131.5,127.5,128.9,582600,CTR
2025-01-21,129.6,131.3,128.0,128.4,951200,CTR
2025-01-22,128.1,136.3,128.1,133.8,2796100,CTR
2025-01-23,133.0,134.7,133.0,133.4,647700,CTR
2025-01-24,133.4,135.2,131.5,131.6,840100,CTR
2025-02-03,130.1,130.1,124.0,125.0,1644700,CTR
2025-02-04,125.0,127.0,124.0,127.0,787600,CTR
2025-02-05,127.0,129.5,127.0,128.4,511000,CTR
2025-02-06,129.4,129.4,126.6,128.0,621100,CTR
2025-02-07,128.0,128.0,125.5,126.0,756200,CTR
2025-02-10,124.0,124.0,121.4,121.6,1916300,CTR
2025-02-11,121.8,124.0,121.0,123.0,890500,CTR
2025-02-12,123.5,123.7,122.1,123.1,445500,CTR
2025-02-13,122.2,122.9,121.0,121.7,694600,CTR
2025-02-14,121.4,122.6,119.5,119.5,1155200,CTR
2025-02-17,119.7,119.7,116.5,116.6,1350300,CTR
2025-02-18,117.0,121.7,116.6,121.7,479300,CTR
2025-02-19,121.2,121.2,119.3,120.0,498700,CTR
2025-02-20,120.1,120.9,118.8,120.0,606800,CTR
2025-02-21,120.0,120.5,118.9,120.5,432000,CTR
2025-02-24,119.9,120.0,118.0,118.1,472200,CTR
2025-02-25,118.5,119.0,117.0,118.4,525200,CTR
2025-02-26,118.4,121.5,118.4,119.9,484100,CTR
2025-02-27,120.8,120.8,118.5,120.4,332500,CTR
2025-02-28,119.9,120.8,119.0,120.4,500300,CTR
2025-03-03,120.4,122.0,119.7,120.4,462200,CTR
2025-03-04,120.0,120.5,119.0,120.0,355500,CTR
2025-03-05,120.3,120.5,118.8,119.0,528900,CTR
2025-03-06,119.1,120.2,118.8,119.8,406800,CTR
2025-03-07,119.8,121.2,119.3,120.3,481000,CTR
2025-03-10,120.5,121.0,119.2,120.2,381200,CTR
2025-03-11,119.0,119.4,118.5,118.7,494900,CTR
2025-03-12,119.4,119.4,117.0,117.1,692800,CTR
2025-03-13,119.5,119.5,115.0,115.0,806400,CTR
2025-03-14,115.1,115.6,111.8,112.1,950100,CTR
2024-09-04,38.4,39.25,38.15,39.2,1082600,CTS
2024-09-05,39.4,40.15,38.95,39.2,1956300,CTS
2024-09-06,39.0,39.5,38.5,39.3,925000,CTS
2024-09-09,39.1,39.3,38.2,38.75,816500,CTS
2024-09-10,38.95,39.0,37.8,37.9,1853400,CTS
2024-09-11,37.65,38.8,37.35,38.2,1319400,CTS
2024-09-12,38.5,38.8,38.05,38.05,534500,CTS
2024-09-13,38.1,39.0,38.1,38.4,1091200,CTS
2024-09-16,38.2,38.8,38.0,38.05,1005700,CTS
2024-09-17,38.0,39.45,37.95,39.45,1637300,CTS
2024-09-18,39.55,40.6,39.4,39.8,2252400,CTS
2024-09-19,39.95,40.1,39.55,39.7,1216100,CTS
2024-09-20,40.45,40.45,39.5,39.5,1205600,CTS
2024-09-23,39.5,40.1,39.25,39.75,1227100,CTS
2024-09-24,40.0,40.4,39.7,40.35,1342100,CTS
2024-09-25,40.65,41.55,40.5,40.55,2557300,CTS
2024-09-26,40.7,40.7,40.0,40.1,2035300,CTS
2024-09-27,40.15,40.4,40.0,40.3,1347400,CTS
2024-09-30,40.25,41.15,39.95,40.7,1272600,CTS
2024-10-01,41.0,42.0,40.75,40.8,2503800,CTS
2024-10-02,40.7,41.0,40.5,40.7,1491600,CTS
2024-10-03,41.0,41.05,39.85,40.05,1974600,CTS
2024-10-04,40.05,40.45,39.9,39.9,900900,CTS
2024-10-07,40.15,40.6,39.8,40.6,853500,CTS
2024-10-08,40.95,41.0,39.8,39.85,1535600,CTS
2024-10-09,39.95,40.5,39.8,40.2,813600,CTS
2024-10-10,40.6,40.6,39.95,40.0,801800,CTS
2024-10-11,40.0,40.3,39.9,40.3,553700,CTS
2024-10-14,40.45,41.0,40.3,40.6,1520900,CTS
2024-10-15,40.85,40.85,40.1,40.15,1011900,CTS
2024-10-16,40.15,40.15,39.5,39.8,908100,CTS
2024-10-17,39.8,40.2,38.9,40.0,1505000,CTS
2024-10-18,40.05,40.3,39.8,39.8,900300,CTS
2024-10-21,39.55,39.75,38.4,38.4,1182200,CTS
2024-10-22,38.4,38.4,36.8,37.45,2154100,CTS
2024-10-23,37.35,38.1,37.15,37.95,837800,CTS
2024-10-24,37.8,38.0,36.85,36.85,1261400,CTS
2024-10-25,37.0,37.1,36.8,36.85,941500,CTS
2024-10-28,37.1,37.6,37.1,37.4,492900,CTS
2024-10-29,37.6,37.85,37.2,37.45,576100,CTS
2024-10-30,37.4,37.5,37.0,37.2,552700,CTS
2024-10-31,37.2,37.6,37.2,37.6,465000,CTS
2024-11-01,37.5,37.6,36.95,37.2,642200,CTS
2024-11-04,37.2,38.05,36.5,37.6,1062800,CTS
2024-11-05,37.7,37.8,37.3,37.35,311100,CTS
2024-11-06,37.6,38.15,37.5,38.15,1001400,CTS
2024-11-07,38.5,38.5,37.85,37.85,580300,CTS
2024-11-08,38.0,38.4,37.6,37.75,735200,CTS
2024-11-11,37.2,37.7,37.1,37.2,1014000,CTS
2024-11-12,37.5,37.8,37.2,37.2,692000,CTS
2024-11-13,37.2,37.35,36.55,36.8,911700,CTS
2024-11-14,36.8,36.95,34.3,35.7,1115300,CTS
2024-11-15,35.1,35.45,34.05,34.05,1719000,CTS
2024-11-18,34.05,35.7,34.0,35.4,1014000,CTS
2024-11-19,35.5,35.5,34.45,34.45,637200,CTS
2024-11-20,34.05,36.0,34.05,34.95,1182700,CTS
2024-11-21,35.3,35.3,34.65,35.15,346100,CTS
2024-11-22,35.2,35.3,34.6,34.8,583200,CTS
2024-11-25,34.95,35.15,34.45,34.85,502800,CTS
2024-11-26,34.95,35.75,34.95,35.3,866000,CTS
2024-11-27,35.4,35.4,35.05,35.2,311800,CTS
2024-11-28,35.75,35.75,35.05,35.25,518800,CTS
2024-11-29,34.85,35.5,34.85,35.1,468900,CTS
2024-12-02,35.2,35.55,35.05,35.15,419000,CTS
2024-12-03,35.45,35.45,34.8,34.8,482200,CTS
2024-12-04,34.75,34.75,33.9,34.0,1247300,CTS
2024-12-05,34.0,36.35,33.2,36.35,2311800,CTS
2024-12-06,36.6,36.75,35.95,36.2,976500,CTS
2024-12-09,36.3,36.7,36.1,36.3,722900,CTS
2024-12-10,36.1,36.4,35.95,36.05,726500,CTS
2024-12-11,36.3,36.55,36.05,36.35,904000,CTS
2024-12-12,36.5,36.6,36.05,36.1,580800,CTS
2024-12-13,36.1,36.2,35.85,36.0,515600,CTS
2024-12-16,36.0,36.2,35.85,36.15,313700,CTS
2024-12-17,36.25,36.35,36.0,36.0,346900,CTS
2024-12-18,35.9,36.2,35.8,36.05,442400,CTS
2024-12-19,35.55,35.8,35.45,35.55,727300,CTS
2024-12-20,35.7,35.7,35.4,35.4,346000,CTS
2024-12-23,35.3,35.65,35.3,35.4,245100,CTS
2024-12-24,35.55,35.55,35.05,35.2,428000,CTS
2024-12-25,35.5,36.45,35.3,35.85,825600,CTS
2024-12-26,35.85,36.0,35.75,35.8,193200,CTS
2024-12-27,35.85,35.95,35.55,35.7,378300,CTS
2024-12-30,35.75,36.15,35.65,35.65,464800,CTS
2024-12-31,35.65,35.75,35.35,35.5,201200,CTS
2025-01-02,35.6,35.65,35.2,35.35,259500,CTS
2025-01-03,35.5,35.5,34.5,34.5,708600,CTS
2025-01-06,34.15,34.55,32.5,33.5,542300,CTS
2025-01-07,33.6,34.0,32.9,33.05,635900,CTS
2025-01-08,33.0,33.65,33.0,33.4,461300,CTS
2025-01-09,33.4,33.65,33.15,33.15,235200,CTS
2025-01-10,33.1,33.45,32.55,32.55,527900,CTS
2025-01-13,32.55,33.5,32.2,33.35,716100,CTS
2025-01-14,33.35,33.35,33.0,33.0,149500,CTS
2025-01-15,33.5,33.55,33.1,33.4,318000,CTS
2025-01-16,33.65,34.85,33.6,33.9,638100,CTS
2025-01-17,33.9,34.0,33.6,33.75,241600,CTS
2025-01-20,34.05,34.05,33.5,33.5,219300,CTS
2025-01-21,33.6,33.95,33.35,33.45,306400,CTS
2025-01-22,33.5,33.5,33.05,33.05,361600,CTS
2025-01-23,33.15,34.2,33.15,33.7,432600,CTS
2025-01-24,33.45,33.75,33.45,33.6,352900,CTS
2025-02-03,33.5,33.65,33.2,33.4,285600,CTS
2025-02-04,33.45,34.4,33.3,34.3,660200,CTS
2025-02-05,34.7,34.7,34.25,34.45,435100,CTS
2025-02-06,34.7,35.2,34.45,34.65,632700,CTS
2025-02-07,34.5,34.65,34.35,34.45,349600,CTS
2025-02-10,34.15,34.9,33.95,34.35,691800,CTS
2025-02-11,34.5,34.7,34.1,34.35,368300,CTS
2025-02-12,34.1,34.8,34.1,34.5,517000,CTS
2025-02-13,34.5,34.55,34.2,34.35,383800,CTS
2025-02-14,34.75,35.3,34.5,34.55,979800,CTS
2025-02-17,34.85,35.65,34.5,35.35,1227300,CTS
2025-02-18,35.3,35.7,35.1,35.25,665400,CTS
2025-02-19,35.5,35.6,35.25,35.5,599800,CTS
2025-02-20,36.0,36.1,35.45,35.45,1033800,CTS
2025-02-21,35.45,35.55,35.1,35.15,545100,CTS
2025-02-24,35.1,36.8,35.1,36.75,1872000,CTS
2025-02-25,37.0,37.5,36.65,37.25,2524900,CTS
2025-02-26,37.45,38.9,37.15,38.1,2738000,CTS
2025-02-27,38.1,38.8,38.0,38.7,2052600,CTS
2025-02-28,38.9,39.3,38.4,38.5,2418700,CTS
2025-03-03,38.5,39.8,38.15,39.1,1943600,CTS
2025-03-04,39.2,39.8,37.8,39.0,1535600,CTS
2025-03-05,38.9,39.55,38.35,38.4,1236600,CTS
2025-03-06,38.9,39.8,38.45,39.6,2252100,CTS
2025-03-07,39.75,39.9,39.05,39.05,1055700,CTS
2025-03-10,39.5,39.9,38.8,39.2,1358200,CTS
2025-03-11,38.55,39.7,38.55,39.7,1772000,CTS
2025-03-12,39.75,39.9,39.35,39.7,1374700,CTS
2025-03-13,39.5,40.1,39.1,39.2,1684200,CTS
2025-03-14,39.2,39.45,38.65,38.95,986800,CTS
2024-09-04,28.0,28.2,27.65,27.9,3939400,DBC
2024-09-05,28.2,28.45,27.85,28.15,3449200,DBC
2024-09-06,28.15,28.15,27.5,27.9,5575200,DBC
2024-09-09,27.85,29.2,27.8,28.95,6695000,DBC
2024-09-10,29.2,30.6,29.1,29.6,15862900,DBC
2024-09-11,29.75,29.8,29.0,29.15,5224900,DBC
2024-09-12,29.4,29.65,29.0,29.25,5512300,DBC
2024-09-13,29.3,29.6,29.05,29.45,5456000,DBC
2024-09-16,29.65,30.0,29.2,29.25,5127100,DBC
2024-09-17,29.25,29.7,29.05,29.7,4032100,DBC
2024-09-18,29.9,29.9,29.4,29.45,4210400,DBC
2024-09-19,29.6,30.1,29.35,30.0,7064000,DBC
2024-09-20,30.35,30.35,29.85,30.2,6044800,DBC
2024-09-23,30.1,30.3,29.5,29.7,3514200,DBC
2024-09-24,29.8,29.9,29.55,29.75,3540800,DBC
2024-09-25,29.75,29.95,29.6,29.75,4721100,DBC
2024-09-26,29.75,30.1,29.5,29.5,3939700,DBC
2024-09-27,29.7,29.7,29.0,29.0,5365600,DBC
2024-09-30,29.0,29.4,28.7,29.0,5814300,DBC
2024-10-01,29.15,29.7,29.1,29.5,9018100,DBC
2024-10-02,29.5,29.85,29.35,29.6,5499600,DBC
2024-10-03,29.6,29.65,28.85,29.0,6672200,DBC
2024-10-04,29.0,29.15,28.75,28.85,3765800,DBC
2024-10-07,29.15,29.15,28.75,29.1,3477700,DBC
2024-10-08,29.1,29.55,28.9,29.3,4972300,DBC
2024-10-09,29.55,30.2,29.25,30.2,13380200,DBC
2024-10-10,30.4,30.45,30.1,30.2,7234300,DBC
2024-10-11,30.25,30.35,30.1,30.3,3538700,DBC
2024-10-14,30.55,31.05,30.45,30.9,8796700,DBC
2024-10-15,31.3,31.5,30.2,30.4,10767400,DBC
2024-10-16,30.3,30.4,29.5,29.95,7613000,DBC
2024-10-17,30.0,30.15,29.0,29.35,9317300,DBC
2024-10-18,29.6,30.0,29.35,29.5,4109700,DBC
2024-10-21,29.45,29.45,29.1,29.1,3208100,DBC
2024-10-22,29.05,29.1,28.2,28.4,6094800,DBC
2024-10-23,28.55,28.85,28.35,28.85,4033900,DBC
2024-10-24,28.7,28.8,27.95,28.0,6002700,DBC
2024-10-25,28.2,28.25,27.7,27.7,3550600,DBC
2024-10-28,27.9,28.25,27.7,28.1,3082100,DBC
2024-10-29,28.2,28.35,28.0,28.1,2648400,DBC
2024-10-30,27.95,28.1,27.45,27.7,5637200,DBC
2024-10-31,27.7,28.35,27.7,28.0,2905900,DBC
2024-11-01,27.95,28.0,27.6,27.8,2477600,DBC
2024-11-04,27.9,27.9,27.5,27.5,2533300,DBC
2024-11-05,27.7,27.7,27.25,27.55,4151600,DBC
2024-11-06,27.7,27.95,27.45,27.95,5920000,DBC
2024-11-07,28.0,28.55,27.9,28.0,6467000,DBC
2024-11-08,28.05,28.05,27.55,27.55,4541600,DBC
2024-11-11,27.55,27.95,27.3,27.7,5064000,DBC
2024-11-12,27.7,28.5,27.7,28.15,7168300,DBC
2024-11-13,28.0,28.25,27.85,27.9,3275600,DBC
2024-11-14,27.85,28.0,26.65,26.75,7010200,DBC
2024-11-15,26.75,26.75,25.8,26.1,7716800,DBC
2024-11-18,26.15,26.6,25.85,26.35,2242300,DBC
2024-11-19,26.35,26.55,25.85,25.9,2186700,DBC
2024-11-20,25.9,26.65,25.75,26.2,3319200,DBC
2024-11-21,26.3,26.55,26.2,26.55,1577100,DBC
2024-11-22,26.65,26.7,26.2,26.25,2208700,DBC
2024-11-25,26.25,26.6,26.2,26.4,1784400,DBC
2024-11-26,26.4,26.9,26.4,26.55,3202300,DBC
2024-11-27,26.7,27.0,26.55,26.6,2946200,DBC
2024-11-28,26.8,26.8,26.35,26.5,1886900,DBC
2024-11-29,26.4,26.9,26.4,26.9,2509900,DBC
2024-12-02,27.0,27.2,26.9,27.1,2559900,DBC
2024-12-03,27.0,27.25,26.7,26.7,2519800,DBC
2024-12-04,26.6,26.8,26.2,26.2,3293100,DBC
2024-12-05,26.2,27.2,26.0,27.15,4296100,DBC
2024-12-06,27.0,27.7,27.0,27.2,5196900,DBC
2024-12-09,27.25,27.65,27.25,27.3,3578700,DBC
2024-12-10,27.3,27.55,27.2,27.25,2296400,DBC
2024-12-11,27.5,27.65,27.1,27.2,3340000,DBC
2024-12-12,27.2,27.4,27.15,27.2,1936500,DBC
2024-12-13,27.2,27.2,26.65,26.75,3499700,DBC
2024-12-16,27.0,27.1,26.7,26.8,1618600,DBC
2024-12-17,26.95,27.5,26.8,27.2,3651600,DBC
2024-12-18,27.35,28.7,27.35,28.65,12409000,DBC
2024-12-19,28.2,28.5,28.1,28.35,6143600,DBC
2024-12-20,28.05,28.6,28.05,28.4,4092500,DBC
2024-12-23,28.9,29.1,28.7,28.8,7842000,DBC
2024-12-24,29.0,29.0,28.6,28.9,5388800,DBC
2024-12-25,28.95,28.95,28.45,28.6,6247600,DBC
2024-12-26,28.7,28.7,28.2,28.5,4364400,DBC
2024-12-27,28.55,29.1,28.45,28.55,6642200,DBC
2024-12-30,28.6,28.75,28.1,28.1,2892800,DBC
2024-12-31,28.0,28.4,27.75,27.75,3848600,DBC
2025-01-02,28.1,28.65,27.95,28.3,3810600,DBC
2025-01-03,28.4,28.4,27.7,27.75,4662500,DBC
2025-01-06,27.85,27.95,25.85,26.5,6256800,DBC
2025-01-07,26.85,27.25,26.65,26.75,3992700,DBC
2025-01-08,26.75,27.1,26.7,26.95,2680700,DBC
2025-01-09,27.0,27.1,26.6,26.6,2130900,DBC
2025-01-10,26.6,26.9,26.2,26.55,3538800,DBC
2025-01-13,26.55,27.25,26.35,27.05,3091800,DBC
2025-01-14,27.2,27.2,26.6,26.6,1335900,DBC
2025-01-15,26.8,26.85,26.5,26.55,2943200,DBC
2025-01-16,26.7,27.2,26.55,26.65,4753600,DBC
2025-01-17,26.8,26.8,26.6,26.65,2472000,DBC
2025-01-20,26.8,27.1,26.6,26.6,2167500,DBC
2025-01-21,26.55,26.75,26.15,26.15,3987900,DBC
2025-01-22,26.15,26.3,25.45,25.45,6229100,DBC
2025-01-23,25.45,25.8,25.3,25.65,4441400,DBC
2025-01-24,25.65,25.7,25.4,25.4,2319400,DBC
2025-02-03,25.6,26.1,25.55,25.75,2251200,DBC
2025-02-04,26.0,26.6,25.9,26.5,4468000,DBC
2025-02-05,26.7,26.7,26.35,26.35,2551100,DBC
2025-02-06,26.45,26.55,26.2,26.25,2375900,DBC
2025-02-07,26.25,26.5,26.1,26.25,3363300,DBC
2025-02-10,26.45,26.6,26.15,26.2,3612300,DBC
2025-02-11,26.4,27.05,26.35,27.0,8384500,DBC
2025-02-12,27.2,27.2,26.75,26.75,2586500,DBC
2025-02-13,26.9,27.15,26.75,27.0,3255500,DBC
2025-02-14,27.2,27.65,27.15,27.45,7085800,DBC
2025-02-17,27.75,28.2,27.35,27.35,8778500,DBC
2025-02-18,27.3,27.65,27.15,27.2,3737900,DBC
2025-02-19,27.5,28.1,27.4,27.8,7428900,DBC
2025-02-20,28.1,28.2,27.7,27.85,3760200,DBC
2025-02-21,28.0,28.3,27.8,27.95,5963200,DBC
2025-02-24,28.1,28.75,28.05,28.4,6597600,DBC
2025-02-25,28.65,28.7,28.2,28.3,4526600,DBC
2025-02-26,28.55,28.95,28.4,28.7,8158100,DBC
2025-02-27,28.95,29.5,28.9,29.45,10771800,DBC
2025-02-28,29.5,29.8,29.2,29.6,8516900,DBC
2025-03-03,30.35,31.2,30.15,30.4,14440000,DBC
2025-03-04,30.3,30.5,29.75,30.5,7921100,DBC
2025-03-05,30.7,30.9,30.2,30.45,6224700,DBC
2025-03-06,30.8,31.0,30.6,31.0,7659100,DBC
2025-03-07,31.1,31.2,30.6,30.65,7448200,DBC
2025-03-10,30.7,30.7,30.1,30.15,10645100,DBC
2025-03-11,29.8,30.8,29.8,30.8,8502300,DBC
2025-03-12,30.75,30.85,30.15,30.15,9424700,DBC
2025-03-13,30.8,31.45,30.2,30.35,13817800,DBC
2025-03-14,30.4,30.4,29.25,29.35,15227100,DBC
2024-09-04,36.85,37.35,36.75,37.05,2463900,DCM
2024-09-05,37.25,37.4,36.4,36.5,2989900,DCM
2024-09-06,36.5,37.4,36.35,37.35,3776000,DCM
2024-09-09,37.05,37.3,36.9,37.15,1554800,DCM
2024-09-10,37.4,37.8,37.0,37.0,4113000,DCM
2024-09-11,37.0,37.4,36.65,37.3,1950000,DCM
2024-09-12,37.5,38.65,37.4,37.8,9390800,DCM
2024-09-13,37.85,38.4,37.6,38.15,2800100,DCM
2024-09-16,38.5,38.75,37.45,37.5,5818300,DCM
2024-09-17,37.7,37.95,37.05,37.95,4043700,DCM
2024-09-18,37.95,38.0,37.6,37.8,3910400,DCM
2024-09-19,38.0,38.0,37.3,37.7,3948100,DCM
2024-09-20,37.9,38.5,37.75,37.9,4433400,DCM
2024-09-23,38.0,38.6,37.9,38.1,4707300,DCM
2024-09-24,38.1,38.45,38.05,38.25,2058400,DCM
2024-09-25,38.45,39.15,38.15,39.15,7521100,DCM
2024-09-26,39.25,39.75,38.5,38.6,5338500,DCM
2024-09-27,38.65,38.8,38.15,38.25,4584500,DCM
2024-09-30,38.2,38.55,37.9,38.5,2880900,DCM
2024-10-01,38.4,38.95,38.25,38.25,4020500,DCM
2024-10-02,38.2,38.65,38.15,38.45,2957800,DCM
2024-10-03,38.6,38.8,37.7,37.85,4944100,DCM
2024-10-04,38.0,38.1,37.7,37.7,2104800,DCM
2024-10-07,38.0,38.05,37.6,37.65,1941700,DCM
2024-10-08,37.65,37.8,37.3,37.55,2708400,DCM
2024-10-09,37.75,38.25,37.6,38.25,2567100,DCM
2024-10-10,38.25,38.55,37.8,37.8,2653000,DCM
2024-10-11,37.9,37.95,37.65,37.95,1729100,DCM
2024-10-14,38.3,38.3,37.75,37.9,2687500,DCM
2024-10-15,37.9,38.2,37.6,37.6,2229600,DCM
2024-10-16,37.8,37.8,36.65,36.8,5334500,DCM
2024-10-17,36.9,37.0,36.3,36.95,2940600,DCM
2024-10-18,37.15,37.25,36.95,36.95,1713300,DCM
2024-10-21,36.95,36.95,36.2,36.4,1585900,DCM
2024-10-22,36.6,37.0,36.1,36.4,2240400,DCM
2024-10-23,36.35,36.7,36.2,36.5,1047700,DCM
2024-10-24,36.5,37.1,36.5,36.6,2063000,DCM
2024-10-25,36.7,37.2,36.6,36.6,1759400,DCM
2024-10-28,36.65,37.4,36.5,37.4,2076700,DCM
2024-10-29,37.55,38.1,37.5,38.1,5266600,DCM
2024-10-30,38.1,38.1,37.5,37.6,1817500,DCM
2024-10-31,37.6,37.65,37.4,37.55,1370500,DCM
2024-11-01,37.45,37.5,36.85,36.85,1891900,DCM
2024-11-04,37.0,37.0,36.0,36.1,3276700,DCM
2024-11-05,36.2,36.35,36.05,36.3,1306200,DCM
2024-11-06,36.4,37.2,36.4,37.2,1624100,DCM
2024-11-07,37.45,37.45,36.7,36.75,1810600,DCM
2024-11-08,36.9,36.95,36.5,36.7,1173900,DCM
2024-11-11,36.7,37.4,36.5,37.35,3331400,DCM
2024-11-12,37.3,37.95,37.2,37.2,2683300,DCM
2024-11-13,37.3,37.95,36.9,37.8,3967000,DCM
2024-11-14,37.8,38.2,37.4,37.4,4227000,DCM
2024-11-15,37.25,37.4,36.55,36.6,3199300,DCM
2024-11-18,36.8,36.9,36.3,36.75,1917800,DCM
2024-11-19,36.75,37.25,36.4,36.4,1611100,DCM
2024-11-20,36.4,36.95,35.5,36.6,2181700,DCM
2024-11-21,36.65,37.4,36.5,37.4,2168000,DCM
2024-11-22,37.4,38.2,37.35,37.9,6638300,DCM
2024-11-25,38.0,38.45,37.7,37.7,2540700,DCM
2024-11-26,38.1,38.4,37.7,38.05,4848100,DCM
2024-11-27,38.5,38.6,36.85,36.95,9144800,DCM
2024-11-28,37.2,37.35,36.85,36.95,2881100,DCM
2024-11-29,37.0,37.1,36.65,36.9,3753900,DCM
2024-12-02,37.05,37.2,36.6,37.05,2754900,DCM
2024-12-03,37.05,37.4,37.0,37.0,1845400,DCM
2024-12-04,36.85,37.15,36.55,36.7,2152500,DCM
2024-12-05,36.9,37.4,36.55,37.3,2735900,DCM
2024-12-06,37.2,38.4,37.2,37.45,6712700,DCM
2024-12-09,37.45,37.55,37.25,37.35,2124800,DCM
2024-12-10,37.35,37.65,37.1,37.3,2125800,DCM
2024-12-11,37.35,37.45,36.9,36.9,2749500,DCM
2024-12-12,36.9,37.15,36.75,36.9,2552100,DCM
2024-12-13,36.8,37.2,36.75,36.8,1443000,DCM
2024-12-16,36.8,36.8,36.5,36.6,2783000,DCM
2024-12-17,36.8,36.9,36.3,36.4,2494500,DCM
2024-12-18,36.4,36.55,36.15,36.4,2643800,DCM
2024-12-19,36.2,36.75,35.95,36.35,3009200,DCM
2024-12-20,36.35,36.55,36.25,36.25,2108300,DCM
2024-12-23,36.45,36.5,36.2,36.45,1791000,DCM
2024-12-24,36.4,36.9,36.25,36.8,3136600,DCM
2024-12-25,36.9,37.1,36.6,36.65,2359200,DCM
2024-12-26,36.55,36.7,36.3,36.35,2392500,DCM
2024-12-27,36.45,36.75,36.15,36.3,2717300,DCM
2024-12-30,36.35,36.55,36.25,36.25,1156000,DCM
2024-12-31,36.3,36.4,35.6,35.6,5066500,DCM
2025-01-02,35.6,35.85,35.55,35.65,1277500,DCM
2025-01-03,35.8,35.8,35.15,35.15,2019800,DCM
2025-01-06,35.15,35.3,34.35,34.5,2799700,DCM
2025-01-07,34.8,34.8,34.2,34.4,1480000,DCM
2025-01-08,34.55,34.7,34.3,34.6,1073900,DCM
2025-01-09,34.6,34.7,34.05,34.15,1537400,DCM
2025-01-10,34.15,34.2,32.85,32.9,3115200,DCM
2025-01-13,32.85,33.5,32.5,33.5,2456300,DCM
2025-01-14,33.5,33.65,33.35,33.6,1050500,DCM
2025-01-15,33.6,33.65,33.2,33.6,1299900,DCM
2025-01-16,33.65,33.85,33.5,33.5,1108500,DCM
2025-01-17,33.6,33.8,33.4,33.7,897200,DCM
2025-01-20,33.8,33.8,33.45,33.55,850200,DCM
2025-01-21,33.5,33.65,33.4,33.45,897800,DCM
2025-01-22,33.5,33.5,32.8,32.8,1576000,DCM
2025-01-23,33.1,33.45,33.0,33.35,884900,DCM
2025-01-24,33.4,33.75,33.35,33.5,1124200,DCM
2025-02-03,33.5,34.2,33.4,33.95,1566400,DCM
2025-02-04,34.25,34.6,34.25,34.6,1860400,DCM
2025-02-05,34.8,34.95,34.6,34.9,1855100,DCM
2025-02-06,35.0,35.1,34.6,34.8,1417200,DCM
2025-02-07,34.8,34.9,34.6,34.65,876200,DCM
2025-02-10,34.65,34.65,34.1,34.1,2311200,DCM
2025-02-11,33.9,34.65,33.9,34.6,1236200,DCM
2025-02-12,34.7,35.1,34.4,34.95,2414800,DCM
2025-02-13,35.1,36.4,35.05,36.3,7122900,DCM
2025-02-14,36.3,36.35,35.9,36.0,2026400,DCM
2025-02-17,36.0,36.55,35.7,35.75,3006500,DCM
2025-02-18,35.8,35.95,35.5,35.7,1428100,DCM
2025-02-19,35.8,36.1,35.7,35.85,1711200,DCM
2025-02-20,35.9,36.2,35.65,35.9,2428300,DCM
2025-02-21,35.9,36.05,35.75,35.9,1347200,DCM
2025-02-24,35.95,35.95,35.45,35.6,1838600,DCM
2025-02-25,35.9,36.2,35.6,35.9,2196100,DCM
2025-02-26,36.25,36.6,35.8,35.85,2487300,DCM
2025-02-27,35.85,35.9,35.2,35.65,2953200,DCM
2025-02-28,35.8,35.85,35.35,35.35,1745100,DCM
2025-03-03,35.55,35.85,35.35,35.5,1079600,DCM
2025-03-04,35.5,35.8,35.2,35.35,1860800,DCM
2025-03-05,35.35,35.55,35.0,35.0,1456500,DCM
2025-03-06,35.1,35.35,34.9,35.15,2437500,DCM
2025-03-07,35.5,35.8,35.2,35.3,2232800,DCM
2025-03-10,35.35,35.45,34.95,35.0,2593900,DCM
2025-03-11,34.75,35.3,34.5,34.8,3253900,DCM
2025-03-12,34.9,35.15,34.65,34.75,1401500,DCM
2025-03-13,34.8,34.9,34.15,34.2,2436500,DCM
2025-03-14,34.4,34.4,33.8,33.95,2696600,DCM
2024-09-04,110.49,114.19,109.62,112.15,3728408,DGC
2024-09-05,111.17,112.73,110.01,110.69,2021844,DGC
2024-09-06,110.1,110.98,108.93,110.98,1841185,DGC
2024-09-09,110.78,110.78,108.84,110.49,1644991,DGC
2024-09-10,110.1,110.78,108.93,110.01,1420720,DGC
2024-09-11,109.23,110.01,108.55,109.91,1085654,DGC
2024-09-12,110.01,111.86,109.42,110.49,1970869,DGC
2024-09-13,110.59,110.88,109.52,110.49,775615,DGC
2024-09-16,110.49,111.76,109.13,109.13,1806625,DGC
2024-09-17,109.13,110.78,108.93,110.78,1191767,DGC
2024-09-18,110.98,111.76,110.49,110.59,1672305,DGC
2024-09-19,111.47,111.76,110.1,111.56,1519493,DGC
2024-09-20,112.54,114.78,112.05,112.24,2982649,DGC
2024-09-23,111.95,112.15,111.08,111.95,1184471,DGC
2024-09-24,111.95,112.44,111.37,112.44,1090554,DGC
2024-09-25,112.63,113.51,112.34,112.44,1338588,DGC
2024-09-26,112.54,113.41,111.47,112.05,1716387,DGC
2024-09-27,112.73,113.22,111.56,111.95,1588961,DGC
2024-09-30,111.95,112.54,111.27,112.44,1081235,DGC
2024-10-01,112.44,115.65,112.44,112.93,3448049,DGC
2024-10-02,113.02,113.41,111.86,112.93,1809556,DGC
2024-10-03,112.93,113.02,111.47,111.56,1815931,DGC
2024-10-04,111.56,111.66,110.3,110.49,1885628,DGC
2024-10-07,110.49,111.17,109.71,110.98,1234069,DGC
2024-10-08,110.88,111.08,110.01,110.88,969909,DGC
2024-10-09,110.88,112.34,110.69,111.95,1178363,DGC
2024-10-10,112.05,115.17,112.05,112.73,3360615,DGC
2024-10-11,113.41,113.51,112.05,112.44,681164,DGC
2024-10-14,112.93,114.68,112.44,113.12,1769743,DGC
2024-10-15,113.12,113.7,112.15,112.34,1240463,DGC
2024-10-16,112.34,112.63,110.88,112.15,1838931,DGC
2024-10-17,112.15,112.15,110.78,111.56,1173734,DGC
2024-10-18,111.56,112.24,110.98,110.98,831667,DGC
2024-10-21,111.08,111.66,110.01,110.01,1463452,DGC
2024-10-22,110.01,110.3,107.67,108.16,3527185,DGC
2024-10-23,108.55,108.74,106.89,108.06,1626141,DGC
2024-10-24,108.55,110.01,107.57,107.57,1694491,DGC
2024-10-25,107.57,108.35,106.21,106.21,1808185,DGC
2024-10-28,106.31,107.57,106.11,107.57,790337,DGC
2024-10-29,108.06,109.42,107.08,109.23,1248013,DGC
2024-10-30,109.23,109.62,108.06,108.45,676163,DGC
2024-10-31,108.06,109.32,108.06,109.32,702227,DGC
2024-11-01,108.93,108.93,107.67,108.45,1084851,DGC
2024-11-04,108.35,108.35,107.08,107.57,707848,DGC
2024-11-05,108.06,108.06,107.28,107.47,471773,DGC
2024-11-06,108.55,108.74,107.47,108.74,873060,DGC
2024-11-07,109.23,110.98,108.64,109.52,1996292,DGC
2024-11-08,109.62,110.49,108.93,108.93,986291,DGC
2024-11-11,109.03,112.34,108.93,112.15,3581969,DGC
2024-11-12,112.54,112.63,111.08,112.54,1745227,DGC
2024-11-13,112.15,113.51,111.27,113.51,2448294,DGC
2024-11-14,113.51,114.97,111.95,113.22,1796970,DGC
2024-11-15,112.34,112.73,110.1,110.2,1882419,DGC
2024-11-18,110.2,110.2,107.08,110.01,2432392,DGC
2024-11-19,110.5,110.5,106.5,106.5,1965605,DGC
2024-11-20,106.5,108.0,103.6,106.1,1493498,DGC
2024-11-21,106.6,107.3,106.0,107.0,680739,DGC
2024-11-22,107.4,107.7,105.9,105.9,939708,DGC
2024-11-25,105.7,107.0,105.7,107.0,851042,DGC
2024-11-26,107.3,107.7,106.7,106.7,1048902,DGC
2024-11-27,106.7,108.5,106.7,106.9,1092563,DGC
2024-11-28,107.0,107.9,106.9,107.7,802695,DGC
2024-11-29,108.0,110.5,107.9,109.5,2101095,DGC
2024-12-02,110.0,110.7,108.6,109.8,986500,DGC
2024-12-03,109.6,109.9,108.9,109.9,846900,DGC
2024-12-04,109.7,109.8,107.9,107.9,1333900,DGC
2024-12-05,107.9,110.0,106.5,110.0,1604300,DGC
2024-12-06,110.5,116.9,110.2,115.2,6349700,DGC
2024-12-09,115.5,116.6,115.1,116.0,1897000,DGC
2024-12-10,115.9,116.5,114.0,116.2,1614400,DGC
2024-12-11,116.2,117.5,116.0,116.5,2506700,DGC
2024-12-12,116.5,116.6,115.3,116.4,1461500,DGC
2024-12-13,115.6,115.9,114.4,114.9,1456800,DGC
2024-12-16,115.0,116.0,114.5,115.5,854500,DGC
2024-12-17,115.5,116.0,114.9,116.0,1140700,DGC
2024-12-18,116.5,116.5,115.5,116.2,1013100,DGC
2024-12-19,114.3,117.8,114.2,116.0,2560100,DGC
2024-12-20,116.0,116.3,115.3,115.4,1269000,DGC
2024-12-23,116.0,117.3,115.5,116.5,1887700,DGC
2024-12-24,116.6,118.5,116.5,118.5,3854900,DGC
2024-12-25,119.0,119.2,116.0,119.0,2125900,DGC
2024-12-26,119.0,119.0,117.6,117.6,917100,DGC
2024-12-27,117.6,118.1,116.4,117.0,1688000,DGC
2024-12-30,116.5,116.9,116.1,116.1,934100,DGC
2024-12-31,116.2,117.2,116.1,116.6,1267800,DGC
2025-01-02,116.6,117.3,116.4,116.6,777800,DGC
2025-01-03,116.5,117.3,115.5,115.5,1780200,DGC
2025-01-06,115.1,116.0,112.1,112.5,2604800,DGC
2025-01-07,112.5,113.3,112.1,112.3,1040800,DGC
2025-01-08,112.3,113.2,112.3,112.4,517100,DGC
2025-01-09,113.1,113.1,112.2,112.2,587500,DGC
2025-01-10,112.3,112.5,110.0,110.0,1581100,DGC
2025-01-13,110.0,110.5,108.5,110.5,1175600,DGC
2025-01-14,110.5,110.5,108.8,108.9,685300,DGC
2025-01-15,109.1,109.8,108.8,109.3,772900,DGC
2025-01-16,109.9,110.7,109.1,109.8,1084700,DGC
2025-01-17,109.8,110.0,109.0,109.8,786100,DGC
2025-01-20,110.0,110.6,109.7,109.9,764500,DGC
2025-01-21,109.6,110.2,108.9,109.0,965100,DGC
2025-01-22,109.0,110.3,109.0,109.0,838500,DGC
2025-01-23,110.1,111.0,109.3,111.0,1183400,DGC
2025-01-24,111.0,111.7,110.2,111.4,1038000,DGC
2025-02-03,111.4,111.4,109.9,110.4,668100,DGC
2025-02-04,110.8,111.9,110.4,111.5,1077100,DGC
2025-02-05,111.8,111.9,110.5,111.7,1253300,DGC
2025-02-06,111.7,111.9,110.6,111.4,1226000,DGC
2025-02-07,111.4,111.5,110.2,111.1,1245600,DGC
2025-02-10,110.5,110.5,107.6,107.6,2288800,DGC
2025-02-11,107.6,108.8,106.3,108.5,1405100,DGC
2025-02-12,109.0,109.5,107.5,108.4,941900,DGC
2025-02-13,107.9,108.5,107.4,108.5,995600,DGC
2025-02-14,108.8,109.5,107.6,108.0,1254600,DGC
2025-02-17,108.0,108.3,106.5,106.6,1738300,DGC
2025-02-18,106.9,107.5,106.6,107.5,915400,DGC
2025-02-19,108.0,108.0,107.0,108.0,1118400,DGC
2025-02-20,108.3,112.2,108.1,110.3,2532000,DGC
2025-02-21,110.4,110.9,109.1,109.5,909800,DGC
2025-02-24,109.4,109.5,108.0,109.5,1278500,DGC
2025-02-25,109.8,110.4,108.8,109.7,1145300,DGC
2025-02-26,110.0,111.0,109.5,110.0,1179100,DGC
2025-02-27,110.0,111.5,109.7,110.8,1743000,DGC
2025-02-28,111.0,112.8,110.8,111.5,2520300,DGC
2025-03-03,112.5,115.6,111.5,113.3,3330600,DGC
2025-03-04,113.5,113.5,111.5,112.0,1487700,DGC
2025-03-05,112.4,112.6,109.9,110.0,2388400,DGC
2025-03-06,110.5,111.4,109.3,111.1,2065100,DGC
2025-03-07,111.9,111.9,110.6,111.2,1415100,DGC
2025-03-10,111.2,111.7,110.4,110.5,1634500,DGC
2025-03-11,109.7,109.9,108.9,109.1,2038900,DGC
2025-03-12,109.8,110.0,109.0,110.0,1233900,DGC
2025-03-13,110.3,110.4,108.9,108.9,1669000,DGC
2025-03-14,108.9,108.9,106.8,107.0,2581300,DGC
2024-09-04,46.61,46.99,46.38,46.77,813616,DGW
2024-09-05,46.99,48.06,46.69,46.99,2077524,DGW
2024-09-06,47.07,47.3,46.46,47.3,1036132,DGW
2024-09-09,47.3,47.91,47.07,47.68,2003991,DGW
2024-09-10,47.76,48.06,47.45,47.6,1768897,DGW
2024-09-11,47.6,47.76,46.99,46.99,1254349,DGW
2024-09-12,47.22,47.3,46.16,46.23,1895045,DGW
2024-09-13,47.4,47.4,46.3,46.3,890670,DGW
2024-09-16,46.1,46.5,45.85,46.2,654841,DGW
2024-09-17,45.9,47.05,45.9,46.9,988964,DGW
2024-09-18,46.9,47.5,46.8,47.35,1062405,DGW
2024-09-19,47.5,47.5,47.0,47.5,821785,DGW
2024-09-20,48.0,48.05,47.7,47.9,1240329,DGW
2024-09-23,47.9,47.9,47.5,47.8,565755,DGW
2024-09-24,47.5,48.3,47.5,47.9,626359,DGW
2024-09-25,48.0,48.5,47.9,48.3,1140689,DGW
2024-09-26,48.5,48.5,47.7,47.7,938100,DGW
2024-09-27,48.0,48.0,47.0,47.3,1631400,DGW
2024-09-30,47.5,47.5,46.85,46.85,885300,DGW
2024-10-01,47.2,47.55,47.1,47.4,809100,DGW
2024-10-02,47.35,47.35,46.6,46.6,1093600,DGW
2024-10-03,47.1,47.1,46.15,46.2,1370700,DGW
2024-10-04,46.2,46.35,46.0,46.0,807600,DGW
2024-10-07,46.1,46.5,45.7,45.7,785200,DGW
2024-10-08,45.6,45.8,44.9,44.9,2077900,DGW
2024-10-09,44.9,45.5,44.9,45.5,781300,DGW
2024-10-10,46.0,46.0,45.2,45.3,926400,DGW
2024-10-11,45.3,45.85,45.3,45.65,444400,DGW
2024-10-14,45.8,46.45,45.4,45.5,1014100,DGW
2024-10-15,45.5,45.65,45.1,45.1,571700,DGW
2024-10-16,45.2,46.05,45.15,46.05,859800,DGW
2024-10-17,46.15,46.2,45.55,46.05,540700,DGW
2024-10-18,45.95,46.15,45.4,45.45,940300,DGW
2024-10-21,45.45,45.7,45.2,45.45,581400,DGW
2024-10-22,45.1,45.3,43.7,43.9,2471800,DGW
2024-10-23,43.9,43.95,43.05,43.5,1813500,DGW
2024-10-24,43.6,43.85,42.9,42.9,1376400,DGW
2024-10-25,42.9,43.3,42.55,42.55,896000,DGW
2024-10-28,42.55,42.85,42.55,42.8,908400,DGW
2024-10-29,43.0,43.65,43.0,43.6,876900,DGW
2024-10-30,43.9,43.9,42.9,43.0,1047500,DGW
2024-10-31,43.1,43.2,42.85,43.05,625900,DGW
2024-11-01,43.05,43.05,42.55,42.6,707500,DGW
2024-11-04,42.6,42.85,41.8,42.3,1287800,DGW
2024-11-05,42.2,42.4,41.85,42.0,777200,DGW
2024-11-06,42.2,43.85,42.2,43.8,1498100,DGW
2024-11-07,44.2,44.2,43.3,43.45,629900,DGW
2024-11-08,43.5,43.6,42.7,43.4,1188400,DGW
2024-11-11,43.4,43.4,42.5,43.1,1073300,DGW
2024-11-12,43.0,43.35,42.4,42.5,1315100,DGW
2024-11-13,42.35,43.05,42.1,43.05,952200,DGW
2024-11-14,43.0,43.4,42.3,42.3,1106900,DGW
2024-11-15,42.35,42.35,41.0,41.2,1472800,DGW
2024-11-18,41.25,41.5,40.4,40.5,1160400,DGW
2024-11-19,40.95,40.95,40.5,40.55,667200,DGW
2024-11-20,40.45,41.4,39.7,41.0,1063500,DGW
2024-11-21,41.05,41.45,40.5,41.45,562400,DGW
2024-11-22,41.3,41.55,41.0,41.45,843100,DGW
2024-11-25,41.4,41.5,40.75,40.75,1187000,DGW
2024-11-26,40.95,41.4,40.8,40.85,1310800,DGW
2024-11-27,40.85,41.6,40.85,41.4,1188000,DGW
2024-11-28,41.85,41.85,41.15,41.15,655500,DGW
2024-11-29,41.15,43.35,40.05,43.25,4587700,DGW
2024-12-02,43.25,43.25,42.75,43.0,1072600,DGW
2024-12-03,42.8,43.25,42.35,42.35,2201200,DGW
2024-12-04,42.4,42.9,42.15,42.75,1516100,DGW
2024-12-05,42.4,43.6,42.2,43.45,2694700,DGW
2024-12-06,43.7,43.7,43.1,43.15,1633400,DGW
2024-12-09,43.15,43.2,42.8,42.9,1363700,DGW
2024-12-10,42.95,43.0,42.6,42.8,1024500,DGW
2024-12-11,42.8,43.05,42.45,42.5,1136800,DGW
2024-12-12,42.5,42.85,41.9,42.0,2216700,DGW
2024-12-13,42.0,42.2,41.35,41.4,1455500,DGW
2024-12-16,41.4,41.8,40.95,41.0,1208000,DGW
2024-12-17,41.2,41.75,41.1,41.7,676800,DGW
2024-12-18,41.65,41.95,41.05,41.7,1306200,DGW
2024-12-19,41.1,41.4,40.7,41.1,1542700,DGW
2024-12-20,41.1,41.5,41.0,41.35,789000,DGW
2024-12-23,41.85,41.9,41.45,41.55,613700,DGW
2024-12-24,41.5,41.6,40.95,41.4,966900,DGW
2024-12-25,41.4,41.85,41.35,41.35,1424500,DGW
2024-12-26,41.4,41.75,41.0,41.0,1200300,DGW
2024-12-27,41.0,41.3,40.85,40.85,1063900,DGW
2024-12-30,41.0,41.15,40.6,40.6,803500,DGW
2024-12-31,40.8,40.8,40.2,40.2,1133200,DGW
2025-01-02,40.45,41.3,40.05,41.3,1374600,DGW
2025-01-03,41.15,41.15,40.2,40.2,786500,DGW
2025-01-06,40.5,40.5,38.6,38.8,1754100,DGW
2025-01-07,39.0,39.3,37.8,37.8,2042500,DGW
2025-01-08,37.6,38.3,37.6,37.9,1032600,DGW
2025-01-09,38.0,38.25,37.8,37.8,507400,DGW
2025-01-10,37.8,38.1,37.4,37.4,840300,DGW
2025-01-13,37.15,37.75,37.05,37.5,814500,DGW
2025-01-14,37.6,38.0,37.45,37.45,311000,DGW
2025-01-15,37.5,37.65,37.25,37.25,669200,DGW
2025-01-16,37.8,37.9,37.35,37.35,487000,DGW
2025-01-17,37.35,37.8,37.35,37.7,816800,DGW
2025-01-20,38.0,38.45,37.9,38.3,637200,DGW
2025-01-21,38.6,38.6,37.6,37.6,924800,DGW
2025-01-22,37.75,37.8,37.25,37.25,1143600,DGW
2025-01-23,37.55,37.7,37.2,37.55,683300,DGW
2025-01-24,37.3,38.35,37.3,38.0,1054600,DGW
2025-02-03,38.0,38.65,37.7,38.15,748600,DGW
2025-02-04,38.2,38.65,38.05,38.6,601700,DGW
2025-02-05,38.95,38.95,38.5,38.55,759300,DGW
2025-02-06,38.85,39.35,38.45,39.05,1278100,DGW
2025-02-07,39.05,39.3,38.8,38.8,700100,DGW
2025-02-10,38.7,38.7,37.9,38.0,1109500,DGW
2025-02-11,37.7,38.0,37.55,37.65,800600,DGW
2025-02-12,37.5,38.2,37.5,37.8,469600,DGW
2025-02-13,37.5,37.95,37.5,37.75,395100,DGW
2025-02-14,37.7,38.2,37.55,37.85,1360400,DGW
2025-02-17,38.05,38.2,37.65,37.7,836000,DGW
2025-02-18,37.7,38.4,37.7,37.8,872000,DGW
2025-02-19,38.0,39.3,38.0,38.8,2806600,DGW
2025-02-20,39.0,39.1,38.65,38.75,1143200,DGW
2025-02-21,38.75,39.2,38.25,38.75,1752500,DGW
2025-02-24,38.75,39.2,38.5,39.2,990100,DGW
2025-02-25,39.5,39.8,38.9,38.9,1268400,DGW
2025-02-26,38.95,39.5,38.95,39.15,1152800,DGW
2025-02-27,39.15,39.4,38.7,39.3,940300,DGW
2025-02-28,39.5,40.35,39.3,39.8,2900100,DGW
2025-03-03,40.0,40.35,39.85,39.9,1016900,DGW
2025-03-04,39.7,39.9,39.0,39.75,1570000,DGW
2025-03-05,39.8,39.85,38.95,39.0,2435300,DGW
2025-03-06,39.0,41.0,39.0,41.0,3503700,DGW
2025-03-07,41.05,41.3,40.5,40.75,1851900,DGW
2025-03-10,40.75,41.0,40.45,40.65,1916400,DGW
2025-03-11,40.3,41.6,39.85,41.5,3240000,DGW
2025-03-12,41.7,41.7,41.15,41.15,1121400,DGW
2025-03-13,41.3,41.3,40.1,40.2,1464600,DGW
2025-03-14,40.2,40.7,40.1,40.3,1247800,DGW
2024-09-04,22.75,23.4,22.6,23.35,9372300,DIG
2024-09-05,23.35,23.7,22.75,22.85,12148300,DIG
2024-09-06,22.9,22.95,21.95,22.45,18662500,DIG
2024-09-09,22.4,22.8,22.2,22.45,6241800,DIG
2024-09-10,22.5,22.6,21.7,22.5,13617000,DIG
2024-09-11,22.35,22.35,21.5,21.9,8734800,DIG
2024-09-12,22.1,22.2,21.7,21.7,4728500,DIG
2024-09-13,21.75,22.1,21.6,22.0,6622500,DIG
2024-09-16,22.0,22.1,21.5,21.9,7796400,DIG
2024-09-17,21.7,22.6,21.7,22.5,12889800,DIG
2024-09-18,22.6,22.8,22.35,22.65,9181800,DIG
2024-09-19,22.65,23.1,22.65,22.9,10010300,DIG
2024-09-20,23.1,23.1,22.65,22.75,7578000,DIG
2024-09-23,22.75,22.8,22.4,22.6,5999200,DIG
2024-09-24,22.45,22.8,22.4,22.75,6848500,DIG
2024-09-25,22.9,23.3,22.85,23.05,12809600,DIG
2024-09-26,23.2,23.3,22.95,23.05,8730500,DIG
2024-09-27,23.2,23.55,22.9,23.2,12775200,DIG
2024-09-30,23.1,23.2,22.8,23.2,9750700,DIG
2024-10-01,23.35,23.45,22.85,22.9,12859200,DIG
2024-10-02,22.7,22.85,22.0,22.4,20544900,DIG
2024-10-03,22.2,22.35,21.55,21.9,15578800,DIG
2024-10-04,21.95,22.15,21.75,21.75,7983200,DIG
2024-10-07,21.95,22.0,21.6,21.7,4339600,DIG
2024-10-08,21.7,21.8,21.25,21.3,10233300,DIG
2024-10-09,21.45,21.65,21.3,21.4,5099700,DIG
2024-10-10,21.6,21.75,21.3,21.35,5787500,DIG
2024-10-11,21.35,21.7,21.35,21.5,4737700,DIG
2024-10-14,21.6,21.7,21.25,21.25,5610700,DIG
2024-10-15,21.25,21.35,19.85,20.35,24968000,DIG
2024-10-16,20.3,20.35,20.0,20.0,5026300,DIG
2024-10-17,20.15,21.3,19.95,21.05,10505600,DIG
2024-10-18,21.3,21.3,20.4,20.4,5175400,DIG
2024-10-21,20.4,20.7,20.25,20.25,5574400,DIG
2024-10-22,20.25,20.6,20.1,20.25,7320500,DIG
2024-10-23,20.4,21.15,20.25,20.95,11819700,DIG
2024-10-24,20.95,21.1,20.65,20.65,4716000,DIG
2024-10-25,20.9,21.3,20.7,21.05,9711700,DIG
2024-10-28,21.1,21.15,20.7,20.85,3767000,DIG
2024-10-29,21.1,21.1,20.5,20.5,6419600,DIG
2024-10-30,20.5,20.95,20.4,20.55,4423600,DIG
2024-10-31,20.55,20.9,20.5,20.55,3327700,DIG
2024-11-01,20.55,21.15,20.55,20.8,9829300,DIG
2024-11-04,20.95,21.05,20.6,20.95,5223000,DIG
2024-11-05,20.95,21.55,20.95,21.1,10143600,DIG
2024-11-06,21.35,21.4,20.8,21.05,7808600,DIG
2024-11-07,21.15,21.65,21.05,21.25,10026000,DIG
2024-11-08,21.25,21.35,20.8,20.85,6910000,DIG
2024-11-11,20.8,20.85,20.35,20.4,8429500,DIG
2024-11-12,20.5,20.7,20.3,20.35,4532000,DIG
2024-11-13,20.35,20.65,20.2,20.6,5227000,DIG
2024-11-14,20.65,20.75,20.05,20.15,4238900,DIG
2024-11-15,20.2,20.25,19.65,20.0,8556100,DIG
2024-11-18,20.0,20.2,19.55,19.9,5911500,DIG
2024-11-19,19.8,20.25,19.8,19.9,5624400,DIG
2024-11-20,20.0,21.2,19.9,20.75,14090800,DIG
2024-11-21,20.8,20.9,20.65,20.75,2749500,DIG
2024-11-22,20.9,20.9,20.45,20.5,4521000,DIG
2024-11-25,20.6,20.6,20.25,20.5,6001700,DIG
2024-11-26,20.4,21.0,20.4,20.6,7834500,DIG
2024-11-27,20.6,20.65,20.25,20.55,5192600,DIG
2024-11-28,20.6,20.7,20.25,20.35,4757700,DIG
2024-11-29,20.3,20.35,20.0,20.3,7817200,DIG
2024-12-02,20.4,20.6,20.2,20.3,5133400,DIG
2024-12-03,20.4,20.4,19.9,20.3,7593400,DIG
2024-12-04,20.3,20.5,19.9,20.2,8216400,DIG
2024-12-05,20.15,21.15,19.9,21.0,16331900,DIG
2024-12-06,21.0,21.15,20.7,20.85,7941500,DIG
2024-12-09,20.9,21.3,20.85,21.0,9391000,DIG
2024-12-10,21.0,21.2,20.95,21.0,5790300,DIG
2024-12-11,21.0,21.2,20.7,20.8,6132200,DIG
2024-12-12,20.85,20.9,20.5,20.75,6690200,DIG
2024-12-13,20.7,20.8,20.4,20.55,6446400,DIG
2024-12-16,20.5,20.5,19.8,20.15,16866300,DIG
2024-12-17,20.15,20.2,19.8,20.0,6520400,DIG
2024-12-18,19.9,20.1,19.85,19.9,4756800,DIG
2024-12-19,19.6,19.7,18.85,19.55,16592900,DIG
2024-12-20,19.4,19.5,19.0,19.0,5919200,DIG
2024-12-23,19.4,19.55,19.35,19.4,5459800,DIG
2024-12-24,19.25,19.4,18.85,19.2,7112700,DIG
2024-12-25,19.2,19.4,19.15,19.2,4028600,DIG
2024-12-26,19.3,19.6,19.2,19.2,5025500,DIG
2024-12-27,19.25,19.3,19.0,19.0,5210500,DIG
2024-12-30,19.0,19.1,18.65,18.9,6232900,DIG
2024-12-31,18.85,19.05,18.6,18.9,6186100,DIG
2025-01-02,18.95,19.3,18.8,19.3,4114400,DIG
2025-01-03,19.3,19.35,18.8,19.15,4830700,DIG
2025-01-06,19.15,19.15,18.5,18.75,5741900,DIG
2025-01-07,18.75,18.75,17.8,18.1,12234900,DIG
2025-01-08,18.0,18.4,17.6,18.4,6454100,DIG
2025-01-09,18.1,18.55,18.0,18.15,4096800,DIG
2025-01-10,18.15,18.25,17.65,17.9,4986700,DIG
2025-01-13,17.8,18.15,17.3,18.0,7211100,DIG
2025-01-14,18.0,18.1,17.7,17.9,2887600,DIG
2025-01-15,17.85,18.4,17.85,18.25,5697200,DIG
2025-01-16,18.35,18.55,18.2,18.35,3702600,DIG
2025-01-17,18.35,18.6,18.2,18.4,3834000,DIG
2025-01-20,18.25,18.45,18.1,18.4,4445300,DIG
2025-01-21,18.2,18.6,18.2,18.55,5377500,DIG
2025-01-22,18.6,18.6,18.2,18.35,3420700,DIG
2025-01-23,18.4,18.5,18.2,18.2,4535900,DIG
2025-01-24,18.2,18.5,17.45,17.7,17521200,DIG
2025-02-03,17.9,17.9,17.05,17.45,9421600,DIG
2025-02-04,17.45,17.75,17.35,17.7,7026400,DIG
2025-02-05,17.85,18.9,17.7,18.9,24114500,DIG
2025-02-06,18.95,19.0,18.65,18.8,6102100,DIG
2025-02-07,18.9,19.1,18.65,18.7,7375900,DIG
2025-02-10,18.6,18.65,18.25,18.35,8134100,DIG
2025-02-11,18.35,18.45,18.2,18.45,6890100,DIG
2025-02-12,18.6,18.65,18.2,18.3,5190900,DIG
2025-02-13,18.4,18.6,18.3,18.6,6098200,DIG
2025-02-14,18.8,18.95,18.45,18.45,6359100,DIG
2025-02-17,18.6,18.95,18.55,18.8,8246600,DIG
2025-02-18,18.9,19.65,18.75,19.25,14085200,DIG
2025-02-19,19.25,19.6,19.25,19.4,10455500,DIG
2025-02-20,19.5,19.7,19.15,19.2,11794900,DIG
2025-02-21,19.2,19.4,19.0,19.35,8696400,DIG
2025-02-24,19.4,19.6,19.2,19.35,5269600,DIG
2025-02-25,19.55,19.85,19.4,19.55,13689100,DIG
2025-02-26,19.55,19.65,19.25,19.35,6320500,DIG
2025-02-27,19.25,19.85,19.25,19.85,16083200,DIG
2025-02-28,19.9,20.2,19.7,19.9,13165500,DIG
2025-03-03,19.95,20.15,19.8,20.0,10269600,DIG
2025-03-04,20.0,20.4,19.85,19.95,13867300,DIG
2025-03-05,20.0,20.05,19.5,19.55,12616700,DIG
2025-03-06,19.55,20.0,19.5,20.0,10373700,DIG
2025-03-07,20.15,20.65,20.1,20.2,12653300,DIG
2025-03-10,20.25,20.35,20.05,20.15,9988100,DIG
2025-03-11,19.9,20.35,19.75,20.35,8930100,DIG
2025-03-12,20.5,20.5,20.0,20.15,7698800,DIG
2025-03-13,20.15,20.5,19.65,20.1,15950200,DIG
2025-03-14,20.1,21.2,19.85,20.65,25203700,DIG
2024-09-04,34.8,35.1,34.5,35.1,2110870,DPM
2024-09-05,35.25,35.3,34.5,34.75,1762300,DPM
2024-09-06,34.8,35.95,34.65,35.95,4405300,DPM
2024-09-09,35.65,35.85,34.9,35.45,2587100,DPM
2024-09-10,35.7,35.7,34.9,34.95,2856900,DPM
2024-09-11,34.9,35.2,34.5,34.9,2404900,DPM
2024-09-12,35.0,35.85,35.0,35.2,3080500,DPM
2024-09-13,35.35,35.75,35.1,35.5,2351100,DPM
2024-09-16,35.75,36.4,35.7,35.7,6637900,DPM
2024-09-17,35.7,35.8,35.4,35.8,1801000,DPM
2024-09-18,36.0,36.0,35.45,35.55,2508400,DPM
2024-09-19,35.65,35.75,35.2,35.6,2339800,DPM
2024-09-20,35.8,36.15,35.35,35.5,3219600,DPM
2024-09-23,35.6,36.1,35.4,35.6,2308400,DPM
2024-09-24,35.7,35.75,35.45,35.6,1477000,DPM
2024-09-25,35.7,36.35,35.6,36.1,7227100,DPM
2024-09-26,36.4,36.6,35.85,36.0,3918700,DPM
2024-09-27,36.15,36.15,35.7,36.0,2975500,DPM
2024-09-30,36.0,36.1,35.55,35.6,3172000,DPM
2024-10-01,35.7,36.0,35.55,35.55,3226000,DPM
2024-10-02,35.6,35.95,35.5,35.65,2604300,DPM
2024-10-03,35.85,35.85,34.85,35.15,4531600,DPM
2024-10-04,35.2,35.5,35.0,35.1,1956200,DPM
2024-10-07,35.25,35.3,34.85,35.0,2015400,DPM
2024-10-08,35.1,35.15,34.5,34.8,3273300,DPM
2024-10-09,34.9,35.3,34.8,35.3,1675600,DPM
2024-10-10,35.15,35.55,34.9,34.9,2497700,DPM
2024-10-11,35.0,35.2,34.9,35.2,794900,DPM
2024-10-14,35.4,35.4,34.85,35.0,1883600,DPM
2024-10-15,35.1,35.15,34.55,34.65,1498500,DPM
2024-10-16,34.95,34.95,34.0,34.15,2935700,DPM
2024-10-17,34.35,34.5,33.9,34.5,1455700,DPM
2024-10-18,34.55,34.75,34.3,34.4,1437300,DPM
2024-10-21,34.5,34.5,34.1,34.1,796500,DPM
2024-10-22,34.1,34.45,33.85,34.1,1346900,DPM
2024-10-23,33.9,34.15,33.85,34.05,1147900,DPM
2024-10-24,34.05,34.5,34.0,34.05,1564500,DPM
2024-10-25,34.2,34.45,34.05,34.05,881800,DPM
2024-10-28,34.05,34.25,33.95,34.2,722500,DPM
2024-10-29,34.25,35.0,34.25,34.95,2915100,DPM
2024-10-30,34.95,34.95,34.5,34.6,1106900,DPM
2024-10-31,34.6,34.7,34.3,34.55,1038500,DPM
2024-11-01,34.4,34.4,33.8,33.9,3353200,DPM
2024-11-04,33.75,33.95,33.2,33.45,1856000,DPM
2024-11-05,33.6,33.75,33.3,33.45,723600,DPM
2024-11-06,33.5,34.05,33.5,33.95,972900,DPM
2024-11-07,34.1,34.1,33.7,33.7,930400,DPM
2024-11-08,33.7,33.85,33.4,33.5,2217000,DPM
2024-11-11,33.6,33.9,33.35,33.75,1536000,DPM
2024-11-12,33.9,34.4,33.85,33.85,1797800,DPM
2024-11-13,33.95,34.35,33.6,34.05,1624600,DPM
2024-11-14,33.9,34.35,33.9,34.15,3113300,DPM
2024-11-15,34.0,34.3,33.7,33.7,1753800,DPM
2024-11-18,33.6,33.9,33.25,33.75,1299300,DPM
2024-11-19,33.75,33.9,33.5,33.5,935700,DPM
2024-11-20,33.5,34.0,33.0,33.8,1688600,DPM
2024-11-21,33.85,34.85,33.6,34.85,3209700,DPM
2024-11-22,34.85,35.6,34.7,35.5,5767900,DPM
2024-11-25,35.5,35.65,35.2,35.4,3941400,DPM
2024-11-26,35.5,36.5,35.5,36.35,8413000,DPM
2024-11-27,36.6,36.65,35.25,35.5,6489700,DPM
2024-11-28,35.6,35.75,35.05,35.2,2514100,DPM
2024-11-29,35.2,35.75,35.0,35.35,3649100,DPM
2024-12-02,35.6,35.75,34.85,35.65,4019400,DPM
2024-12-03,35.7,36.2,35.4,35.85,3602700,DPM
2024-12-04,35.9,36.4,35.35,35.8,8028300,DPM
2024-12-05,35.6,36.3,35.6,36.3,3529100,DPM
2024-12-06,36.35,37.7,36.35,36.5,8734000,DPM
2024-12-09,36.5,36.7,36.05,36.15,4063900,DPM
2024-12-10,36.15,36.25,35.65,35.9,3545300,DPM
2024-12-11,36.05,36.05,35.45,35.65,2658600,DPM
2024-12-12,35.7,35.8,35.4,35.45,2102900,DPM
2024-12-13,35.4,35.75,35.25,35.3,1740100,DPM
2024-12-16,35.3,35.5,35.05,35.25,2021800,DPM
2024-12-17,35.35,35.4,34.95,35.1,1772600,DPM
2024-12-18,35.1,35.35,34.75,35.25,2540600,DPM
2024-12-19,34.95,35.6,34.8,35.2,2378800,DPM
2024-12-20,35.4,35.4,35.05,35.1,1578800,DPM
2024-12-23,35.2,35.4,35.0,35.35,1813000,DPM
2024-12-24,35.4,35.85,35.15,35.55,3096800,DPM
2024-12-25,35.75,35.8,35.3,35.4,2538400,DPM
2024-12-26,35.4,35.45,35.2,35.2,1850700,DPM
2024-12-27,35.35,36.2,35.05,35.6,4326900,DPM
2024-12-30,35.7,36.0,35.45,35.45,2026200,DPM
2024-12-31,35.35,35.6,35.0,35.0,2228400,DPM
2025-01-02,35.1,35.45,35.1,35.4,1109400,DPM
2025-01-03,35.4,35.9,35.25,35.55,3355200,DPM
2025-01-06,35.6,35.75,34.6,35.0,2287800,DPM
2025-01-07,35.0,35.15,34.2,34.4,2434200,DPM
2025-01-08,34.2,34.6,34.05,34.55,1513900,DPM
2025-01-09,34.55,34.6,34.1,34.15,642300,DPM
2025-01-10,34.15,34.4,33.5,33.5,2039100,DPM
2025-01-13,33.4,34.1,33.3,34.1,1586800,DPM
2025-01-14,34.3,34.45,34.0,34.0,630800,DPM
2025-01-15,34.2,34.25,33.95,34.0,623900,DPM
2025-01-16,34.2,34.4,34.1,34.1,710100,DPM
2025-01-17,34.25,34.5,34.1,34.3,709200,DPM
2025-01-20,34.25,34.5,34.15,34.3,574600,DPM
2025-01-21,34.1,34.4,33.95,34.0,744500,DPM
2025-01-22,34.05,34.1,33.5,33.5,873000,DPM
2025-01-23,33.65,34.9,33.65,34.4,1355500,DPM
2025-01-24,34.4,35.1,34.4,34.6,1293500,DPM
2025-02-03,34.65,35.3,34.4,34.95,1758200,DPM
2025-02-04,35.2,35.45,34.95,35.1,2470700,DPM
2025-02-05,35.4,35.55,35.1,35.2,2556200,DPM
2025-02-06,35.25,35.75,35.15,35.4,1698500,DPM
2025-02-07,35.45,35.5,34.85,34.9,2342900,DPM
2025-02-10,35.0,35.1,34.4,34.4,2480800,DPM
2025-02-11,34.4,34.75,34.4,34.7,1388700,DPM
2025-02-12,34.8,35.2,34.7,34.8,2758500,DPM
2025-02-13,34.95,36.6,34.9,36.45,9295500,DPM
2025-02-14,36.6,36.8,36.15,36.15,4345900,DPM
2025-02-17,36.35,37.15,36.25,36.3,5293400,DPM
2025-02-18,36.3,36.4,36.0,36.15,3471100,DPM
2025-02-19,36.2,36.9,36.1,36.7,5750700,DPM
2025-02-20,36.7,37.4,36.55,37.2,7164600,DPM
2025-02-21,37.15,37.35,36.9,37.2,3810800,DPM
2025-02-24,37.1,37.2,36.4,36.8,4823200,DPM
2025-02-25,37.0,37.8,36.7,37.1,5846500,DPM
2025-02-26,37.5,37.8,37.1,37.15,2751100,DPM
2025-02-27,37.15,37.15,36.5,36.95,3457600,DPM
2025-02-28,36.9,37.1,36.6,36.7,2574300,DPM
2025-03-03,36.9,37.3,36.7,36.85,2073600,DPM
2025-03-04,36.7,37.05,36.45,36.85,3302800,DPM
2025-03-05,36.85,36.95,36.3,36.3,3364100,DPM
2025-03-06,36.4,36.5,36.05,36.45,3370500,DPM
2025-03-07,36.5,37.5,36.45,36.85,5379700,DPM
2025-03-10,37.0,37.0,36.5,36.7,2233800,DPM
2025-03-11,36.5,37.3,36.5,36.75,4708500,DPM
2025-03-12,36.9,36.9,36.45,36.5,2629600,DPM
2025-03-13,36.55,36.6,35.6,35.65,5778600,DPM
2025-03-14,35.7,35.95,35.55,35.65,2652900,DPM
2024-09-04,24.28,24.28,23.94,24.08,107800,DSE
2024-09-05,24.08,24.38,23.99,24.23,247837,DSE
2024-09-06,24.23,25.89,24.18,25.89,1027990,DSE
2024-09-09,25.85,26.19,25.45,26.19,434141,DSE
2024-09-10,26.04,26.14,25.21,25.21,206901,DSE
2024-09-11,25.21,25.55,24.18,25.55,379794,DSE
2024-09-12,25.45,25.94,25.45,25.94,245923,DSE
2024-09-13,25.85,26.14,25.85,26.09,256524,DSE
2024-09-16,26.09,26.14,25.45,25.8,197337,DSE
2024-09-17,25.8,25.8,25.06,25.55,230875,DSE
2024-09-18,25.55,25.55,25.31,25.31,153969,DSE
2024-09-19,25.31,25.45,24.82,24.82,225085,DSE
2024-09-20,24.82,25.06,24.52,24.96,197537,DSE
2024-09-23,24.96,25.11,24.77,24.77,121445,DSE
2024-09-24,24.77,24.87,23.06,24.38,232300,DSE
2024-09-25,24.38,24.67,24.28,24.67,134800,DSE
2024-09-26,24.67,24.87,24.57,24.72,140954,DSE
2024-09-27,24.72,24.87,24.52,24.62,149102,DSE
2024-09-30,24.62,24.67,24.43,24.57,161865,DSE
2024-10-01,24.57,25.11,24.57,25.11,349820,DSE
2024-10-02,25.11,25.36,24.62,25.36,412512,DSE
2024-10-03,25.36,25.55,25.31,25.45,193997,DSE
2024-10-04,25.45,25.5,25.26,25.41,177307,DSE
2024-10-07,25.36,25.7,25.26,25.26,207860,DSE
2024-10-08,25.26,25.41,25.16,25.26,215827,DSE
2024-10-09,25.26,25.45,25.21,25.41,224812,DSE
2024-10-10,25.41,25.5,25.31,25.41,219609,DSE
2024-10-11,25.36,25.41,25.26,25.41,149705,DSE
2024-10-14,25.41,25.41,24.96,25.26,141223,DSE
2024-10-15,25.26,25.26,24.43,24.48,269944,DSE
2024-10-16,24.48,24.52,24.33,24.33,156607,DSE
2024-10-17,24.33,24.43,24.18,24.43,167150,DSE
2024-10-18,24.48,24.57,24.33,24.43,123508,DSE
2024-10-21,24.43,24.48,24.18,24.18,160003,DSE
2024-10-22,24.18,24.18,23.99,24.13,150552,DSE
2024-10-23,24.13,24.23,24.03,24.18,157417,DSE
2024-10-24,24.28,24.28,24.08,24.18,157976,DSE
2024-10-25,24.18,24.28,24.08,24.18,156452,DSE
2024-10-28,24.18,24.23,24.08,24.13,163359,DSE
2024-10-29,24.13,24.28,24.13,24.18,175878,DSE
2024-10-30,24.18,24.28,23.99,24.03,163045,DSE
2024-10-31,24.03,24.13,23.84,24.13,176015,DSE
2024-11-01,24.13,24.13,23.5,23.99,172686,DSE
2024-11-04,23.99,23.99,23.54,23.94,176461,DSE
2024-11-05,23.94,23.94,23.74,23.89,146147,DSE
2024-11-06,23.89,23.94,23.59,23.89,186031,DSE
2024-11-07,23.89,23.94,23.74,23.79,169166,DSE
2024-11-08,23.79,23.89,23.59,23.59,175681,DSE
2024-11-11,23.59,23.69,23.15,23.3,211731,DSE
2024-11-12,23.3,23.35,23.1,23.15,140915,DSE
2024-11-13,23.15,23.2,22.86,23.06,174530,DSE
2024-11-14,23.06,23.06,22.71,22.71,156904,DSE
2024-11-15,22.71,22.71,22.17,22.32,161703,DSE
2024-11-18,22.32,22.32,21.73,21.88,238951,DSE
2024-11-19,21.88,21.98,21.39,21.39,202823,DSE
2024-11-20,21.39,22.81,21.34,22.76,759160,DSE
2024-11-21,22.76,23.01,22.61,22.81,410616,DSE
2024-11-22,22.81,23.06,22.76,22.91,422986,DSE
2024-11-25,22.91,23.1,22.52,23.1,551618,DSE
2024-11-26,23.1,23.35,23.1,23.3,467915,DSE
2024-11-27,23.3,23.5,23.15,23.35,368378,DSE
2024-11-28,23.35,23.6,23.35,23.5,218508,DSE
2024-11-29,23.5,23.55,23.3,23.55,278158,DSE
2024-12-02,23.35,24.15,23.1,24.15,417605,DSE
2024-12-03,24.15,24.2,23.85,24.2,234267,DSE
2024-12-04,24.2,24.2,23.7,24.1,284354,DSE
2024-12-05,24.1,24.9,23.95,24.9,555342,DSE
2024-12-06,24.9,24.9,24.7,24.7,219804,DSE
2024-12-09,24.7,24.7,24.45,24.6,243602,DSE
2024-12-10,24.6,24.7,24.0,24.7,462600,DSE
2024-12-11,24.65,25.05,24.2,25.05,613800,DSE
2024-12-12,24.9,25.5,24.8,25.45,677700,DSE
2024-12-13,25.35,25.55,25.25,25.35,686700,DSE
2024-12-16,25.25,26.0,24.5,26.0,662400,DSE
2024-12-17,25.85,26.25,25.8,26.25,493100,DSE
2024-12-18,26.1,26.4,26.1,26.4,616500,DSE
2024-12-19,26.35,26.35,25.6,26.0,359800,DSE
2024-12-20,26.1,26.65,25.8,25.95,283300,DSE
2024-12-23,25.9,26.4,25.35,26.4,887100,DSE
2024-12-24,26.25,26.75,26.0,26.75,601400,DSE
2024-12-25,26.6,26.9,26.4,26.4,722900,DSE
2024-12-26,26.3,26.75,25.65,26.75,745100,DSE
2024-12-27,26.6,27.0,26.3,26.85,635200,DSE
2024-12-30,26.7,26.9,26.45,26.8,680300,DSE
2024-12-31,26.7,26.7,26.2,26.5,471800,DSE
2025-01-02,26.5,26.8,26.2,26.3,499700,DSE
2025-01-03,26.25,26.25,25.3,25.3,400300,DSE
2025-01-06,25.25,25.25,24.5,24.6,281700,DSE
2025-01-07,24.6,24.6,24.05,24.25,230400,DSE
2025-01-08,24.2,25.0,23.75,25.0,485000,DSE
2025-01-09,24.9,25.25,24.35,25.25,424600,DSE
2025-01-10,25.2,25.2,24.5,25.2,467100,DSE
2025-01-13,25.1,26.3,24.55,26.3,567800,DSE
2025-01-14,26.25,26.35,25.65,26.15,467800,DSE
2025-01-15,26.15,26.25,25.8,26.25,398400,DSE
2025-01-16,26.25,26.25,25.8,26.0,180900,DSE
2025-01-17,26.0,26.0,25.55,25.85,435600,DSE
2025-01-20,25.75,25.75,25.45,25.55,564600,DSE
2025-01-21,25.5,25.75,25.45,25.6,403000,DSE
2025-01-22,25.55,25.7,25.45,25.6,372700,DSE
2025-01-23,25.55,26.05,25.45,26.05,638600,DSE
2025-01-24,26.05,26.5,26.05,26.5,581700,DSE
2025-02-03,26.45,26.45,25.75,25.75,398800,DSE
2025-02-04,25.7,26.0,25.55,25.9,337600,DSE
2025-02-05,25.85,25.9,25.5,25.5,419800,DSE
2025-02-06,25.5,25.6,25.45,25.5,476300,DSE
2025-02-07,25.5,25.5,25.0,25.15,417900,DSE
2025-02-10,25.15,25.15,24.65,24.65,275400,DSE
2025-02-11,24.65,24.65,24.3,24.3,339000,DSE
2025-02-12,24.2,24.5,24.1,24.35,347200,DSE
2025-02-13,24.35,24.35,24.1,24.1,355200,DSE
2025-02-14,24.1,25.75,23.95,25.75,1343000,DSE
2025-02-17,25.8,25.8,25.25,25.8,621900,DSE
2025-02-18,25.7,25.85,25.5,25.5,606500,DSE
2025-02-19,25.5,26.0,25.4,25.65,740800,DSE
2025-02-20,25.65,25.7,25.25,25.25,541500,DSE
2025-02-21,25.25,25.75,24.75,25.75,1190000,DSE
2025-02-24,25.6,26.65,25.5,26.65,869600,DSE
2025-02-25,26.6,27.0,26.55,26.65,1008700,DSE
2025-02-26,26.6,27.8,26.55,27.5,1641500,DSE
2025-02-27,27.5,28.0,26.55,26.95,1662600,DSE
2025-02-28,26.9,27.25,25.8,27.25,1325500,DSE
2025-03-03,27.2,27.75,26.55,27.65,730400,DSE
2025-03-04,27.5,27.5,26.4,26.6,1546300,DSE
2025-03-05,26.6,26.85,25.15,25.3,1019300,DSE
2025-03-06,25.4,25.85,25.2,25.25,608200,DSE
2025-03-07,25.25,25.7,25.1,25.1,818100,DSE
2025-03-10,25.1,25.5,24.6,24.65,928300,DSE
2025-03-11,24.6,25.05,24.35,25.0,537100,DSE
2025-03-12,25.0,25.25,24.5,25.1,958700,DSE
2025-03-13,25.05,25.25,24.7,25.2,732100,DSE
2025-03-14,25.15,25.6,24.9,25.05,727900,DSE
2024-09-04,14.73,15.3,14.73,15.25,14474472,DXG
2024-09-05,15.3,15.49,14.87,14.97,23406626,DXG
2024-09-06,14.92,15.01,14.68,14.82,10402851,DXG
2024-09-09,14.73,14.97,14.53,14.82,8266775,DXG
2024-09-10,14.92,14.97,14.15,14.2,19870928,DXG
2024-09-11,14.15,14.49,13.82,14.3,14088199,DXG
2024-09-12,14.49,14.49,14.01,14.01,4868467,DXG
2024-09-13,14.1,14.73,13.96,14.68,14582905,DXG
2024-09-16,14.49,14.73,14.3,14.3,6015475,DXG
2024-09-17,14.3,14.92,14.25,14.87,11012173,DXG
2024-09-18,14.92,15.16,14.77,15.01,11629154,DXG
2024-09-19,15.01,15.35,14.97,15.16,16371267,DXG
2024-09-20,15.25,15.35,14.92,14.97,11022465,DXG
2024-09-23,14.97,15.16,14.82,14.92,5992212,DXG
2024-09-24,14.92,15.16,14.92,15.16,7576230,DXG
2024-09-25,15.25,15.73,15.21,15.59,28862076,DXG
2024-09-26,15.64,15.83,15.54,15.64,15025529,DXG
2024-09-27,15.93,16.17,15.64,15.88,25297246,DXG
2024-09-30,15.64,16.02,15.59,16.02,13244016,DXG
2024-10-01,16.21,16.26,15.73,16.02,13559324,DXG
2024-10-02,15.83,15.93,15.25,15.25,18331066,DXG
2024-10-03,15.21,15.35,14.49,14.73,28875841,DXG
2024-10-04,14.73,14.97,14.58,14.58,8128829,DXG
2024-10-07,14.77,14.87,14.49,14.58,6366475,DXG
2024-10-08,14.63,14.68,14.25,14.63,9944479,DXG
2024-10-09,14.68,14.87,14.63,14.82,6173420,DXG
2024-10-10,14.97,14.97,14.58,14.58,6375525,DXG
2024-10-11,14.58,14.87,14.58,14.82,6005228,DXG
2024-10-14,15.01,15.01,14.53,14.53,7855012,DXG
2024-10-15,14.58,14.77,14.06,14.39,17280382,DXG
2024-10-16,14.34,14.44,14.25,14.44,4216511,DXG
2024-10-17,14.39,15.45,14.39,15.45,27913562,DXG
2024-10-18,15.54,15.59,15.4,15.4,14576374,DXG
2024-10-21,15.4,15.88,15.4,15.49,21526679,DXG
2024-10-22,15.54,16.02,15.35,15.54,21965961,DXG
2024-10-23,15.54,16.02,15.25,15.93,22456087,DXG
2024-10-24,15.93,15.93,15.54,15.59,12311339,DXG
2024-10-25,15.54,16.31,15.49,15.93,30444846,DXG
2024-10-28,16.07,16.26,15.78,16.17,21338885,DXG
2024-10-29,16.31,16.45,15.49,15.69,28995023,DXG
2024-10-30,15.69,15.97,15.69,15.88,11122807,DXG
2024-10-31,15.88,15.93,15.69,15.93,6335158,DXG
2024-11-01,15.83,16.17,15.83,16.07,18095520,DXG
2024-11-04,16.07,16.36,15.93,16.12,20847919,DXG
2024-11-05,16.17,16.45,16.07,16.07,18678429,DXG
2024-11-06,16.21,16.21,15.78,16.21,17462299,DXG
2024-11-07,16.31,16.65,16.12,16.21,22745562,DXG
2024-11-08,16.21,16.21,15.69,15.69,18587538,DXG
2024-11-11,15.69,15.73,15.16,15.54,21203711,DXG
2024-11-12,15.64,15.64,15.25,15.4,9342433,DXG
2024-11-13,15.35,15.88,15.25,15.73,15281747,DXG
2024-11-14,15.83,15.83,15.35,15.35,9344748,DXG
2024-11-15,15.35,15.64,15.06,15.49,15360276,DXG
2024-11-18,15.4,15.97,15.25,15.78,9861961,DXG
2024-11-19,15.88,15.88,15.3,15.45,9645475,DXG
2024-11-20,15.35,16.5,15.35,16.41,48858657,DXG
2024-11-21,16.41,16.6,16.17,16.55,9717100,DXG
2024-11-22,16.5,16.6,16.02,16.12,21138243,DXG
2024-11-25,16.12,16.45,16.07,16.31,14782568,DXG
2024-11-26,16.31,17.13,16.31,16.5,30242092,DXG
2024-11-27,16.6,16.69,16.41,16.65,11718754,DXG
2024-11-28,16.89,17.03,16.65,16.69,13246031,DXG
2024-11-29,16.6,16.84,16.5,16.79,13264582,DXG
2024-12-02,16.89,16.93,16.41,16.55,11431206,DXG
2024-12-03,16.55,16.79,16.5,16.55,12558989,DXG
2024-12-04,16.55,16.69,15.97,16.12,19125450,DXG
2024-12-05,16.17,17.22,15.97,17.22,37492540,DXG
2024-12-06,17.27,17.37,16.98,16.98,10356175,DXG
2024-12-09,16.98,17.51,16.98,17.27,16896578,DXG
2024-12-10,17.22,17.41,16.98,17.08,9639607,DXG
2024-12-11,16.98,17.17,16.93,17.13,9646898,DXG
2024-12-12,17.17,17.41,17.13,17.27,13217315,DXG
2024-12-13,17.17,17.32,17.03,17.08,6473924,DXG
2024-12-16,17.13,17.22,16.89,17.22,9273395,DXG
2024-12-17,17.27,17.37,17.08,17.27,8411935,DXG
2024-12-18,17.27,17.37,17.17,17.32,8749539,DXG
2024-12-19,17.08,17.22,16.89,17.13,12568114,DXG
2024-12-20,17.13,17.22,17.03,17.13,6080922,DXG
2024-12-23,17.17,17.27,16.93,16.93,5504084,DXG
2024-12-24,16.65,16.69,15.78,15.78,53074627,DXG
2024-12-25,15.64,15.64,15.21,15.64,36098203,DXG
2024-12-26,15.64,15.78,15.3,15.35,10268903,DXG
2024-12-27,15.35,15.4,14.87,15.06,20514248,DXG
2024-12-30,15.01,15.25,14.49,15.16,24539219,DXG
2024-12-31,15.01,15.11,14.82,14.97,7460546,DXG
2025-01-02,14.97,15.3,14.92,15.06,9664795,DXG
2025-01-03,15.06,15.06,14.73,15.06,20700317,DXG
2025-01-06,15.3,15.45,14.7,14.75,10255574,DXG
2025-01-07,14.9,14.95,14.05,14.5,12533322,DXG
2025-01-08,14.45,15.05,14.2,15.0,12471750,DXG
2025-01-09,14.95,15.1,14.8,14.95,3355283,DXG
2025-01-10,14.95,15.0,14.4,14.4,6584620,DXG
2025-01-13,14.3,14.85,14.2,14.75,6384123,DXG
2025-01-14,14.65,14.75,14.5,14.5,2425136,DXG
2025-01-15,14.5,14.7,14.45,14.5,3661956,DXG
2025-01-16,14.6,14.9,14.5,14.9,5958841,DXG
2025-01-17,14.95,15.1,14.8,15.0,4621500,DXG
2025-01-20,15.0,15.05,14.85,14.9,4005900,DXG
2025-01-21,14.95,15.0,14.6,14.9,4011200,DXG
2025-01-22,14.9,14.95,14.65,14.7,9327300,DXG
2025-01-23,14.9,15.25,14.75,15.15,8701900,DXG
2025-01-24,15.15,15.3,14.95,15.25,6223400,DXG
2025-02-03,14.9,15.15,14.7,15.05,11794000,DXG
2025-02-04,15.1,15.3,14.9,15.25,7227000,DXG
2025-02-05,15.35,15.8,15.35,15.45,16221600,DXG
2025-02-06,15.4,15.5,15.1,15.2,8553900,DXG
2025-02-07,15.2,15.4,15.15,15.25,6742300,DXG
2025-02-10,15.2,15.2,14.65,14.65,14891600,DXG
2025-02-11,14.75,14.8,14.55,14.65,8204400,DXG
2025-02-12,14.75,14.75,14.4,14.55,12551400,DXG
2025-02-13,14.55,14.6,14.4,14.4,7339400,DXG
2025-02-14,14.5,14.8,14.5,14.55,11781800,DXG
2025-02-17,14.55,14.8,14.55,14.6,6954200,DXG
2025-02-18,14.65,15.0,14.65,14.75,8129900,DXG
2025-02-19,14.8,15.35,14.75,15.3,15888000,DXG
2025-02-20,15.4,15.5,15.1,15.3,8394900,DXG
2025-02-21,15.3,15.45,15.15,15.15,8882800,DXG
2025-02-24,15.15,15.35,15.05,15.35,9298000,DXG
2025-02-25,15.5,15.8,15.4,15.4,13644300,DXG
2025-02-26,15.5,15.6,15.25,15.35,8372500,DXG
2025-02-27,15.2,16.0,15.2,15.95,22543000,DXG
2025-02-28,15.95,16.3,15.8,16.3,22791800,DXG
2025-03-03,16.2,16.4,16.1,16.2,10694200,DXG
2025-03-04,16.15,16.4,15.95,16.25,17028700,DXG
2025-03-05,16.35,16.4,15.9,15.9,9585600,DXG
2025-03-06,15.95,16.35,15.9,16.35,10914500,DXG
2025-03-07,16.5,16.8,16.35,16.35,18771500,DXG
2025-03-10,16.55,16.7,16.3,16.4,9711200,DXG
2025-03-11,16.1,16.7,16.1,16.7,13843500,DXG
2025-03-12,16.8,16.85,16.35,16.55,12618100,DXG
2025-03-13,16.55,16.7,16.05,16.05,14251100,DXG
2025-03-14,16.1,16.75,16.05,16.3,15906400,DXG
2024-09-04,5.8,5.96,5.75,5.94,654700,DXS
2024-09-05,5.95,6.07,5.92,5.94,884100,DXS
2024-09-06,5.94,5.96,5.86,5.94,531400,DXS
2024-09-09,5.94,5.98,5.86,5.88,398900,DXS
2024-09-10,5.88,5.91,5.73,5.76,605000,DXS
2024-09-11,5.7,5.8,5.6,5.76,670300,DXS
2024-09-12,5.77,5.8,5.69,5.69,339800,DXS
2024-09-13,5.7,5.79,5.67,5.78,338300,DXS
2024-09-16,5.7,5.89,5.68,5.7,308200,DXS
2024-09-17,5.65,5.8,5.65,5.79,565300,DXS
2024-09-18,5.79,5.85,5.78,5.8,320400,DXS
2024-09-19,5.83,6.09,5.83,5.98,896100,DXS
2024-09-20,6.08,6.08,5.9,5.9,393000,DXS
2024-09-23,5.9,5.93,5.81,5.85,347000,DXS
2024-09-24,5.81,5.94,5.81,5.87,519700,DXS
2024-09-25,5.88,6.05,5.88,5.96,1815200,DXS
2024-09-26,6.01,6.1,5.95,5.97,834900,DXS
2024-09-27,6.0,6.08,5.94,5.97,1126000,DXS
2024-09-30,5.97,5.97,5.85,5.93,521900,DXS
2024-10-01,5.93,6.03,5.86,5.95,750200,DXS
2024-10-02,5.95,5.95,5.83,5.83,614200,DXS
2024-10-03,5.9,5.9,5.65,5.7,1370200,DXS
2024-10-04,5.7,5.7,5.64,5.65,443300,DXS
2024-10-07,5.67,5.74,5.6,5.66,153100,DXS
2024-10-08,5.72,5.72,5.62,5.64,193300,DXS
2024-10-09,5.7,5.7,5.64,5.66,196400,DXS
2024-10-10,5.68,5.68,5.62,5.66,407700,DXS
2024-10-11,5.66,5.69,5.63,5.64,403800,DXS
2024-10-14,5.64,5.69,5.59,5.59,361000,DXS
2024-10-15,5.6,5.67,5.49,5.5,709100,DXS
2024-10-16,5.5,5.56,5.48,5.5,263300,DXS
2024-10-17,5.51,5.76,5.5,5.75,985600,DXS
2024-10-18,5.8,5.83,5.65,5.65,412100,DXS
2024-10-21,5.67,5.78,5.64,5.7,523000,DXS
2024-10-22,5.7,5.95,5.65,5.79,822700,DXS
2024-10-23,5.83,5.95,5.76,5.9,746900,DXS
2024-10-24,5.9,5.91,5.78,5.8,498300,DXS
2024-10-25,5.77,6.0,5.77,5.89,1351600,DXS
2024-10-28,5.89,5.89,5.79,5.81,703900,DXS
2024-10-29,5.84,5.95,5.74,5.77,578500,DXS
2024-10-30,5.77,5.85,5.71,5.8,264800,DXS
2024-10-31,5.8,5.85,5.72,5.78,220700,DXS
2024-11-01,5.78,5.85,5.71,5.77,379600,DXS
2024-11-04,5.83,5.86,5.71,5.71,758100,DXS
2024-11-05,5.79,5.85,5.77,5.79,719900,DXS
2024-11-06,5.85,5.85,5.78,5.82,434500,DXS
2024-11-07,5.88,6.22,5.82,6.22,5840600,DXS
2024-11-08,6.26,6.44,6.22,6.39,3381900,DXS
2024-11-11,6.38,6.55,6.29,6.39,2566800,DXS
2024-11-12,6.39,6.42,6.26,6.35,1537300,DXS
2024-11-13,6.33,6.79,6.19,6.79,3964200,DXS
2024-11-14,6.93,7.09,6.73,6.73,2370500,DXS
2024-11-15,6.64,6.88,6.6,6.77,2275000,DXS
2024-11-18,6.82,6.85,6.6,6.85,1092300,DXS
2024-11-19,6.95,6.98,6.62,6.62,831800,DXS
2024-11-20,6.6,7.08,6.56,7.05,6486100,DXS
2024-11-21,7.09,7.5,7.05,7.5,3817500,DXS
2024-11-22,7.49,7.5,7.34,7.48,1898600,DXS
2024-11-25,7.5,7.65,7.42,7.55,1913900,DXS
2024-11-26,7.54,7.84,7.5,7.73,2761000,DXS
2024-11-27,7.73,7.75,7.36,7.55,1717100,DXS
2024-11-28,7.63,7.7,7.35,7.58,2161200,DXS
2024-11-29,7.58,7.7,7.4,7.7,1945500,DXS
2024-12-02,7.66,7.73,7.49,7.49,1505600,DXS
2024-12-03,7.51,7.65,7.47,7.65,1695400,DXS
2024-12-04,7.58,7.78,7.4,7.57,1921300,DXS
2024-12-05,7.57,7.86,7.49,7.77,5633300,DXS
2024-12-06,7.78,7.8,7.56,7.56,1691900,DXS
2024-12-09,7.56,7.79,7.48,7.78,2806600,DXS
2024-12-10,7.8,8.3,7.8,7.93,5251600,DXS
2024-12-11,7.93,7.93,7.7,7.85,2146600,DXS
2024-12-12,7.86,7.86,7.62,7.67,2234400,DXS
2024-12-13,7.65,7.74,7.46,7.74,1999800,DXS
2024-12-16,7.65,7.74,7.54,7.6,1125200,DXS
2024-12-17,7.6,7.83,7.56,7.71,1383700,DXS
2024-12-18,7.74,8.14,7.66,7.99,3080900,DXS
2024-12-19,7.85,8.14,7.85,8.03,2614200,DXS
2024-12-20,8.05,8.1,7.81,7.9,1481300,DXS
2024-12-23,7.99,7.99,7.71,7.74,1981900,DXS
2024-12-24,7.73,7.73,7.2,7.2,6055900,DXS
2024-12-25,7.0,7.3,6.94,7.3,4553700,DXS
2024-12-26,7.31,7.31,7.1,7.29,1746500,DXS
2024-12-27,7.21,7.21,7.05,7.16,1893400,DXS
2024-12-30,7.14,7.16,7.0,7.07,1506600,DXS
2024-12-31,7.12,7.26,7.06,7.2,1525200,DXS
2025-01-02,7.19,7.2,7.05,7.13,1363400,DXS
2025-01-03,7.14,7.14,6.84,6.95,2725600,DXS
2025-01-06,6.91,6.93,6.61,6.8,2591200,DXS
2025-01-07,6.8,6.81,6.61,6.66,1313100,DXS
2025-01-08,6.65,6.75,6.25,6.75,3858400,DXS
2025-01-09,6.62,6.73,6.6,6.66,1610200,DXS
2025-01-10,6.71,6.72,6.55,6.55,1680300,DXS
2025-01-13,6.47,6.77,6.44,6.77,1205000,DXS
2025-01-14,6.77,6.77,6.5,6.5,1145000,DXS
2025-01-15,6.51,6.59,6.47,6.5,1577900,DXS
2025-01-16,6.53,6.75,6.53,6.75,1090200,DXS
2025-01-17,6.71,6.78,6.62,6.78,1112600,DXS
2025-01-20,6.78,6.78,6.58,6.7,1337400,DXS
2025-01-21,6.7,6.7,6.53,6.54,1109900,DXS
2025-01-22,6.65,6.65,6.41,6.46,832000,DXS
2025-01-23,6.56,6.67,6.5,6.66,780100,DXS
2025-01-24,6.66,6.7,6.57,6.7,757000,DXS
2025-02-03,6.76,6.79,6.55,6.79,847500,DXS
2025-02-04,6.76,6.86,6.6,6.81,1322300,DXS
2025-02-05,6.87,7.05,6.85,6.95,2299300,DXS
2025-02-06,6.95,6.98,6.81,6.89,1034400,DXS
2025-02-07,6.9,6.92,6.7,6.76,1488800,DXS
2025-02-10,6.76,6.76,6.52,6.66,1984000,DXS
2025-02-11,6.56,6.67,6.56,6.63,997300,DXS
2025-02-12,6.69,6.69,6.51,6.59,939800,DXS
2025-02-13,6.58,6.64,6.5,6.64,1380500,DXS
2025-02-14,6.64,6.78,6.62,6.74,1199900,DXS
2025-02-17,6.8,6.82,6.73,6.75,1444200,DXS
2025-02-18,6.77,6.98,6.77,6.94,2445700,DXS
2025-02-19,7.05,7.15,6.97,7.11,2211400,DXS
2025-02-20,7.18,7.18,7.06,7.11,2133200,DXS
2025-02-21,7.11,7.15,7.05,7.15,1837800,DXS
2025-02-24,7.27,7.27,7.03,7.11,1523600,DXS
2025-02-25,7.13,7.27,7.09,7.24,1896000,DXS
2025-02-26,7.24,7.24,7.1,7.2,1083900,DXS
2025-02-27,7.18,7.36,7.0,7.34,2601000,DXS
2025-02-28,7.35,7.39,7.23,7.39,1380600,DXS
2025-03-03,7.28,7.36,7.25,7.3,1220500,DXS
2025-03-04,7.25,7.25,7.09,7.14,1798800,DXS
2025-03-05,7.18,7.18,7.1,7.11,1324400,DXS
2025-03-06,7.1,7.25,7.1,7.25,1141700,DXS
2025-03-07,7.25,7.39,7.25,7.26,2215700,DXS
2025-03-10,7.27,7.36,7.25,7.32,1782300,DXS
2025-03-11,7.2,7.49,7.15,7.49,2108700,DXS
2025-03-12,7.46,7.55,7.42,7.51,2065000,DXS
2025-03-13,7.54,7.65,7.36,7.46,3064700,DXS
2025-03-14,7.46,7.65,7.35,7.6,2964000,DXS
2024-09-04,17.01,17.1,16.92,17.1,5430293,EIB
2024-09-05,17.15,17.15,16.96,17.1,5323323,EIB
2024-09-06,17.01,17.24,16.73,16.96,8894564,EIB
2024-09-09,16.96,16.96,16.78,16.83,2484485,EIB
2024-09-10,16.87,16.92,16.78,16.83,4186209,EIB
2024-09-11,16.73,16.96,16.73,16.87,3008464,EIB
2024-09-12,16.87,16.96,16.83,16.87,2662032,EIB
2024-09-13,16.87,16.92,16.83,16.87,2565295,EIB
2024-09-16,16.92,17.01,16.83,16.87,5717396,EIB
2024-09-17,16.87,17.15,16.87,17.1,5262278,EIB
2024-09-18,17.1,17.19,17.06,17.06,4529988,EIB
2024-09-19,17.5,17.5,17.05,17.15,2147670,EIB
2024-09-20,17.3,17.35,17.1,17.2,2837115,EIB
2024-09-23,17.15,17.35,16.95,17.2,4128257,EIB
2024-09-24,17.1,17.3,17.05,17.3,3037213,EIB
2024-09-25,17.35,17.45,17.3,17.45,4206039,EIB
2024-09-26,17.55,17.95,17.5,17.9,12803315,EIB
2024-09-27,18.05,19.0,18.0,18.55,22749891,EIB
2024-09-30,18.55,18.9,18.55,18.8,10691632,EIB
2024-10-01,18.85,19.2,18.75,18.9,12449890,EIB
2024-10-02,18.85,19.2,18.7,19.2,8941000,EIB
2024-10-03,19.4,19.75,19.3,19.3,15638300,EIB
2024-10-04,19.3,19.35,18.65,18.65,6370800,EIB
2024-10-07,18.8,19.1,18.8,18.85,8050100,EIB
2024-10-08,18.9,19.05,18.8,18.85,8217800,EIB
2024-10-09,18.9,19.25,18.85,19.2,9211500,EIB
2024-10-10,19.4,19.4,18.85,18.85,6386700,EIB
2024-10-11,18.9,19.1,18.85,19.1,4839800,EIB
2024-10-14,19.1,19.15,17.85,18.25,42671800,EIB
2024-10-15,18.25,18.5,18.2,18.2,15637200,EIB
2024-10-16,18.25,18.9,18.2,18.45,10752700,EIB
2024-10-17,18.6,18.85,18.55,18.8,19868900,EIB
2024-10-18,18.9,19.85,18.8,19.45,27198900,EIB
2024-10-21,19.35,20.8,19.35,20.8,34702100,EIB
2024-10-22,20.8,22.0,20.8,21.6,29012000,EIB
2024-10-23,21.35,21.8,21.05,21.6,6990300,EIB
2024-10-24,21.3,22.1,21.25,21.4,21987900,EIB
2024-10-25,21.35,21.6,20.85,20.85,10408100,EIB
2024-10-28,20.85,21.0,19.8,19.85,9875600,EIB
2024-10-29,20.0,20.15,19.55,19.95,10503500,EIB
2024-10-30,20.0,20.0,19.65,20.0,5558900,EIB
2024-10-31,20.2,20.2,19.8,19.95,8166500,EIB
2024-11-01,19.8,19.95,19.65,19.65,2679200,EIB
2024-11-04,19.65,19.7,18.65,18.7,16095700,EIB
2024-11-05,18.75,19.45,18.75,19.3,5013100,EIB
2024-11-06,19.55,19.55,19.0,19.45,9081400,EIB
2024-11-07,19.55,19.55,19.15,19.2,2378200,EIB
2024-11-08,19.3,19.3,18.75,19.0,6386400,EIB
2024-11-11,18.9,19.0,18.45,18.7,3213200,EIB
2024-11-12,18.55,18.95,18.5,18.55,3299900,EIB
2024-11-13,18.5,18.7,18.15,18.65,4353400,EIB
2024-11-14,18.65,18.65,18.25,18.55,2130200,EIB
2024-11-15,18.4,18.5,18.0,18.0,4901200,EIB
2024-11-18,17.95,18.15,17.45,18.05,5143500,EIB
2024-11-19,18.0,18.0,17.6,17.9,2644100,EIB
2024-11-20,17.85,18.1,17.6,18.1,2234000,EIB
2024-11-21,17.8,18.05,17.8,18.05,1509200,EIB
2024-11-22,18.05,18.05,17.85,18.0,2671300,EIB
2024-11-25,18.0,18.35,17.85,18.25,2358200,EIB
2024-11-26,18.25,18.35,18.15,18.3,3037000,EIB
2024-11-27,18.3,18.75,18.2,18.7,3126900,EIB
2024-11-28,18.75,19.2,18.45,18.8,5309400,EIB
2024-11-29,18.8,18.8,18.5,18.5,2884800,EIB
2024-12-02,18.5,18.6,18.35,18.5,2661100,EIB
2024-12-03,18.5,18.5,18.35,18.5,1480400,EIB
2024-12-04,18.4,18.45,18.35,18.4,2143300,EIB
2024-12-05,18.3,18.7,18.0,18.7,4160700,EIB
2024-12-06,18.7,18.7,18.55,18.6,2818200,EIB
2024-12-09,18.65,19.0,18.6,18.95,3718100,EIB
2024-12-10,19.0,19.2,19.0,19.0,4868100,EIB
2024-12-11,19.0,19.35,19.0,19.25,6350400,EIB
2024-12-12,19.3,20.1,19.25,19.75,8513700,EIB
2024-12-13,20.0,20.0,19.7,19.7,4244100,EIB
2024-12-16,19.8,19.8,19.25,19.4,2804300,EIB
2024-12-17,19.3,19.6,19.3,19.55,1942200,EIB
2024-12-18,19.55,19.65,19.5,19.55,1497200,EIB
2024-12-19,19.3,19.35,19.1,19.15,5742000,EIB
2024-12-20,19.2,19.2,18.95,19.0,3858200,EIB
2024-12-23,19.1,19.65,19.1,19.5,5135800,EIB
2024-12-24,19.5,19.75,19.45,19.6,10562400,EIB
2024-12-25,19.6,19.8,19.35,19.5,4804900,EIB
2024-12-26,19.55,19.55,19.2,19.25,3419400,EIB
2024-12-27,19.25,19.7,19.25,19.45,5564300,EIB
2024-12-30,19.5,19.7,19.15,19.3,3831900,EIB
2024-12-31,19.3,19.3,18.9,19.3,4828000,EIB
2025-01-02,19.25,19.25,18.65,18.75,6098900,EIB
2025-01-03,18.85,18.85,18.25,18.25,4675900,EIB
2025-01-06,18.4,18.45,17.9,18.25,4576300,EIB
2025-01-07,18.1,18.35,18.05,18.2,2009600,EIB
2025-01-08,18.2,18.4,18.1,18.35,1333100,EIB
2025-01-09,18.4,18.45,18.25,18.4,675500,EIB
2025-01-10,18.4,18.4,18.1,18.1,2321600,EIB
2025-01-13,17.95,18.3,17.9,18.3,1520800,EIB
2025-01-14,18.3,18.4,18.1,18.25,2170000,EIB
2025-01-15,18.25,18.35,18.1,18.25,1715500,EIB
2025-01-16,18.35,18.4,18.2,18.3,3089800,EIB
2025-01-17,18.35,18.35,18.15,18.3,1800800,EIB
2025-01-20,18.4,18.65,18.3,18.4,7065600,EIB
2025-01-21,18.5,18.5,18.1,18.15,4994700,EIB
2025-01-22,18.15,18.25,17.75,17.9,8721200,EIB
2025-01-23,18.0,18.35,17.9,18.35,5096700,EIB
2025-01-24,18.3,18.55,18.0,18.55,10330800,EIB
2025-02-03,18.5,18.5,18.2,18.2,3402700,EIB
2025-02-04,18.25,18.75,18.25,18.6,9002100,EIB
2025-02-05,18.65,18.65,18.45,18.5,2349500,EIB
2025-02-06,18.55,18.9,18.55,18.6,2831800,EIB
2025-02-07,18.6,18.85,18.45,18.65,3068100,EIB
2025-02-10,18.6,19.15,18.45,18.75,5766200,EIB
2025-02-11,18.75,18.95,18.75,18.95,3229800,EIB
2025-02-12,19.1,19.4,19.0,19.2,5971800,EIB
2025-02-13,19.2,19.2,19.05,19.15,2346300,EIB
2025-02-14,19.15,19.3,19.05,19.1,4095300,EIB
2025-02-17,19.1,19.7,18.95,19.4,16261600,EIB
2025-02-18,19.55,19.65,19.4,19.45,13528300,EIB
2025-02-19,19.55,20.45,19.5,20.45,13361500,EIB
2025-02-20,20.6,20.7,20.15,20.45,6902600,EIB
2025-02-21,20.35,20.45,20.1,20.2,8721500,EIB
2025-02-24,20.1,20.7,20.1,20.5,7252000,EIB
2025-02-25,20.7,20.8,20.55,20.7,7345900,EIB
2025-02-26,20.75,21.1,20.6,20.8,8219600,EIB
2025-02-27,20.8,20.85,20.5,20.8,7792900,EIB
2025-02-28,20.7,21.3,20.6,21.3,8575100,EIB
2025-03-03,21.5,22.0,21.2,21.65,15236700,EIB
2025-03-04,21.65,22.35,21.05,22.25,13345900,EIB
2025-03-05,22.4,22.55,22.0,22.0,14659000,EIB
2025-03-06,22.0,22.35,20.5,22.2,41521400,EIB
2025-03-07,22.2,22.2,21.5,21.65,9353300,EIB
2025-03-10,21.55,21.7,21.0,21.05,11129700,EIB
2025-03-11,20.9,21.4,20.7,21.3,14057500,EIB
2025-03-12,21.3,21.35,20.95,20.95,10098600,EIB
2025-03-13,21.0,21.05,20.3,20.35,15367400,EIB
2025-03-14,20.35,20.55,20.15,20.15,6380100,EIB
2024-09-04,11.2,11.25,10.97,11.06,3773164,EVF
2024-09-05,11.11,11.34,11.06,11.11,4202667,EVF
2024-09-06,11.11,11.16,10.97,11.06,1459400,EVF
2024-09-09,11.02,11.02,10.79,10.79,4452165,EVF
2024-09-10,10.88,10.88,10.46,10.6,3936351,EVF
2024-09-11,10.56,10.69,10.46,10.6,2111526,EVF
2024-09-12,10.65,10.74,10.6,10.6,1260691,EVF
2024-09-13,10.6,10.74,10.6,10.74,1495704,EVF
2024-09-16,10.74,10.74,10.46,10.51,2319529,EVF
2024-09-17,10.46,10.6,10.42,10.6,2009401,EVF
2024-09-18,10.65,10.69,10.51,10.69,2020391,EVF
2024-09-19,10.69,10.74,10.6,10.69,1653924,EVF
2024-09-20,10.79,10.97,10.65,10.65,15425615,EVF
2024-09-23,10.74,10.79,10.56,10.69,3002180,EVF
2024-09-24,10.69,10.69,10.51,10.69,3239451,EVF
2024-09-25,10.74,11.43,10.69,11.34,12547277,EVF
2024-09-26,11.3,11.39,11.2,11.34,3790466,EVF
2024-09-27,11.48,11.53,11.25,11.34,6041004,EVF
2024-09-30,11.39,11.39,11.16,11.3,3276658,EVF
2024-10-01,11.34,11.53,11.16,11.16,10083925,EVF
2024-10-02,11.16,11.25,11.11,11.11,2921122,EVF
2024-10-03,11.11,11.25,10.74,10.79,7732621,EVF
2024-10-04,10.79,10.83,10.69,10.83,2601737,EVF
2024-10-07,10.83,10.88,10.6,10.74,2675673,EVF
2024-10-08,10.69,10.79,10.56,10.79,2532689,EVF
2024-10-09,10.79,10.83,10.69,10.83,2546916,EVF
2024-10-10,10.88,11.25,10.88,11.11,6230438,EVF
2024-10-11,11.11,11.11,10.97,11.06,1971086,EVF
2024-10-14,11.11,11.2,10.79,10.79,5071472,EVF
2024-10-15,10.79,10.88,10.69,10.74,3041538,EVF
2024-10-16,10.69,10.83,10.42,10.42,5664914,EVF
2024-10-17,10.5,10.7,10.4,10.6,3863380,EVF
2024-10-18,10.65,10.7,10.5,10.5,1855070,EVF
2024-10-21,10.55,10.75,10.45,10.6,2083861,EVF
2024-10-22,10.6,11.15,10.55,10.9,7259215,EVF
2024-10-23,10.95,11.2,10.9,11.15,5206494,EVF
2024-10-24,11.15,11.15,10.9,10.9,2645127,EVF
2024-10-25,10.85,11.0,10.8,10.8,2624681,EVF
2024-10-28,10.8,10.9,10.65,10.7,2163913,EVF
2024-10-29,10.75,11.05,10.75,11.0,3115037,EVF
2024-10-30,11.0,11.0,10.8,10.9,1529400,EVF
2024-10-31,10.85,11.0,10.8,10.85,2226700,EVF
2024-11-01,10.9,11.3,10.85,11.0,7657500,EVF
2024-11-04,11.05,11.1,10.8,10.95,2745600,EVF
2024-11-05,10.9,11.0,10.85,10.85,1942600,EVF
2024-11-06,10.9,11.25,10.85,11.2,4410900,EVF
2024-11-07,11.3,11.35,11.05,11.1,2880700,EVF
2024-11-08,11.1,11.15,11.0,11.1,2378600,EVF
2024-11-11,11.1,11.5,11.1,11.35,7682900,EVF
2024-11-12,11.4,11.4,11.1,11.25,3241100,EVF
2024-11-13,11.15,11.2,10.7,10.95,6942300,EVF
2024-11-14,10.95,10.95,10.4,10.6,5576200,EVF
2024-11-15,10.55,10.75,10.45,10.5,3682600,EVF
2024-11-18,10.5,10.7,10.4,10.7,3064400,EVF
2024-11-19,10.6,10.7,10.25,10.25,4188600,EVF
2024-11-20,10.05,10.35,9.96,10.1,7078100,EVF
2024-11-21,10.15,10.4,10.1,10.35,1935200,EVF
2024-11-22,10.3,10.35,10.2,10.2,3112000,EVF
2024-11-25,10.25,10.4,10.15,10.4,2408600,EVF
2024-11-26,10.4,10.85,10.4,10.7,5417800,EVF
2024-11-27,10.7,10.7,10.5,10.55,1649300,EVF
2024-11-28,10.65,10.7,10.5,10.55,1409600,EVF
2024-11-29,10.5,10.9,10.5,10.7,7889000,EVF
2024-12-02,10.85,10.9,10.55,10.75,5869700,EVF
2024-12-03,10.8,10.85,10.55,10.55,6669700,EVF
2024-12-04,10.6,10.6,10.15,10.2,9092700,EVF
2024-12-05,10.3,10.65,10.0,10.65,9824200,EVF
2024-12-06,10.7,10.7,10.4,10.45,8560600,EVF
2024-12-09,10.45,10.55,10.35,10.45,6844200,EVF
2024-12-10,10.5,10.55,10.35,10.45,5640900,EVF
2024-12-11,10.5,10.5,10.2,10.25,7014500,EVF
2024-12-12,10.25,10.3,10.1,10.25,5855500,EVF
2024-12-13,10.25,10.25,10.05,10.1,5541200,EVF
2024-12-16,10.1,10.2,10.0,10.05,5078200,EVF
2024-12-17,10.1,10.15,10.0,10.1,4750100,EVF
2024-12-18,10.15,10.15,10.0,10.1,4268200,EVF
2024-12-19,10.0,10.05,9.76,9.84,8049700,EVF
2024-12-20,9.87,9.87,9.67,9.72,7047300,EVF
2024-12-23,9.75,9.97,9.75,9.89,2606100,EVF
2024-12-24,9.87,9.89,9.72,9.72,3986100,EVF
2024-12-25,9.75,9.9,9.74,9.77,5402900,EVF
2024-12-26,9.84,9.84,9.75,9.75,3739800,EVF
2024-12-27,9.77,9.78,9.55,9.55,8321800,EVF
2024-12-30,9.57,9.58,9.15,9.19,10225600,EVF
2024-12-31,9.16,9.27,8.96,9.1,7755600,EVF
2025-01-02,9.12,9.2,9.04,9.1,2434200,EVF
2025-01-03,9.05,9.1,8.8,8.8,6502000,EVF
2025-01-06,8.7,8.84,8.44,8.5,6773700,EVF
2025-01-07,8.46,9.07,8.36,8.85,8764900,EVF
2025-01-08,8.85,9.39,8.85,9.25,10203500,EVF
2025-01-09,9.25,9.25,9.0,9.0,4550300,EVF
2025-01-10,9.0,9.02,8.8,8.8,4209700,EVF
2025-01-13,8.8,9.23,8.7,9.23,7834200,EVF
2025-01-14,9.29,9.29,8.7,9.0,3922100,EVF
2025-01-15,9.06,9.16,9.06,9.1,3658100,EVF
2025-01-16,9.15,9.26,9.08,9.08,3909300,EVF
2025-01-17,9.08,9.15,9.05,9.05,2555600,EVF
2025-01-20,9.08,9.4,9.08,9.29,7473400,EVF
2025-01-21,9.38,9.38,9.2,9.27,3075500,EVF
2025-01-22,9.29,9.34,9.16,9.16,4258000,EVF
2025-01-23,9.18,9.27,9.12,9.25,3407600,EVF
2025-01-24,9.28,9.38,9.21,9.29,5788900,EVF
2025-02-03,9.29,9.34,9.13,9.29,2414800,EVF
2025-02-04,9.31,9.74,9.31,9.62,8727200,EVF
2025-02-05,9.7,9.7,9.56,9.57,3267200,EVF
2025-02-06,9.57,9.63,9.5,9.52,3613800,EVF
2025-02-07,9.51,9.65,9.49,9.51,4253300,EVF
2025-02-10,9.51,9.51,9.3,9.32,4847100,EVF
2025-02-11,9.38,9.51,9.36,9.5,4177300,EVF
2025-02-12,9.5,9.7,9.5,9.5,5506500,EVF
2025-02-13,9.5,9.61,9.5,9.59,3405400,EVF
2025-02-14,9.68,10.25,9.62,10.25,18182200,EVF
2025-02-17,10.45,10.95,10.45,10.95,23156600,EVF
2025-02-18,11.05,11.15,10.85,10.9,12822500,EVF
2025-02-19,10.9,11.25,10.8,11.15,9911400,EVF
2025-02-20,11.35,11.7,11.15,11.4,16388400,EVF
2025-02-21,11.5,11.6,11.15,11.35,9697300,EVF
2025-02-24,11.25,11.6,11.25,11.35,7124400,EVF
2025-02-25,11.45,11.5,11.2,11.3,9872300,EVF
2025-02-26,11.4,11.65,11.2,11.25,13153700,EVF
2025-02-27,11.3,11.3,10.75,10.95,19521300,EVF
2025-02-28,11.0,11.0,10.8,11.0,6899100,EVF
2025-03-03,11.1,11.3,10.95,11.15,7524900,EVF
2025-03-04,11.1,11.15,10.4,10.65,24852900,EVF
2025-03-05,10.5,10.75,10.35,10.35,5680900,EVF
2025-03-06,10.4,10.8,10.4,10.8,12694100,EVF
2025-03-07,10.85,10.95,10.6,10.6,7091800,EVF
2025-03-10,10.6,10.8,10.45,10.5,6473800,EVF
2025-03-11,10.35,10.6,10.3,10.55,7180400,EVF
2025-03-12,10.6,10.9,10.55,10.55,10887500,EVF
2025-03-13,10.55,10.6,10.3,10.45,7165800,EVF
2025-03-14,10.5,10.5,10.25,10.25,8886900,EVF
2024-09-04,132.08,132.08,130.59,132.08,4547807,FPT
2024-09-05,132.08,132.08,128.81,129.7,8071651,FPT
2024-09-06,129.6,131.98,129.4,131.19,3829410,FPT
2024-09-09,129.9,130.99,129.2,130.39,2891093,FPT
2024-09-10,130.1,130.1,128.71,129.1,4203583,FPT
2024-09-11,129.1,130.39,128.9,129.7,3196732,FPT
2024-09-12,130.1,131.59,130.1,131.39,4124400,FPT
2024-09-13,131.29,132.48,131.09,132.08,3191984,FPT
2024-09-16,130.89,132.08,130.2,130.2,1921844,FPT
2024-09-17,130.29,131.98,130.29,131.98,2656869,FPT
2024-09-18,132.48,134.27,131.98,133.67,5390349,FPT
2024-09-19,134.07,134.86,133.37,134.27,5162767,FPT
2024-09-20,135.36,136.05,134.07,134.37,3728818,FPT
2024-09-23,134.96,134.96,132.48,133.08,2449563,FPT
2024-09-24,133.08,133.77,132.78,133.57,2017214,FPT
2024-09-25,133.37,133.87,132.68,133.87,4486319,FPT
2024-09-26,134.07,134.07,132.98,133.37,2821536,FPT
2024-09-27,133.37,133.47,132.58,133.27,3358474,FPT
2024-09-30,133.27,133.57,132.08,133.57,3037449,FPT
2024-10-01,133.77,135.26,133.77,134.96,4732079,FPT
2024-10-02,133.67,134.96,133.67,134.47,1725815,FPT
2024-10-03,134.47,135.16,133.08,133.08,2306560,FPT
2024-10-04,133.37,133.87,132.58,133.17,1473158,FPT
2024-10-07,133.27,133.97,132.68,133.17,1336595,FPT
2024-10-08,133.17,134.17,132.68,132.88,2114750,FPT
2024-10-09,133.37,134.86,133.37,134.47,2626409,FPT
2024-10-10,134.86,141.02,134.86,140.72,9980507,FPT
2024-10-11,141.02,141.81,138.64,138.64,3824418,FPT
2024-10-14,140.13,140.33,136.15,136.65,5616349,FPT
2024-10-15,136.65,137.64,135.66,136.05,2869640,FPT
2024-10-16,135.46,136.15,135.06,135.36,2762322,FPT
2024-10-17,135.56,136.15,134.57,136.05,2584896,FPT
2024-10-18,136.45,136.85,135.66,136.05,2175065,FPT
2024-10-21,136.05,136.75,134.57,134.57,2688428,FPT
2024-10-22,134.76,134.76,132.08,132.18,6022016,FPT
2024-10-23,131.98,133.87,131.69,133.27,3019672,FPT
2024-10-24,133.27,133.37,132.88,133.37,2281798,FPT
2024-10-25,133.37,133.67,132.68,133.08,1843711,FPT
2024-10-28,133.17,134.07,132.68,133.97,1509996,FPT
2024-10-29,134.47,134.57,133.87,134.47,2462885,FPT
2024-10-30,134.47,134.96,134.27,134.96,1713550,FPT
2024-10-31,134.96,135.06,134.37,134.96,1244928,FPT
2024-11-01,134.07,134.07,132.68,133.67,2676189,FPT
2024-11-04,133.67,133.67,131.78,131.88,3188263,FPT
2024-11-05,132.08,133.08,131.39,131.69,1663185,FPT
2024-11-06,132.18,133.67,132.08,133.67,1805646,FPT
2024-11-07,134.37,136.65,133.27,134.17,3579749,FPT
2024-11-08,135.16,135.86,134.17,134.86,2110766,FPT
2024-11-11,135.56,138.54,135.06,137.35,5301235,FPT
2024-11-12,137.64,137.94,134.96,135.86,2921656,FPT
2024-11-13,135.76,137.15,135.16,136.85,3460835,FPT
2024-11-14,136.95,138.93,135.06,135.06,4743684,FPT
2024-11-15,134.37,134.76,131.69,132.98,6574421,FPT
2024-11-18,133.08,133.67,131.59,133.08,3910975,FPT
2024-11-19,132.58,132.68,129.0,129.1,7652727,FPT
2024-11-20,129.1,131.49,125.83,131.49,8474055,FPT
2024-11-21,131.49,132.08,130.1,132.08,3183165,FPT
2024-11-22,131.98,133.47,131.59,132.98,2920914,FPT
2024-11-25,133.08,133.08,132.28,132.98,1855059,FPT
2024-11-26,132.48,134.96,132.38,134.27,4182343,FPT
2024-11-27,134.27,138.74,134.27,137.94,9826373,FPT
2024-11-28,138.44,139.03,137.35,138.44,4750858,FPT
2024-11-29,138.44,144.4,138.04,143.3,11617080,FPT
2024-12-02,144.3,146.0,141.6,142.2,6629554,FPT
2024-12-03,141.7,145.9,141.7,145.0,5115471,FPT
2024-12-04,145.0,146.3,142.8,143.5,5618586,FPT
2024-12-05,144.0,148.5,143.6,148.5,4862983,FPT
2024-12-06,151.9,151.9,148.0,149.5,4554818,FPT
2024-12-09,149.2,149.5,146.1,147.0,4551406,FPT
2024-12-10,147.1,149.5,147.0,149.5,3603755,FPT
2024-12-11,150.0,151.7,149.7,150.5,4828035,FPT
2024-12-12,151.9,151.9,149.2,150.2,4158310,FPT
2024-12-13,149.5,150.9,149.4,149.5,3379800,FPT
2024-12-16,149.6,150.6,149.5,149.9,3291100,FPT
2024-12-17,150.1,150.5,147.7,148.0,5947500,FPT
2024-12-18,148.0,149.8,148.0,148.7,2923400,FPT
2024-12-19,147.3,149.0,147.2,148.1,4805200,FPT
2024-12-20,148.5,150.6,148.3,149.5,3538900,FPT
2024-12-23,149.5,149.9,148.7,149.8,2514800,FPT
2024-12-24,150.0,150.8,149.4,150.4,2300900,FPT
2024-12-25,150.6,151.2,150.4,150.8,2513100,FPT
2024-12-26,151.0,151.4,149.1,149.8,2233300,FPT
2024-12-27,149.5,149.9,148.7,149.6,2561700,FPT
2024-12-30,149.4,150.8,148.5,150.5,1982400,FPT
2024-12-31,150.7,153.9,150.3,152.5,3603200,FPT
2025-01-02,152.5,152.7,150.1,152.0,3172800,FPT
2025-01-03,151.3,151.3,149.0,149.0,4336100,FPT
2025-01-06,149.1,150.2,148.4,149.3,3467100,FPT
2025-01-07,149.5,151.3,149.5,150.1,3453300,FPT
2025-01-08,150.0,150.0,148.1,148.3,3879900,FPT
2025-01-09,148.3,149.2,148.0,148.8,1714400,FPT
2025-01-10,148.8,149.1,147.2,147.3,2524700,FPT
2025-01-13,146.1,148.5,144.7,147.6,3488800,FPT
2025-01-14,147.6,148.0,145.1,145.1,2897200,FPT
2025-01-15,146.0,146.5,144.8,145.5,2840900,FPT
2025-01-16,146.2,147.0,145.2,146.5,3568000,FPT
2025-01-17,146.6,150.1,146.0,149.0,3537000,FPT
2025-01-20,149.0,150.4,148.2,150.0,2217700,FPT
2025-01-21,150.5,151.4,149.0,149.9,2480300,FPT
2025-01-22,149.6,150.6,149.2,149.7,2785600,FPT
2025-01-23,150.1,156.0,150.0,154.3,7057800,FPT
2025-01-24,154.1,154.5,153.4,153.4,3655700,FPT
2025-02-03,148.0,149.2,145.3,145.5,12747700,FPT
2025-02-04,146.0,147.0,145.3,146.2,5467700,FPT
2025-02-05,146.9,147.5,145.8,146.3,5204100,FPT
2025-02-06,147.0,147.3,145.6,146.5,3426600,FPT
2025-02-07,146.5,146.7,145.8,146.1,3865900,FPT
2025-02-10,145.5,145.5,142.0,142.0,7749600,FPT
2025-02-11,142.2,145.4,140.1,145.4,5361400,FPT
2025-02-12,145.6,145.7,144.3,145.0,1887400,FPT
2025-02-13,145.0,145.0,142.7,143.1,2850800,FPT
2025-02-14,144.0,145.0,143.6,144.9,3251700,FPT
2025-02-17,145.0,145.0,143.4,143.6,2466300,FPT
2025-02-18,143.8,144.4,143.1,143.9,1664400,FPT
2025-02-19,143.9,144.9,143.1,144.0,3029800,FPT
2025-02-20,144.2,144.6,143.0,143.0,3385400,FPT
2025-02-21,142.8,142.9,141.5,142.0,5312600,FPT
2025-02-24,142.0,142.0,139.5,140.5,7497900,FPT
2025-02-25,140.4,140.4,138.2,139.0,6810400,FPT
2025-02-26,139.1,141.8,138.9,141.8,3323400,FPT
2025-02-27,142.0,142.2,140.7,141.3,3421700,FPT
2025-02-28,140.1,141.1,139.0,140.3,4694400,FPT
2025-03-03,140.5,141.4,140.3,140.5,2533900,FPT
2025-03-04,139.5,140.6,139.3,140.0,3471300,FPT
2025-03-05,140.0,140.1,139.1,139.1,2851100,FPT
2025-03-06,139.5,143.5,139.5,141.6,6417100,FPT
2025-03-07,141.7,142.7,141.1,141.4,2954500,FPT
2025-03-10,141.5,141.5,139.2,139.3,5323000,FPT
2025-03-11,138.0,138.5,137.0,137.5,5784400,FPT
2025-03-12,137.7,138.7,135.9,135.9,6185000,FPT
2025-03-13,136.1,138.0,136.1,136.5,3610200,FPT
2025-03-14,135.6,136.3,130.8,131.4,16094000,FPT
2024-09-04,179.0,183.0,178.5,182.5,379900,FRT
2024-09-05,182.5,182.6,179.7,182.5,428200,FRT
2024-09-06,180.4,182.4,180.0,182.4,383500,FRT
2024-09-09,180.1,182.0,180.1,182.0,293100,FRT
2024-09-10,181.9,182.2,180.3,181.0,323500,FRT
2024-09-11,179.9,180.5,179.0,180.5,357400,FRT
2024-09-12,180.7,181.0,178.1,178.9,515200,FRT
2024-09-13,178.6,179.0,176.9,179.0,323000,FRT
2024-09-16,179.4,179.4,177.0,177.0,257100,FRT
2024-09-17,178.5,178.5,176.3,177.2,240400,FRT
2024-09-18,177.3,180.3,177.2,179.8,442400,FRT
2024-09-19,179.8,180.5,178.5,180.5,306200,FRT
2024-09-20,181.4,181.5,178.9,178.9,698800,FRT
2024-09-23,178.9,178.9,176.8,178.9,250100,FRT
2024-09-24,178.9,179.0,177.7,178.9,253100,FRT
2024-09-25,178.9,179.1,177.3,178.6,431400,FRT
2024-09-26,178.0,179.0,177.8,179.0,361900,FRT
2024-09-27,178.9,178.9,177.3,178.0,448800,FRT
2024-09-30,177.1,178.0,176.0,178.0,651500,FRT
2024-10-01,177.0,178.0,177.0,177.1,347100,FRT
2024-10-02,176.0,177.7,175.9,177.0,357400,FRT
2024-10-03,176.5,176.9,175.4,176.0,434200,FRT
2024-10-04,175.2,177.1,175.1,177.0,293700,FRT
2024-10-07,176.6,177.0,175.6,176.9,341700,FRT
2024-10-08,176.5,177.2,175.5,177.0,304100,FRT
2024-10-09,177.0,177.1,174.8,177.1,520600,FRT
2024-10-10,177.0,181.0,175.6,179.5,755100,FRT
2024-10-11,180.0,183.5,179.6,180.0,475900,FRT
2024-10-14,180.0,180.1,178.4,179.9,269100,FRT
2024-10-15,179.9,179.9,178.4,179.0,228800,FRT
2024-10-16,178.0,178.6,177.2,178.0,298700,FRT
2024-10-17,177.4,178.0,176.4,178.0,265500,FRT
2024-10-18,179.3,179.3,176.7,177.3,292800,FRT
2024-10-21,176.2,176.9,175.6,175.9,261200,FRT
2024-10-22,175.5,175.8,170.7,174.0,846600,FRT
2024-10-23,171.5,172.6,171.5,172.0,363200,FRT
2024-10-24,171.8,171.9,169.8,170.8,347100,FRT
2024-10-25,169.0,169.9,168.5,168.5,267400,FRT
2024-10-28,168.8,169.0,166.7,169.0,399000,FRT
2024-10-29,169.0,172.1,169.0,171.9,330600,FRT
2024-10-30,172.7,172.7,170.1,171.2,164300,FRT
2024-10-31,172.2,174.0,170.9,173.8,321400,FRT
2024-11-01,172.1,173.0,169.9,169.9,300700,FRT
2024-11-04,169.9,171.3,167.7,170.9,328500,FRT
2024-11-05,169.0,170.9,168.1,170.9,279500,FRT
2024-11-06,173.8,173.8,169.4,172.5,191700,FRT
2024-11-07,172.4,172.4,169.8,170.0,398600,FRT
2024-11-08,170.0,171.4,169.7,170.0,134900,FRT
2024-11-11,170.0,170.1,168.8,169.0,208900,FRT
2024-11-12,168.6,169.0,167.0,169.0,380000,FRT
2024-11-13,168.6,168.7,167.1,167.1,301400,FRT
2024-11-14,167.1,167.6,165.2,166.0,428300,FRT
2024-11-15,164.5,166.0,162.8,166.0,476100,FRT
2024-11-18,165.8,166.0,163.0,166.0,204700,FRT
2024-11-19,164.1,165.9,163.0,163.0,292900,FRT
2024-11-20,161.2,165.0,159.5,165.0,375400,FRT
2024-11-21,165.0,172.0,164.0,169.9,926100,FRT
2024-11-22,170.9,173.8,169.8,173.2,1204100,FRT
2024-11-25,173.6,176.8,173.0,173.5,816000,FRT
2024-11-26,173.4,174.0,171.0,173.1,357500,FRT
2024-11-27,172.5,174.5,172.5,173.6,743400,FRT
2024-11-28,173.1,176.9,172.5,176.9,981100,FRT
2024-11-29,178.0,180.4,176.5,178.5,777900,FRT
2024-12-02,178.6,181.0,176.6,179.8,418900,FRT
2024-12-03,180.0,181.5,178.0,179.6,393400,FRT
2024-12-04,179.7,182.5,178.5,179.0,424600,FRT
2024-12-05,178.8,182.0,178.0,181.0,755700,FRT
2024-12-06,182.5,183.0,179.6,181.5,589600,FRT
2024-12-09,181.5,181.9,179.3,181.9,325500,FRT
2024-12-10,181.3,181.9,179.5,181.9,302100,FRT
2024-12-11,181.0,181.9,179.7,181.5,378800,FRT
2024-12-12,181.6,188.9,181.6,182.5,1168400,FRT
2024-12-13,181.0,182.2,180.1,181.9,219200,FRT
2024-12-16,182.0,186.0,181.2,186.0,649500,FRT
2024-12-17,187.0,188.5,183.0,185.6,414900,FRT
2024-12-18,184.5,185.9,183.2,185.9,367100,FRT
2024-12-19,183.5,184.5,181.0,184.2,753900,FRT
2024-12-20,183.0,184.0,182.0,184.0,373800,FRT
2024-12-23,184.0,184.0,181.8,183.7,442200,FRT
2024-12-24,183.7,183.7,182.0,182.6,294800,FRT
2024-12-25,182.6,183.5,182.4,183.5,271500,FRT
2024-12-26,183.2,183.8,182.6,183.8,228700,FRT
2024-12-27,183.4,183.8,181.7,183.8,523900,FRT
2024-12-30,183.8,185.0,181.8,185.0,491000,FRT
2024-12-31,184.0,186.0,183.1,185.6,643900,FRT
2025-01-02,185.6,187.4,184.6,186.8,481600,FRT
2025-01-03,187.5,195.0,186.0,187.5,1170300,FRT
2025-01-06,189.8,193.8,186.0,186.0,631100,FRT
2025-01-07,186.0,186.0,184.1,185.5,723800,FRT
2025-01-08,185.3,187.0,182.5,184.0,392800,FRT
2025-01-09,182.5,185.1,182.5,184.5,348700,FRT
2025-01-10,184.0,185.7,182.6,183.5,324500,FRT
2025-01-13,183.4,185.0,182.2,185.0,241700,FRT
2025-01-14,184.0,187.5,172.1,185.0,438300,FRT
2025-01-15,185.0,185.1,182.8,185.0,579800,FRT
2025-01-16,183.2,185.6,182.8,184.3,341900,FRT
2025-01-17,184.6,187.0,183.5,187.0,431400,FRT
2025-01-20,186.2,188.5,185.9,188.0,418100,FRT
2025-01-21,189.5,192.5,187.9,192.5,705400,FRT
2025-01-22,194.0,201.7,193.1,201.0,945800,FRT
2025-01-23,203.0,203.3,197.3,198.5,862800,FRT
2025-01-24,200.0,209.4,200.0,206.0,883400,FRT
2025-02-03,204.0,206.0,202.0,205.0,276600,FRT
2025-02-04,204.7,204.7,201.1,201.4,389100,FRT
2025-02-05,202.1,203.0,194.1,197.8,1006500,FRT
2025-02-06,196.2,197.0,188.0,188.0,807500,FRT
2025-02-07,189.3,190.0,187.7,188.4,1027200,FRT
2025-02-10,187.5,190.0,186.2,188.6,768100,FRT
2025-02-11,188.0,193.6,188.0,192.9,673900,FRT
2025-02-12,192.9,193.6,190.4,191.8,275500,FRT
2025-02-13,190.3,193.0,188.8,190.0,453600,FRT
2025-02-14,191.0,192.5,189.7,190.5,274800,FRT
2025-02-17,190.5,191.0,188.5,189.2,428400,FRT
2025-02-18,189.0,192.0,188.0,190.5,387100,FRT
2025-02-19,191.5,191.8,188.5,191.0,350600,FRT
2025-02-20,191.0,191.0,188.3,188.5,257600,FRT
2025-02-21,188.5,188.5,183.7,184.0,708300,FRT
2025-02-24,184.0,184.0,175.0,178.8,1066900,FRT
2025-02-25,178.7,178.7,175.0,175.3,710000,FRT
2025-02-26,177.3,180.9,176.0,180.5,452000,FRT
2025-02-27,181.2,184.9,180.1,184.5,633900,FRT
2025-02-28,184.4,184.5,181.7,183.0,425900,FRT
2025-03-03,183.4,183.4,180.2,181.5,403700,FRT
2025-03-04,181.5,183.0,179.5,179.5,381100,FRT
2025-03-05,181.1,183.7,180.0,181.5,429200,FRT
2025-03-06,183.0,183.5,181.5,182.0,423400,FRT
2025-03-07,182.2,183.5,181.5,182.5,197400,FRT
2025-03-10,182.5,182.5,177.0,177.5,759700,FRT
2025-03-11,176.5,178.8,176.0,178.8,412200,FRT
2025-03-12,178.8,178.8,177.0,177.1,285600,FRT
2025-03-13,177.1,181.5,177.1,180.0,522200,FRT
2025-03-14,180.8,181.5,178.3,180.1,397600,FRT
2024-09-04,43.0,44.45,42.85,44.2,3609200,FTS
2024-09-05,44.4,45.2,43.15,43.4,4066100,FTS
2024-09-06,43.25,43.65,42.6,43.3,2318300,FTS
2024-09-09,42.9,43.55,42.85,43.3,1467900,FTS
2024-09-10,43.6,43.6,42.1,42.1,3344200,FTS
2024-09-11,42.05,43.45,41.55,43.0,3259400,FTS
2024-09-12,43.4,43.45,42.9,43.0,1453500,FTS
2024-09-13,43.0,44.5,43.0,44.0,4550700,FTS
2024-09-16,44.1,44.1,43.2,43.2,1974500,FTS
2024-09-17,43.6,44.6,43.2,44.6,3507400,FTS
2024-09-18,44.8,45.65,44.4,44.8,4269100,FTS
2024-09-19,45.4,45.4,44.45,44.7,2492700,FTS
2024-09-20,45.3,45.3,44.5,44.8,4558700,FTS
2024-09-23,44.8,45.3,44.0,44.5,2080900,FTS
2024-09-24,44.6,45.0,44.45,45.0,1711700,FTS
2024-09-25,45.15,46.2,45.15,45.7,3993100,FTS
2024-09-26,45.8,45.95,45.3,45.3,2744100,FTS
2024-09-27,45.4,45.7,45.0,45.5,2240900,FTS
2024-09-30,45.5,46.2,45.2,46.0,2447400,FTS
2024-10-01,46.4,47.2,45.85,46.0,3731600,FTS
2024-10-02,45.7,45.95,45.2,45.25,2715600,FTS
2024-10-03,45.25,45.6,43.5,44.35,4007200,FTS
2024-10-04,44.4,44.9,44.0,44.2,2076700,FTS
2024-10-07,44.45,45.2,44.2,45.2,1588100,FTS
2024-10-08,45.3,45.4,44.2,44.4,2606700,FTS
2024-10-09,44.5,44.85,44.0,44.4,1867500,FTS
2024-10-10,44.5,45.05,44.3,44.3,1582900,FTS
2024-10-11,44.2,44.8,44.2,44.7,1158000,FTS
2024-10-14,45.2,45.2,44.6,44.6,1294400,FTS
2024-10-15,44.2,45.05,44.0,44.0,1459500,FTS
2024-10-16,44.25,44.25,43.55,43.6,1430300,FTS
2024-10-17,43.8,44.2,42.65,43.9,2284100,FTS
2024-10-18,43.6,44.2,43.6,43.7,1193300,FTS
2024-10-21,43.25,43.5,42.5,42.5,2538000,FTS
2024-10-22,42.35,42.65,40.5,41.5,2940400,FTS
2024-10-23,41.2,42.1,41.2,41.9,1471500,FTS
2024-10-24,42.0,42.0,40.6,40.6,1285300,FTS
2024-10-25,41.0,41.15,40.85,40.85,1302000,FTS
2024-10-28,40.85,41.95,40.85,41.7,1075400,FTS
2024-10-29,41.65,41.95,41.55,41.6,1031100,FTS
2024-10-30,41.8,41.8,41.3,41.5,964700,FTS
2024-10-31,41.5,42.0,41.45,41.8,930800,FTS
2024-11-01,41.6,41.8,40.95,41.25,1233500,FTS
2024-11-04,41.25,43.2,40.7,42.9,2469100,FTS
2024-11-05,42.8,43.0,42.3,42.55,723000,FTS
2024-11-06,42.95,43.15,42.55,43.1,1792800,FTS
2024-11-07,43.45,43.5,42.7,42.75,1137800,FTS
2024-11-08,42.75,43.5,42.45,42.9,1799100,FTS
2024-11-11,42.9,43.3,42.2,43.3,1869700,FTS
2024-11-12,43.45,44.2,42.9,42.95,1996300,FTS
2024-11-13,42.5,42.9,41.95,42.75,1757000,FTS
2024-11-14,42.4,43.45,41.5,41.5,2434500,FTS
2024-11-15,41.0,41.45,40.0,40.5,2856800,FTS
2024-11-18,40.3,42.35,40.3,41.35,2572100,FTS
2024-11-19,41.35,41.65,40.5,40.5,1089100,FTS
2024-11-20,40.45,42.4,39.15,41.35,3274800,FTS
2024-11-21,41.5,42.0,41.25,41.9,965100,FTS
2024-11-22,41.7,41.8,41.15,41.25,1291400,FTS
2024-11-25,41.3,41.85,40.75,41.6,1436000,FTS
2024-11-26,41.6,42.7,41.6,42.15,1951000,FTS
2024-11-27,41.8,42.35,41.7,41.8,1160200,FTS
2024-11-28,42.2,42.35,41.7,41.7,1501600,FTS
2024-11-29,41.7,42.2,41.55,42.0,1500700,FTS
2024-12-02,42.45,42.45,41.8,41.85,866200,FTS
2024-12-03,41.85,42.5,41.65,41.8,1698500,FTS
2024-12-04,41.75,42.0,40.6,40.95,2305800,FTS
2024-12-05,40.95,43.8,40.05,43.8,5862500,FTS
2024-12-06,44.2,44.2,43.35,43.7,2281200,FTS
2024-12-09,43.75,44.1,43.55,44.0,2126000,FTS
2024-12-10,43.85,44.15,43.5,44.0,1568900,FTS
2024-12-11,44.1,44.45,43.65,43.9,2248600,FTS
2024-12-12,43.95,44.3,43.5,43.5,1760800,FTS
2024-12-13,43.5,43.9,43.3,43.4,1512200,FTS
2024-12-16,43.4,43.75,43.0,43.55,984200,FTS
2024-12-17,43.75,43.8,42.85,42.85,1504400,FTS
2024-12-18,43.0,43.5,42.6,43.5,1302200,FTS
2024-12-19,42.6,43.1,42.5,42.95,2180000,FTS
2024-12-20,43.2,43.2,42.6,42.6,1042500,FTS
2024-12-23,42.8,43.1,42.7,42.7,811400,FTS
2024-12-24,42.6,42.8,42.0,42.05,1751000,FTS
2024-12-25,42.35,43.8,42.2,42.85,1963300,FTS
2024-12-26,42.85,43.2,42.75,42.75,609700,FTS
2024-12-27,43.0,43.1,42.5,42.8,1140400,FTS
2024-12-30,42.8,43.4,42.8,42.8,1054000,FTS
2024-12-31,42.55,42.8,42.2,42.2,1085700,FTS
2025-01-02,42.3,42.6,42.05,42.3,857100,FTS
2025-01-03,42.2,42.3,41.2,41.2,2511500,FTS
2025-01-06,41.1,41.55,39.95,40.4,1879500,FTS
2025-01-07,40.6,40.95,40.05,40.4,1323500,FTS
2025-01-08,40.2,41.1,40.2,40.9,1036700,FTS
2025-01-09,41.1,41.1,40.4,40.4,755000,FTS
2025-01-10,40.4,40.75,39.5,39.5,1475800,FTS
2025-01-13,39.45,40.9,39.3,40.85,1637000,FTS
2025-01-14,40.85,40.9,40.3,40.3,696600,FTS
2025-01-15,40.6,41.1,40.35,40.8,877100,FTS
2025-01-16,41.3,42.25,40.9,41.05,1765300,FTS
2025-01-17,40.95,41.15,40.8,40.9,936800,FTS
2025-01-20,41.7,41.7,40.85,40.85,926800,FTS
2025-01-21,41.0,41.4,40.8,40.85,824100,FTS
2025-01-22,41.05,41.1,40.7,40.7,923900,FTS
2025-01-23,41.0,42.0,40.75,41.6,1913700,FTS
2025-01-24,41.6,41.7,41.25,41.4,1116700,FTS
2025-02-03,40.95,41.4,40.8,40.9,865500,FTS
2025-02-04,41.35,41.95,41.05,41.7,1461800,FTS
2025-02-05,41.9,41.9,41.4,41.4,968100,FTS
2025-02-06,41.6,42.0,41.35,41.35,1263600,FTS
2025-02-07,41.35,41.45,41.15,41.15,1053100,FTS
2025-02-10,41.1,41.6,40.7,41.05,1658500,FTS
2025-02-11,41.1,41.4,40.8,41.0,839000,FTS
2025-02-12,41.0,41.6,40.75,40.8,1079300,FTS
2025-02-13,40.7,40.95,40.7,40.9,648400,FTS
2025-02-14,41.5,41.95,40.9,41.2,2137700,FTS
2025-02-17,41.25,42.65,41.0,42.05,2879000,FTS
2025-02-18,42.0,42.35,41.8,41.95,1376400,FTS
2025-02-19,42.3,42.55,41.9,42.5,1678200,FTS
2025-02-20,42.95,43.4,42.55,42.55,2439500,FTS
2025-02-21,42.55,42.65,42.0,42.2,1519300,FTS
2025-02-24,42.15,45.0,42.1,45.0,5347200,FTS
2025-02-25,45.15,46.05,44.7,45.3,4855000,FTS
2025-02-26,45.5,47.95,45.15,47.1,6408100,FTS
2025-02-27,47.1,48.0,46.4,48.0,4407100,FTS
2025-02-28,48.0,48.25,47.1,47.3,3006400,FTS
2025-03-03,47.3,49.95,47.1,49.6,4230800,FTS
2025-03-04,49.6,50.5,48.05,49.5,3528900,FTS
2025-03-05,49.6,50.8,48.6,48.6,4048600,FTS
2025-03-06,49.0,51.4,48.9,51.0,4477600,FTS
2025-03-07,51.0,51.4,50.6,50.9,2055000,FTS
2025-03-10,51.3,52.2,50.6,50.8,2586100,FTS
2025-03-11,50.0,52.0,50.0,51.7,3278000,FTS
2025-03-12,52.0,52.0,50.5,50.5,2931800,FTS
2025-03-13,50.6,51.6,49.95,50.7,3528300,FTS
2025-03-14,50.3,51.0,49.9,50.1,2864500,FTS
2024-09-04,75.53,76.8,75.44,76.35,1379372,GAS
2024-09-05,76.8,77.17,75.8,75.8,902277,GAS
2024-09-06,76.9,76.9,76.26,76.53,878935,GAS
2024-09-09,76.26,77.71,76.17,77.08,1970503,GAS
2024-09-10,76.99,77.53,75.98,76.53,1907904,GAS
2024-09-11,76.44,76.44,75.53,76.08,1491908,GAS
2024-09-12,76.26,76.62,75.89,76.08,1761490,GAS
2024-09-13,76.1,76.1,74.2,74.3,2097827,GAS
2024-09-16,74.0,74.0,72.6,72.6,1867152,GAS
2024-09-17,72.6,73.2,72.3,72.7,767172,GAS
2024-09-18,73.3,73.5,72.9,73.1,780115,GAS
2024-09-19,73.2,73.4,72.9,73.4,982241,GAS
2024-09-20,73.6,73.8,73.0,73.1,999886,GAS
2024-09-23,73.1,73.3,72.9,73.0,553339,GAS
2024-09-24,73.0,73.9,73.0,73.7,854422,GAS
2024-09-25,74.0,74.0,73.5,73.8,665980,GAS
2024-09-26,73.8,74.6,73.8,74.0,1109800,GAS
2024-09-27,74.2,74.3,73.5,73.5,536000,GAS
2024-09-30,73.5,73.6,73.0,73.2,646900,GAS
2024-10-01,73.3,73.7,73.0,73.0,1032300,GAS
2024-10-02,73.3,74.0,72.9,72.9,1053700,GAS
2024-10-03,73.4,73.4,72.5,72.5,793300,GAS
2024-10-04,72.8,73.7,72.5,73.3,867900,GAS
2024-10-07,73.5,73.7,72.6,72.9,580700,GAS
2024-10-08,73.4,73.4,72.6,72.6,637900,GAS
2024-10-09,72.6,72.9,72.3,72.7,547200,GAS
2024-10-10,73.2,73.6,72.5,73.3,1046200,GAS
2024-10-11,73.5,73.7,73.2,73.2,603500,GAS
2024-10-14,73.6,73.6,72.7,72.9,526200,GAS
2024-10-15,72.7,73.0,72.4,72.7,596300,GAS
2024-10-16,72.6,72.7,72.0,72.0,758400,GAS
2024-10-17,72.0,72.3,71.2,71.5,739500,GAS
2024-10-18,71.6,72.3,71.6,71.7,322500,GAS
2024-10-21,71.7,71.7,71.3,71.7,469700,GAS
2024-10-22,71.7,71.9,71.2,71.2,545500,GAS
2024-10-23,71.2,71.2,70.7,70.9,667000,GAS
2024-10-24,70.9,71.2,70.9,71.0,413400,GAS
2024-10-25,71.0,71.4,70.9,70.9,322500,GAS
2024-10-28,70.9,71.0,70.7,70.7,311300,GAS
2024-10-29,70.7,71.1,70.7,70.8,352000,GAS
2024-10-30,70.9,71.3,70.6,70.6,318400,GAS
2024-10-31,71.0,71.0,70.5,70.5,620200,GAS
2024-11-01,70.5,70.7,70.0,70.2,427300,GAS
2024-11-04,70.4,70.4,69.9,69.9,461700,GAS
2024-11-05,69.9,70.0,69.4,69.6,542000,GAS
2024-11-06,70.0,71.1,69.9,70.1,501500,GAS
2024-11-07,71.0,71.0,70.1,70.1,372800,GAS
2024-11-08,70.2,70.8,70.0,70.0,428800,GAS
2024-11-11,70.1,70.5,70.0,70.1,544200,GAS
2024-11-12,70.1,70.5,69.8,69.8,425500,GAS
2024-11-13,70.0,70.0,68.0,69.5,827600,GAS
2024-11-14,69.2,70.3,69.0,69.0,543800,GAS
2024-11-15,68.9,69.4,68.6,68.6,774000,GAS
2024-11-18,68.6,69.1,68.3,69.0,936700,GAS
2024-11-19,69.5,69.7,67.9,67.9,693100,GAS
2024-11-20,67.9,68.4,67.5,67.6,711800,GAS
2024-11-21,67.8,68.6,67.8,68.2,1167900,GAS
2024-11-22,68.6,70.6,68.6,69.2,1015100,GAS
2024-11-25,69.4,70.3,69.3,69.3,901200,GAS
2024-11-26,69.4,69.9,69.4,69.6,448200,GAS
2024-11-27,69.8,69.8,69.0,69.3,417500,GAS
2024-11-28,69.3,70.0,69.3,69.3,442900,GAS
2024-11-29,69.3,69.8,69.2,69.6,283000,GAS
2024-12-02,69.7,69.8,69.0,69.2,404200,GAS
2024-12-03,69.3,69.6,68.7,68.7,634300,GAS
2024-12-04,68.7,69.2,68.5,68.6,308300,GAS
2024-12-05,68.7,69.8,68.5,68.9,630900,GAS
2024-12-06,69.9,69.9,69.0,69.2,430800,GAS
2024-12-09,69.5,69.5,69.2,69.3,395900,GAS
2024-12-10,69.4,69.6,69.0,69.0,402500,GAS
2024-12-11,69.0,69.2,68.6,68.7,539000,GAS
2024-12-12,68.8,69.0,68.5,68.5,516000,GAS
2024-12-13,68.5,68.6,68.2,68.4,348000,GAS
2024-12-16,68.5,68.6,68.1,68.1,350100,GAS
2024-12-17,68.1,68.5,68.0,68.0,412900,GAS
2024-12-18,68.4,68.7,68.3,68.5,504100,GAS
2024-12-19,68.2,68.6,68.0,68.5,721400,GAS
2024-12-20,68.5,68.8,68.4,68.6,341700,GAS
2024-12-23,68.8,69.1,68.5,68.5,563700,GAS
2024-12-24,68.6,68.7,68.2,68.2,509800,GAS
2024-12-25,68.3,68.9,68.3,68.4,456300,GAS
2024-12-26,68.6,69.6,68.5,68.5,997100,GAS
2024-12-27,68.7,69.0,68.5,68.5,539900,GAS
2024-12-30,68.6,68.8,68.2,68.2,402400,GAS
2024-12-31,68.4,68.7,68.1,68.1,770800,GAS
2025-01-02,68.3,68.5,68.0,68.1,427800,GAS
2025-01-03,68.1,68.4,68.0,68.0,460500,GAS
2025-01-06,68.0,68.2,67.3,67.5,673300,GAS
2025-01-07,67.6,67.9,66.9,67.0,683200,GAS
2025-01-08,67.0,67.2,66.6,67.1,521700,GAS
2025-01-09,67.2,67.5,66.8,67.0,369400,GAS
2025-01-10,67.0,67.5,66.7,66.7,422600,GAS
2025-01-13,66.7,67.1,66.2,66.4,542400,GAS
2025-01-14,66.5,67.4,66.5,66.9,397300,GAS
2025-01-15,67.2,67.4,66.8,66.8,395000,GAS
2025-01-16,67.1,67.3,66.6,66.9,493400,GAS
2025-01-17,67.2,67.2,66.6,66.8,321700,GAS
2025-01-20,67.2,68.2,66.8,67.7,662000,GAS
2025-01-21,68.0,68.1,67.1,67.1,349300,GAS
2025-01-22,67.5,67.5,66.7,66.8,313300,GAS
2025-01-23,66.8,67.2,66.7,67.0,317100,GAS
2025-01-24,67.0,67.9,66.8,67.9,432300,GAS
2025-02-03,67.8,67.8,66.9,67.1,463200,GAS
2025-02-04,66.9,67.3,66.9,67.1,398400,GAS
2025-02-05,67.5,68.1,67.4,67.8,652400,GAS
2025-02-06,68.2,68.2,67.5,67.6,539300,GAS
2025-02-07,67.6,68.0,67.3,67.3,818200,GAS
2025-02-10,67.2,67.6,66.9,67.3,732900,GAS
2025-02-11,67.3,67.9,66.5,67.0,671300,GAS
2025-02-12,67.0,67.5,67.0,67.1,344200,GAS
2025-02-13,67.1,67.1,66.6,66.7,650700,GAS
2025-02-14,67.3,67.9,67.0,67.7,1147200,GAS
2025-02-17,67.7,68.4,67.5,67.8,762900,GAS
2025-02-18,68.0,68.3,67.7,68.0,634400,GAS
2025-02-19,68.2,69.0,67.9,68.7,1389800,GAS
2025-02-20,69.2,69.3,68.5,68.8,601500,GAS
2025-02-21,68.6,68.8,68.2,68.4,767500,GAS
2025-02-24,68.2,68.8,67.8,68.6,1066000,GAS
2025-02-25,68.7,69.3,68.3,68.7,809600,GAS
2025-02-26,68.7,68.9,68.4,68.4,519300,GAS
2025-02-27,68.4,68.6,67.9,68.0,809600,GAS
2025-02-28,68.1,68.7,68.0,68.0,787600,GAS
2025-03-03,68.1,68.7,68.1,68.6,647800,GAS
2025-03-04,68.6,69.4,68.3,69.1,1445200,GAS
2025-03-05,69.2,69.3,68.4,68.4,740500,GAS
2025-03-06,68.3,68.5,68.1,68.3,829800,GAS
2025-03-07,68.3,68.4,67.7,67.8,1398100,GAS
2025-03-10,68.1,68.2,67.2,67.8,1420900,GAS
2025-03-11,67.6,67.7,67.0,67.4,523600,GAS
2025-03-12,67.8,68.3,67.4,67.9,761300,GAS
2025-03-13,67.9,68.8,67.8,68.3,1088000,GAS
2025-03-14,68.2,68.3,67.3,67.7,942800,GAS
2024-09-04,21.0,21.35,20.9,21.2,4526600,GEX
2024-09-05,21.35,21.45,20.95,21.15,4712700,GEX
2024-09-06,21.1,21.2,20.9,21.15,3639000,GEX
2024-09-09,21.1,21.3,20.9,21.0,2789900,GEX
2024-09-10,21.2,21.2,20.7,20.8,4907300,GEX
2024-09-11,20.8,20.9,20.55,20.75,4259300,GEX
2024-09-12,20.9,21.05,20.7,20.8,2052700,GEX
2024-09-13,20.7,20.85,20.6,20.6,3348700,GEX
2024-09-16,20.6,20.75,20.3,20.3,4071600,GEX
2024-09-17,20.3,20.8,20.3,20.8,4792900,GEX
2024-09-18,20.8,20.9,20.7,20.75,2824000,GEX
2024-09-19,20.75,20.9,20.7,20.75,2551000,GEX
2024-09-20,20.95,21.1,20.85,20.95,7002100,GEX
2024-09-23,21.0,21.0,20.75,20.75,3134800,GEX
2024-09-24,20.8,21.2,20.8,21.1,5763900,GEX
2024-09-25,21.35,21.5,21.25,21.35,6892400,GEX
2024-09-26,21.35,21.5,21.15,21.3,4971900,GEX
2024-09-27,21.45,21.5,21.25,21.4,6399900,GEX
2024-09-30,21.4,21.75,21.35,21.75,8280000,GEX
2024-10-01,21.75,22.0,21.65,21.75,10135200,GEX
2024-10-02,21.65,21.75,21.45,21.45,6107000,GEX
2024-10-03,21.45,21.55,21.15,21.2,7367500,GEX
2024-10-04,21.2,21.3,21.1,21.2,2614400,GEX
2024-10-07,21.25,21.3,20.75,20.9,7703300,GEX
2024-10-08,20.8,21.05,20.75,20.8,4253300,GEX
2024-10-09,20.9,21.0,20.8,20.95,3032700,GEX
2024-10-10,21.15,21.2,21.0,21.15,4491800,GEX
2024-10-11,21.15,21.2,21.0,21.0,4119000,GEX
2024-10-14,21.2,21.25,20.55,20.6,9040200,GEX
2024-10-15,20.65,20.8,20.4,20.4,5620800,GEX
2024-10-16,20.4,20.7,20.3,20.3,5726600,GEX
2024-10-17,20.35,20.6,20.05,20.4,6888500,GEX
2024-10-18,20.5,20.7,20.4,20.5,4053400,GEX
2024-10-21,20.5,21.1,20.4,20.85,12125400,GEX
2024-10-22,20.9,21.05,20.6,20.75,7035600,GEX
2024-10-23,20.75,20.8,20.6,20.6,4803300,GEX
2024-10-24,20.55,20.85,20.5,20.5,5154300,GEX
2024-10-25,20.55,20.65,20.4,20.45,2896800,GEX
2024-10-28,20.5,20.85,20.4,20.6,3650900,GEX
2024-10-29,20.65,20.9,20.6,20.8,4530700,GEX
2024-10-30,20.8,20.8,20.45,20.5,3422500,GEX
2024-10-31,20.5,20.55,20.3,20.4,3663300,GEX
2024-11-01,20.35,20.45,20.2,20.2,4702200,GEX
2024-11-04,20.15,20.25,19.7,19.8,6462600,GEX
2024-11-05,19.9,19.95,19.65,19.7,4014200,GEX
2024-11-06,19.85,20.3,19.65,20.2,4212400,GEX
2024-11-07,20.35,20.35,20.05,20.1,2446800,GEX
2024-11-08,20.05,20.15,19.85,19.85,3117900,GEX
2024-11-11,19.8,19.85,19.4,19.7,8612200,GEX
2024-11-12,19.7,19.85,19.45,19.45,5670200,GEX
2024-11-13,19.4,19.45,18.85,19.0,9815300,GEX
2024-11-14,18.9,19.0,18.15,18.2,12476800,GEX
2024-11-15,18.1,18.65,18.05,18.4,9080800,GEX
2024-11-18,18.25,18.4,17.85,18.05,6892300,GEX
2024-11-19,18.05,18.15,17.1,17.2,13341200,GEX
2024-11-20,17.15,17.6,17.1,17.45,7111300,GEX
2024-11-21,17.45,18.15,17.35,18.1,10645800,GEX
2024-11-22,18.1,18.15,17.8,18.05,9497500,GEX
2024-11-25,18.05,18.8,18.0,18.7,9642800,GEX
2024-11-26,18.8,18.85,18.6,18.65,6704800,GEX
2024-11-27,18.5,18.75,18.45,18.65,4207300,GEX
2024-11-28,18.8,19.0,18.6,18.85,5817200,GEX
2024-11-29,18.85,18.95,18.75,18.8,3840600,GEX
2024-12-02,18.8,19.0,18.75,18.75,3127700,GEX
2024-12-03,18.85,19.0,18.65,18.7,3188400,GEX
2024-12-04,18.8,18.85,18.6,18.65,4112400,GEX
2024-12-05,18.7,19.3,18.5,19.3,5796300,GEX
2024-12-06,19.35,19.5,19.05,19.05,5860700,GEX
2024-12-09,19.1,19.2,18.9,19.05,4337300,GEX
2024-12-10,19.0,19.15,18.9,18.95,2938200,GEX
2024-12-11,18.85,19.05,18.5,18.6,3702300,GEX
2024-12-12,18.7,18.85,18.6,18.65,2838800,GEX
2024-12-13,18.7,18.75,18.5,18.5,1840600,GEX
2024-12-16,18.5,19.2,18.5,19.0,5181400,GEX
2024-12-17,18.85,19.35,18.85,19.15,4490400,GEX
2024-12-18,19.15,19.4,19.15,19.4,4497100,GEX
2024-12-19,19.2,19.25,18.9,19.2,5278200,GEX
2024-12-20,19.15,19.5,19.1,19.45,3992200,GEX
2024-12-23,19.5,19.5,19.25,19.25,1861400,GEX
2024-12-24,19.1,19.45,19.05,19.3,3567500,GEX
2024-12-25,19.3,19.6,19.3,19.35,3627100,GEX
2024-12-26,19.4,19.5,19.25,19.35,3463300,GEX
2024-12-27,19.45,19.45,19.25,19.35,3131900,GEX
2024-12-30,19.25,19.4,18.9,19.15,2034500,GEX
2024-12-31,19.1,19.15,18.9,19.1,3360500,GEX
2025-01-02,19.1,19.1,18.9,19.0,1700000,GEX
2025-01-03,18.95,19.0,18.4,18.4,3803300,GEX
2025-01-06,18.5,18.5,17.85,18.0,4389400,GEX
2025-01-07,18.0,18.25,17.95,18.15,2324700,GEX
2025-01-08,18.05,18.3,18.05,18.2,1462500,GEX
2025-01-09,18.15,18.65,18.15,18.55,3218600,GEX
2025-01-10,18.5,18.85,18.4,18.6,4334000,GEX
2025-01-13,18.4,18.65,18.35,18.6,1616000,GEX
2025-01-14,18.5,18.85,18.5,18.6,2124300,GEX
2025-01-15,18.65,18.95,18.6,18.95,2502100,GEX
2025-01-16,19.1,19.2,18.9,19.1,2078000,GEX
2025-01-17,19.0,19.2,18.95,19.1,2840000,GEX
2025-01-20,19.15,19.2,18.95,18.95,3140200,GEX
2025-01-21,18.95,19.15,18.95,18.95,4259600,GEX
2025-01-22,18.95,19.05,18.7,18.7,1365300,GEX
2025-01-23,18.65,19.1,18.6,18.9,2862900,GEX
2025-01-24,18.9,20.2,18.85,20.2,20517100,GEX
2025-02-03,20.5,21.2,20.3,21.0,13359900,GEX
2025-02-04,21.0,21.35,20.9,21.2,9329100,GEX
2025-02-05,21.35,21.6,21.05,21.4,10233000,GEX
2025-02-06,21.45,21.55,21.15,21.45,7492300,GEX
2025-02-07,21.45,21.9,21.35,21.5,7979600,GEX
2025-02-10,21.45,21.45,21.0,21.0,6606600,GEX
2025-02-11,21.1,21.4,21.0,21.2,5439000,GEX
2025-02-12,21.2,21.95,21.2,21.55,9558000,GEX
2025-02-13,21.75,22.4,21.7,22.2,12708800,GEX
2025-02-14,22.3,22.35,21.9,22.0,6374800,GEX
2025-02-17,22.1,22.8,22.05,22.45,12267700,GEX
2025-02-18,22.45,22.65,22.25,22.5,8275900,GEX
2025-02-19,22.55,22.8,22.45,22.7,9972100,GEX
2025-02-20,22.7,22.8,22.5,22.5,11033300,GEX
2025-02-21,22.35,22.65,22.35,22.45,7969000,GEX
2025-02-24,22.45,23.15,22.45,22.9,13988700,GEX
2025-02-25,23.0,23.1,22.8,22.9,10595400,GEX
2025-02-26,22.95,23.0,22.75,22.9,7352400,GEX
2025-02-27,22.9,22.9,22.05,22.55,11936700,GEX
2025-02-28,22.55,22.95,22.55,22.75,8357700,GEX
2025-03-03,22.9,23.65,22.8,23.25,15840300,GEX
2025-03-04,23.25,23.4,22.05,23.2,22822600,GEX
2025-03-05,23.2,23.9,22.8,22.8,13539800,GEX
2025-03-06,23.0,23.5,22.75,23.4,13178800,GEX
2025-03-07,23.4,23.55,23.1,23.2,6678700,GEX
2025-03-10,23.25,23.35,22.85,22.95,7112700,GEX
2025-03-11,22.6,22.9,22.55,22.8,4786100,GEX
2025-03-12,22.85,23.3,22.85,23.0,7240200,GEX
2025-03-13,23.1,23.25,22.6,22.8,9329100,GEX
2025-03-14,22.75,22.85,22.3,22.55,6396300,GEX
2024-09-04,68.48,68.48,66.69,67.28,987432,GMD
2024-09-05,67.45,67.45,65.33,67.11,1941008,GMD
2024-09-06,66.43,67.03,65.75,66.43,678013,GMD
2024-09-09,66.35,66.35,65.67,65.84,614955,GMD
2024-09-10,65.75,66.26,65.75,65.84,1048080,GMD
2024-09-11,65.92,66.01,65.5,65.67,421907,GMD
2024-09-12,65.84,66.26,65.67,66.01,888996,GMD
2024-09-13,66.09,66.43,65.67,65.75,311315,GMD
2024-09-16,65.75,65.92,65.07,65.07,889191,GMD
2024-09-17,65.07,65.67,64.9,65.41,439651,GMD
2024-09-18,66.35,66.43,65.84,66.26,764021,GMD
2024-09-19,66.26,66.6,66.26,66.6,450368,GMD
2024-09-20,66.52,67.11,66.52,66.77,679438,GMD
2024-09-23,66.43,67.28,66.26,67.28,525409,GMD
2024-09-24,66.77,67.37,66.77,67.28,209594,GMD
2024-09-25,67.45,67.62,66.6,67.28,577430,GMD
2024-09-26,67.28,67.45,66.94,67.2,450430,GMD
2024-09-27,66.94,67.2,66.26,66.86,565584,GMD
2024-09-30,66.86,66.86,65.24,66.43,1178532,GMD
2024-10-01,66.18,66.52,65.92,65.92,572831,GMD
2024-10-02,65.75,66.94,65.75,66.26,810371,GMD
2024-10-03,66.43,66.43,65.5,65.92,477320,GMD
2024-10-04,65.92,66.18,65.41,65.41,307929,GMD
2024-10-07,65.41,65.67,64.73,65.07,366279,GMD
2024-10-08,65.16,65.24,64.13,64.13,784113,GMD
2024-10-09,64.3,64.73,64.13,64.3,332600,GMD
2024-10-10,64.47,65.33,64.47,65.24,609488,GMD
2024-10-11,65.5,65.58,65.24,65.41,368011,GMD
2024-10-14,66.01,66.01,64.73,64.81,465716,GMD
2024-10-15,65.07,65.33,64.3,64.39,779972,GMD
2024-10-16,63.96,64.22,63.88,63.96,601515,GMD
2024-10-17,64.05,64.05,62.09,62.26,1499517,GMD
2024-10-18,62.17,62.51,61.15,61.15,1265107,GMD
2024-10-21,61.15,61.32,59.87,60.73,1959393,GMD
2024-10-22,61.3,63.0,61.3,62.8,891744,GMD
2024-10-23,62.8,62.8,61.8,62.8,598745,GMD
2024-10-24,62.3,62.8,61.7,62.8,968168,GMD
2024-10-25,62.6,63.0,62.0,62.7,731785,GMD
2024-10-28,62.8,62.8,62.2,62.5,412817,GMD
2024-10-29,62.5,65.5,62.4,65.0,5257939,GMD
2024-10-30,65.1,65.9,64.6,65.1,1104008,GMD
2024-10-31,65.1,65.6,64.2,65.3,1353763,GMD
2024-11-01,65.3,66.0,64.2,64.2,3482825,GMD
2024-11-04,64.9,64.9,62.8,64.3,950600,GMD
2024-11-05,64.0,64.3,63.4,63.9,779800,GMD
2024-11-06,64.0,64.8,63.8,64.5,994800,GMD
2024-11-07,65.1,65.4,64.5,65.0,1328800,GMD
2024-11-08,65.1,65.2,64.5,64.6,636600,GMD
2024-11-11,64.1,65.9,64.0,65.8,2053200,GMD
2024-11-12,65.8,66.0,64.8,65.9,1223000,GMD
2024-11-13,65.9,65.9,64.8,65.8,729800,GMD
2024-11-14,65.4,67.7,65.3,66.6,2481700,GMD
2024-11-15,66.3,66.5,65.1,65.8,816300,GMD
2024-11-18,65.5,65.5,63.4,64.6,1142900,GMD
2024-11-19,64.6,64.6,61.6,63.8,1721100,GMD
2024-11-20,63.3,64.0,61.6,63.7,1198500,GMD
2024-11-21,63.1,65.0,62.6,65.0,994000,GMD
2024-11-22,64.7,64.7,63.8,64.1,554400,GMD
2024-11-25,64.0,64.9,63.7,64.0,584300,GMD
2024-11-26,64.1,65.0,63.9,64.9,848700,GMD
2024-11-27,64.9,65.0,64.3,64.3,445900,GMD
2024-11-28,64.4,64.8,63.8,64.7,733500,GMD
2024-11-29,64.7,65.3,64.2,64.7,813900,GMD
2024-12-02,65.0,65.0,64.0,64.3,669700,GMD
2024-12-03,64.0,64.9,64.0,64.0,967600,GMD
2024-12-04,64.1,64.7,63.8,64.7,641100,GMD
2024-12-05,64.8,66.3,64.5,66.0,1470000,GMD
2024-12-06,66.0,67.8,65.4,67.4,1933700,GMD
2024-12-09,67.4,67.4,66.7,67.3,1046900,GMD
2024-12-10,67.3,67.3,66.2,66.9,826200,GMD
2024-12-11,66.6,67.0,65.9,65.9,609800,GMD
2024-12-12,66.1,66.5,65.1,66.4,1080200,GMD
2024-12-13,66.5,66.7,65.7,65.9,665500,GMD
2024-12-16,65.8,66.1,65.3,65.8,636100,GMD
2024-12-17,65.8,66.0,64.8,65.5,991000,GMD
2024-12-18,65.0,65.5,64.9,65.4,445500,GMD
2024-12-19,64.9,65.8,64.8,65.1,661400,GMD
2024-12-20,65.1,66.1,64.7,65.0,774000,GMD
2024-12-23,65.1,65.6,64.9,65.0,318000,GMD
2024-12-24,65.3,66.3,65.0,65.7,937400,GMD
2024-12-25,65.7,66.9,65.7,66.8,984200,GMD
2024-12-26,67.0,67.0,66.0,66.8,587500,GMD
2024-12-27,66.8,66.8,66.2,66.5,726100,GMD
2024-12-30,66.4,66.4,65.7,66.0,563100,GMD
2024-12-31,66.0,66.0,65.2,65.2,384100,GMD
2025-01-02,65.1,66.2,64.6,66.2,775500,GMD
2025-01-03,66.2,66.3,65.4,65.8,712600,GMD
2025-01-06,65.5,65.8,63.8,64.1,877800,GMD
2025-01-07,64.0,64.0,62.7,62.7,846700,GMD
2025-01-08,62.7,63.5,62.0,63.5,584100,GMD
2025-01-09,63.4,63.5,62.4,63.5,361700,GMD
2025-01-10,62.8,63.0,61.7,62.0,691100,GMD
2025-01-13,61.6,61.9,61.0,61.8,601000,GMD
2025-01-14,61.8,61.8,60.0,60.0,1003500,GMD
2025-01-15,60.1,61.0,59.9,60.2,856500,GMD
2025-01-16,60.3,62.0,60.1,61.2,900900,GMD
2025-01-17,61.2,62.0,61.0,62.0,846300,GMD
2025-01-20,62.0,62.5,61.9,62.2,546800,GMD
2025-01-21,62.0,62.2,61.1,62.0,746800,GMD
2025-01-22,62.0,62.0,61.1,61.4,617500,GMD
2025-01-23,61.4,62.0,61.2,62.0,856100,GMD
2025-01-24,61.6,63.9,61.6,63.9,1297200,GMD
2025-02-03,63.5,63.6,62.3,62.7,952400,GMD
2025-02-04,62.6,63.4,62.6,63.1,488300,GMD
2025-02-05,62.9,63.7,62.9,63.6,1108400,GMD
2025-02-06,63.7,63.7,63.0,63.0,712000,GMD
2025-02-07,63.0,63.8,62.6,62.6,947900,GMD
2025-02-10,62.6,62.6,61.6,61.7,829700,GMD
2025-02-11,61.7,61.7,60.4,60.9,1984400,GMD
2025-02-12,60.7,61.3,60.6,60.6,757400,GMD
2025-02-13,60.6,61.7,60.6,61.7,766300,GMD
2025-02-14,61.5,62.3,61.1,61.7,809000,GMD
2025-02-17,61.7,61.8,61.2,61.3,660100,GMD
2025-02-18,61.1,61.4,60.5,60.9,1475100,GMD
2025-02-19,60.9,61.5,60.6,61.0,854200,GMD
2025-02-20,61.3,61.5,60.9,61.5,728600,GMD
2025-02-21,61.5,62.4,61.4,62.0,859300,GMD
2025-02-24,62.0,62.1,61.4,61.9,815300,GMD
2025-02-25,61.7,61.7,60.7,61.0,1404100,GMD
2025-02-26,61.0,61.5,60.8,61.1,1419400,GMD
2025-02-27,61.0,61.3,60.8,61.3,901100,GMD
2025-02-28,61.3,61.3,60.6,60.7,1335900,GMD
2025-03-03,60.7,61.0,60.6,60.8,680800,GMD
2025-03-04,60.7,61.6,60.7,61.1,1107600,GMD
2025-03-05,61.0,61.2,60.0,60.0,2451000,GMD
2025-03-06,60.3,61.1,60.0,61.0,1631700,GMD
2025-03-07,61.4,61.5,60.5,61.5,1871600,GMD
2025-03-10,61.6,61.6,60.6,61.5,1855700,GMD
2025-03-11,60.9,61.4,60.4,61.2,2128500,GMD
2025-03-12,60.8,61.1,60.1,60.1,2850200,GMD
2025-03-13,60.4,60.8,59.6,59.6,1305600,GMD
2025-03-14,59.8,60.0,58.1,58.1,2357700,GMD
2024-09-04,34.48,34.63,33.09,34.38,3843698,GVR
2024-09-05,34.53,34.58,33.54,33.59,2269872,GVR
2024-09-06,33.39,34.28,33.34,34.18,1688659,GVR
2024-09-09,34.13,34.38,33.69,34.18,1066788,GVR
2024-09-10,34.28,34.53,33.59,33.79,1779291,GVR
2024-09-11,33.79,34.23,33.29,33.79,1828062,GVR
2024-09-12,34.08,34.83,33.98,34.23,2147812,GVR
2024-09-13,34.48,34.48,34.08,34.28,845105,GVR
2024-09-16,34.38,34.88,34.28,34.58,3307682,GVR
2024-09-17,34.58,35.27,34.43,35.27,2886416,GVR
2024-09-18,35.52,36.02,35.22,35.22,3877871,GVR
2024-09-19,35.37,35.47,34.88,35.37,2641242,GVR
2024-09-20,35.97,35.97,35.17,35.27,2375948,GVR
2024-09-23,35.27,35.37,34.98,35.22,1808882,GVR
2024-09-24,35.07,35.97,35.07,35.82,3635208,GVR
2024-09-25,36.02,36.11,35.62,35.67,3795161,GVR
2024-09-26,36.16,36.56,35.77,36.07,3547965,GVR
2024-09-27,36.31,36.31,35.57,35.67,2616113,GVR
2024-09-30,35.77,35.77,35.27,35.42,1845888,GVR
2024-10-01,35.77,36.31,35.57,35.67,4112192,GVR
2024-10-02,35.57,36.26,35.57,35.82,2573427,GVR
2024-10-03,35.87,36.11,34.83,35.22,3457186,GVR
2024-10-04,35.42,35.42,34.58,34.58,2302334,GVR
2024-10-07,34.68,34.88,34.23,34.48,1553834,GVR
2024-10-08,34.48,35.02,34.48,34.73,1379523,GVR
2024-10-09,34.93,35.32,34.93,35.32,1841384,GVR
2024-10-10,35.47,35.82,35.32,35.32,2463508,GVR
2024-10-11,35.37,35.57,34.93,35.17,2129099,GVR
2024-10-14,35.57,36.11,35.27,35.97,4003825,GVR
2024-10-15,35.97,36.11,35.27,35.42,2211292,GVR
2024-10-16,35.37,35.77,35.27,35.77,2254099,GVR
2024-10-17,35.77,35.77,35.02,35.67,2684205,GVR
2024-10-18,35.67,36.41,35.47,35.52,4560006,GVR
2024-10-21,35.52,35.67,34.88,34.88,1962798,GVR
2024-10-22,34.98,35.02,32.45,33.44,8189810,GVR
2024-10-23,33.54,33.54,32.75,33.19,2836347,GVR
2024-10-24,33.29,33.49,32.4,32.6,3869841,GVR
2024-10-25,32.8,32.8,31.9,31.95,2906223,GVR
2024-10-28,32.0,32.4,31.8,32.2,2185363,GVR
2024-10-29,32.5,32.75,32.35,32.65,1809430,GVR
2024-10-30,32.65,32.89,32.3,32.4,1422017,GVR
2024-10-31,32.5,32.7,32.35,32.6,1348438,GVR
2024-11-01,32.4,32.4,31.76,32.0,2877084,GVR
2024-11-04,32.2,32.2,31.16,31.26,2649411,GVR
2024-11-05,31.51,32.05,31.36,31.8,2157211,GVR
2024-11-06,32.2,33.54,32.1,33.44,4994283,GVR
2024-11-07,33.69,33.69,32.8,33.04,3118099,GVR
2024-11-08,33.09,33.29,32.55,32.6,3288744,GVR
2024-11-11,32.6,33.09,32.4,33.09,2588341,GVR
2024-11-12,33.14,33.39,32.6,32.6,2060294,GVR
2024-11-13,32.4,32.65,32.05,32.25,2498775,GVR
2024-11-14,32.5,32.5,31.35,31.5,2778266,GVR
2024-11-15,31.2,31.8,30.8,31.0,3098519,GVR
2024-11-18,31.0,31.55,30.3,31.15,2510232,GVR
2024-11-19,31.2,31.4,30.35,30.4,2308895,GVR
2024-11-20,30.4,31.3,30.0,30.8,2658083,GVR
2024-11-21,30.8,31.3,30.6,31.2,1808963,GVR
2024-11-22,31.1,31.3,30.85,30.9,1786607,GVR
2024-11-25,30.9,31.2,30.8,30.9,2183288,GVR
2024-11-26,31.0,31.6,31.0,31.3,2766343,GVR
2024-11-27,31.5,31.5,31.15,31.25,1369700,GVR
2024-11-28,31.3,31.8,31.3,31.35,2401700,GVR
2024-11-29,31.35,31.5,31.2,31.3,1809200,GVR
2024-12-02,31.5,31.7,31.35,31.45,1918400,GVR
2024-12-03,31.6,31.6,30.9,30.9,2569400,GVR
2024-12-04,30.9,31.0,30.35,30.35,2916000,GVR
2024-12-05,30.4,31.5,30.1,31.35,2958200,GVR
2024-12-06,31.5,32.8,31.35,32.05,5687900,GVR
2024-12-09,32.1,32.3,32.0,32.1,2153900,GVR
2024-12-10,32.25,32.3,31.7,31.75,1802500,GVR
2024-12-11,31.75,31.95,31.25,31.45,2909400,GVR
2024-12-12,31.6,32.2,31.6,31.65,2559700,GVR
2024-12-13,31.6,31.65,31.35,31.4,1142900,GVR
2024-12-16,31.4,31.6,31.05,31.2,1315600,GVR
2024-12-17,31.45,31.45,31.1,31.1,948600,GVR
2024-12-18,31.1,31.35,31.05,31.35,762900,GVR
2024-12-19,30.9,31.15,30.75,30.9,2228300,GVR
2024-12-20,31.0,31.2,30.85,30.9,956600,GVR
2024-12-23,31.3,31.45,30.7,30.85,1803400,GVR
2024-12-24,30.85,31.15,30.65,30.7,1861800,GVR
2024-12-25,30.85,31.5,30.85,31.1,2092700,GVR
2024-12-26,31.3,31.3,30.85,30.9,1144000,GVR
2024-12-27,30.9,31.2,30.7,30.7,1609600,GVR
2024-12-30,30.7,30.7,30.55,30.55,1070600,GVR
2024-12-31,30.65,30.65,30.35,30.35,1178200,GVR
2025-01-02,30.5,30.8,30.45,30.5,946400,GVR
2025-01-03,30.6,30.75,30.3,30.3,1619700,GVR
2025-01-06,30.3,30.6,29.4,29.4,2127100,GVR
2025-01-07,29.45,29.7,28.0,28.3,3865500,GVR
2025-01-08,28.3,29.2,27.55,28.65,2445900,GVR
2025-01-09,28.8,29.1,28.6,28.6,1108600,GVR
2025-01-10,28.6,28.85,28.0,28.0,1211900,GVR
2025-01-13,28.15,28.25,27.6,28.1,947000,GVR
2025-01-14,28.1,28.35,27.75,27.75,901200,GVR
2025-01-15,28.15,28.25,27.85,28.2,680400,GVR
2025-01-16,28.5,28.75,28.3,28.45,730300,GVR
2025-01-17,28.4,29.2,28.4,28.75,1314400,GVR
2025-01-20,29.15,29.15,28.65,28.7,1012900,GVR
2025-01-21,28.85,29.0,28.4,28.4,1030100,GVR
2025-01-22,28.45,28.6,28.0,28.0,1362800,GVR
2025-01-23,28.0,28.7,28.0,28.45,1461800,GVR
2025-01-24,28.6,28.95,28.6,28.8,1613200,GVR
2025-02-03,28.95,29.9,28.8,29.25,2989200,GVR
2025-02-04,29.55,29.65,29.3,29.5,1364800,GVR
2025-02-05,29.55,29.75,29.3,29.45,1266300,GVR
2025-02-06,29.7,29.7,29.15,29.2,1349500,GVR
2025-02-07,29.2,29.95,29.1,29.4,2297000,GVR
2025-02-10,29.4,29.4,28.8,28.8,1699500,GVR
2025-02-11,28.95,28.95,28.65,28.9,1079300,GVR
2025-02-12,29.15,29.3,28.75,28.75,958300,GVR
2025-02-13,28.8,29.6,28.75,29.45,2968500,GVR
2025-02-14,29.8,31.0,29.75,30.35,5564300,GVR
2025-02-17,30.45,31.25,30.45,30.55,4781800,GVR
2025-02-18,30.75,30.85,30.35,30.85,2969100,GVR
2025-02-19,31.2,31.75,30.85,31.65,6110400,GVR
2025-02-20,31.7,32.5,31.4,32.35,6240800,GVR
2025-02-21,32.35,32.5,31.75,32.4,3890300,GVR
2025-02-24,32.45,32.6,31.9,32.45,3295100,GVR
2025-02-25,32.5,32.55,31.85,32.1,2746800,GVR
2025-02-26,32.3,32.9,32.2,32.6,4286200,GVR
2025-02-27,32.55,32.7,31.9,32.7,3126500,GVR
2025-02-28,32.7,33.8,32.35,33.4,6457800,GVR
2025-03-03,33.6,33.65,33.0,33.1,2783900,GVR
2025-03-04,33.0,33.95,32.9,33.5,5964800,GVR
2025-03-05,33.6,33.6,33.0,33.0,2713400,GVR
2025-03-06,33.0,34.0,33.0,34.0,4939600,GVR
2025-03-07,34.0,34.1,33.5,33.5,3000600,GVR
2025-03-10,33.6,33.7,33.15,33.3,2626600,GVR
2025-03-11,33.0,33.45,32.3,33.4,3157200,GVR
2025-03-12,33.3,33.4,32.8,32.8,2208000,GVR
2025-03-13,32.9,33.75,32.75,33.0,4500600,GVR
2025-03-14,33.0,33.65,32.95,33.3,4168200,GVR
2024-09-04,10.5,10.5,10.1,10.25,10391600,HAG
2024-09-05,10.4,10.4,10.1,10.2,4305800,HAG
2024-09-06,10.25,10.35,10.1,10.25,3617900,HAG
2024-09-09,10.3,10.4,10.15,10.4,2800800,HAG
2024-09-10,10.45,10.9,10.4,10.65,9858900,HAG
2024-09-11,10.7,10.7,10.4,10.6,3895900,HAG
2024-09-12,10.65,10.7,10.45,10.45,2295500,HAG
2024-09-13,10.45,10.5,10.3,10.45,3451300,HAG
2024-09-16,10.5,10.6,10.35,10.35,2563800,HAG
2024-09-17,10.4,10.45,10.25,10.45,2842100,HAG
2024-09-18,10.5,10.75,10.45,10.55,4179000,HAG
2024-09-19,10.6,10.75,10.55,10.55,2507800,HAG
2024-09-20,10.6,10.75,10.6,10.7,4993400,HAG
2024-09-23,10.5,10.6,10.4,10.4,4318900,HAG
2024-09-24,10.5,10.6,10.4,10.5,2143400,HAG
2024-09-25,10.6,10.75,10.55,10.65,6068600,HAG
2024-09-26,10.65,11.0,10.65,10.65,6559100,HAG
2024-09-27,10.75,10.75,10.6,10.65,5319800,HAG
2024-09-30,10.65,10.85,10.6,10.85,5613800,HAG
2024-10-01,10.85,11.15,10.75,11.15,11912400,HAG
2024-10-02,11.0,11.1,10.85,10.9,4701400,HAG
2024-10-03,10.9,11.05,10.55,10.55,7803200,HAG
2024-10-04,10.55,11.25,10.55,11.2,17235800,HAG
2024-10-07,11.25,11.25,10.85,10.9,4969500,HAG
2024-10-08,11.0,11.05,10.9,10.9,3394400,HAG
2024-10-09,11.0,11.15,11.0,11.05,4254400,HAG
2024-10-10,11.15,11.35,11.0,11.0,7196100,HAG
2024-10-11,11.1,11.1,10.9,11.0,2257900,HAG
2024-10-14,11.05,11.1,10.95,11.0,3982600,HAG
2024-10-15,11.0,11.25,10.85,11.0,8557000,HAG
2024-10-16,11.0,11.0,10.75,10.8,3596300,HAG
2024-10-17,10.8,10.9,10.55,10.8,6511000,HAG
2024-10-18,10.9,10.9,10.6,10.6,3507100,HAG
2024-10-21,10.6,10.75,10.6,10.6,2417700,HAG
2024-10-22,10.6,10.65,10.45,10.5,3715000,HAG
2024-10-23,10.6,10.75,10.45,10.7,4258600,HAG
2024-10-24,10.75,10.85,10.55,10.55,5553000,HAG
2024-10-25,10.6,10.6,10.15,10.15,12734100,HAG
2024-10-28,10.3,10.3,10.05,10.15,4326700,HAG
2024-10-29,10.3,10.35,10.2,10.2,1735400,HAG
2024-10-30,10.3,10.5,10.25,10.35,4787900,HAG
2024-10-31,10.3,10.45,10.3,10.35,1926600,HAG
2024-11-01,10.35,10.4,10.25,10.25,2116000,HAG
2024-11-04,10.35,10.5,10.3,10.3,3395400,HAG
2024-11-05,10.4,10.4,10.25,10.35,1460000,HAG
2024-11-06,10.4,10.45,10.3,10.45,3478300,HAG
2024-11-07,10.55,10.55,10.4,10.4,2804300,HAG
2024-11-08,10.45,10.45,10.35,10.35,3651000,HAG
2024-11-11,10.35,10.5,10.3,10.5,5119700,HAG
2024-11-12,10.5,11.2,10.5,11.2,26376800,HAG
2024-11-13,11.2,11.6,11.1,11.3,10121700,HAG
2024-11-14,11.4,12.05,11.25,11.75,17860500,HAG
2024-11-15,11.75,11.95,11.65,11.8,6331300,HAG
2024-11-18,11.9,11.9,11.3,11.4,7684500,HAG
2024-11-19,11.3,11.75,11.3,11.4,5795600,HAG
2024-11-20,11.35,11.85,11.35,11.65,5966600,HAG
2024-11-21,11.65,11.75,11.5,11.65,2550700,HAG
2024-11-22,11.65,12.3,11.55,11.7,11087100,HAG
2024-11-25,11.7,12.1,11.6,12.1,5322600,HAG
2024-11-26,12.15,12.15,11.9,12.15,5440400,HAG
2024-11-27,12.15,12.15,11.75,11.75,7253600,HAG
2024-11-28,11.8,12.1,11.75,11.95,5818200,HAG
2024-11-29,12.0,12.05,11.8,11.95,6785900,HAG
2024-12-02,11.95,12.1,11.6,11.65,5835600,HAG
2024-12-03,11.8,11.8,11.6,11.8,2697200,HAG
2024-12-04,11.8,11.8,11.4,11.4,5747500,HAG
2024-12-05,11.5,11.8,11.4,11.7,4989800,HAG
2024-12-06,11.75,12.2,11.7,11.9,10685300,HAG
2024-12-09,12.0,12.7,11.9,12.6,29879700,HAG
2024-12-10,12.65,12.7,12.35,12.45,7015600,HAG
2024-12-11,12.5,12.65,12.3,12.5,5801200,HAG
2024-12-12,12.55,12.6,12.35,12.4,3481500,HAG
2024-12-13,12.35,12.6,12.3,12.4,4504900,HAG
2024-12-16,12.55,12.7,12.4,12.5,3810600,HAG
2024-12-17,12.45,12.5,12.35,12.45,3632700,HAG
2024-12-18,12.4,12.7,12.4,12.4,9638300,HAG
2024-12-19,12.35,12.4,12.1,12.35,7619200,HAG
2024-12-20,12.4,12.6,12.25,12.25,6816600,HAG
2024-12-23,12.4,12.95,12.35,12.85,7112500,HAG
2024-12-24,12.85,13.05,12.65,12.75,6145700,HAG
2024-12-25,12.75,12.85,12.5,12.5,5669900,HAG
2024-12-26,12.55,12.65,12.5,12.5,4398900,HAG
2024-12-27,12.5,12.6,11.95,12.0,15719300,HAG
2024-12-30,12.0,12.15,11.75,12.0,5960300,HAG
2024-12-31,12.25,12.3,11.9,12.05,7389100,HAG
2025-01-02,12.15,12.5,12.1,12.3,6425300,HAG
2025-01-03,12.3,12.3,11.85,11.85,8335500,HAG
2025-01-06,11.9,11.95,11.55,11.6,4446100,HAG
2025-01-07,11.65,11.85,11.65,11.65,6466100,HAG
2025-01-08,11.7,12.1,11.7,11.85,5137700,HAG
2025-01-09,11.95,12.0,11.85,11.95,2199800,HAG
2025-01-10,11.95,12.0,11.65,11.65,4611000,HAG
2025-01-13,11.65,11.9,11.6,11.8,6814000,HAG
2025-01-14,11.8,11.9,11.5,11.55,2976300,HAG
2025-01-15,11.6,11.7,11.5,11.65,2489800,HAG
2025-01-16,11.75,11.95,11.7,11.75,4974600,HAG
2025-01-17,11.85,11.95,11.75,11.8,2238500,HAG
2025-01-20,11.8,11.9,11.75,11.8,3497400,HAG
2025-01-21,11.9,11.95,11.8,11.95,3188800,HAG
2025-01-22,12.0,12.3,12.0,12.1,5369900,HAG
2025-01-23,12.15,12.25,12.05,12.2,3435300,HAG
2025-01-24,12.25,12.3,12.1,12.2,3639200,HAG
2025-02-03,11.8,11.9,11.6,11.85,7787600,HAG
2025-02-04,11.8,12.05,11.75,11.9,3721200,HAG
2025-02-05,11.95,12.15,11.9,12.0,5142600,HAG
2025-02-06,12.0,12.3,12.0,12.0,7387000,HAG
2025-02-07,12.1,12.35,12.0,12.3,7410400,HAG
2025-02-10,12.3,12.55,12.2,12.45,8509500,HAG
2025-02-11,12.45,12.6,12.35,12.55,5001100,HAG
2025-02-12,12.55,12.55,12.3,12.3,2607000,HAG
2025-02-13,12.3,12.45,12.25,12.4,3568300,HAG
2025-02-14,12.45,12.55,12.3,12.4,2942300,HAG
2025-02-17,12.45,12.75,12.4,12.45,4958100,HAG
2025-02-18,12.5,12.85,12.45,12.6,6826700,HAG
2025-02-19,12.6,12.8,12.6,12.75,5404400,HAG
2025-02-20,12.75,12.85,12.6,12.75,5808200,HAG
2025-02-21,12.7,12.95,12.55,12.95,8030500,HAG
2025-02-24,13.0,13.2,12.8,13.0,8859100,HAG
2025-02-25,13.15,13.2,12.85,13.0,6235000,HAG
2025-02-26,13.0,13.15,12.65,12.7,9174400,HAG
2025-02-27,12.8,13.3,12.65,13.25,14305400,HAG
2025-02-28,13.25,13.25,12.85,13.0,5140400,HAG
2025-03-03,13.0,13.1,12.65,12.7,8965900,HAG
2025-03-04,12.65,12.8,12.5,12.65,10577000,HAG
2025-03-05,12.7,12.75,12.4,12.5,3725200,HAG
2025-03-06,12.5,12.6,12.35,12.55,4907400,HAG
2025-03-07,12.6,12.7,12.45,12.55,4677300,HAG
2025-03-10,12.55,12.6,12.4,12.55,3943200,HAG
2025-03-11,12.45,12.55,12.3,12.5,2964900,HAG
2025-03-12,12.5,12.95,12.5,12.7,7913700,HAG
2025-03-13,12.7,12.7,12.35,12.35,4202100,HAG
2025-03-14,12.35,12.55,12.3,12.45,3135200,HAG
2024-09-04,28.16,28.75,28.16,28.65,9687360,HCM
2024-09-05,28.8,29.29,28.3,28.65,14360274,HCM
2024-09-06,28.5,28.89,28.16,28.8,9331469,HCM
2024-09-09,28.55,28.94,28.26,28.65,7052378,HCM
2024-09-10,28.8,28.85,27.86,28.35,11807555,HCM
2024-09-11,28.21,28.8,27.86,28.5,9908053,HCM
2024-09-12,28.8,28.8,28.35,28.35,5211511,HCM
2024-09-13,28.4,29.19,28.4,28.7,13785620,HCM
2024-09-16,28.7,28.85,27.71,27.71,15533407,HCM
2024-09-17,27.71,28.5,27.57,28.5,9249365,HCM
2024-09-18,28.65,30.27,28.55,29.63,29558375,HCM
2024-09-19,29.93,30.17,29.53,29.98,11805394,HCM
2024-09-20,30.37,30.42,29.98,30.12,10919410,HCM
2024-09-23,30.12,30.37,29.93,29.93,9425575,HCM
2024-09-24,29.98,30.27,29.93,30.17,6482754,HCM
2024-09-25,30.42,31.25,30.37,30.66,16088302,HCM
2024-09-26,30.71,30.81,30.27,30.52,13396587,HCM
2024-09-27,30.66,30.76,30.27,30.27,10052675,HCM
2024-09-30,30.27,30.91,30.07,30.42,7166433,HCM
2024-10-01,30.57,31.25,30.42,30.47,11358779,HCM
2024-10-02,30.27,30.52,29.78,30.12,11170217,HCM
2024-10-03,30.17,30.47,29.63,29.83,12027463,HCM
2024-10-04,29.83,30.27,29.73,29.93,7391984,HCM
2024-10-07,30.17,30.57,29.98,30.57,8426508,HCM
2024-10-08,30.76,30.81,29.58,30.07,17119064,HCM
2024-10-09,29.83,30.32,29.68,30.12,8229209,HCM
2024-10-10,30.32,30.52,29.88,29.88,7364168,HCM
2024-10-11,29.93,30.66,29.63,30.66,11695675,HCM
2024-10-14,30.86,31.01,30.47,30.47,7395409,HCM
2024-10-15,30.47,30.76,29.78,29.83,9709404,HCM
2024-10-16,29.83,30.07,29.73,29.78,4867249,HCM
2024-10-17,29.83,30.12,29.09,30.07,10654777,HCM
2024-10-18,30.37,30.47,29.93,29.93,11182259,HCM
2024-10-21,29.78,29.93,28.99,29.04,12907845,HCM
2024-10-22,28.99,29.24,28.06,28.4,13154575,HCM
2024-10-23,28.4,28.85,28.21,28.4,7442934,HCM
2024-10-24,28.45,28.7,27.71,27.71,11030022,HCM
2024-10-25,27.76,27.96,27.71,27.81,6452059,HCM
2024-10-28,28.01,28.5,27.96,28.21,4602237,HCM
2024-10-29,28.4,28.5,28.01,28.16,5349474,HCM
2024-10-30,28.21,28.26,27.71,27.86,5238209,HCM
2024-10-31,28.01,28.4,27.91,28.3,5145844,HCM
2024-11-01,28.26,28.26,27.81,27.91,4414166,HCM
2024-11-04,27.96,28.75,27.71,28.5,9679421,HCM
2024-11-05,28.45,28.75,28.45,28.45,3979736,HCM
2024-11-06,28.7,28.99,28.5,28.94,8448776,HCM
2024-11-07,29.04,29.09,28.8,28.8,5232814,HCM
2024-11-08,28.89,28.94,28.5,28.6,5944147,HCM
2024-11-11,28.6,28.65,27.76,28.11,10674815,HCM
2024-11-12,28.21,28.6,28.01,28.01,4163890,HCM
2024-11-13,27.96,28.06,27.27,27.52,8132694,HCM
2024-11-14,27.67,27.76,26.34,26.63,9899987,HCM
2024-11-15,26.54,26.58,25.65,25.95,12077492,HCM
2024-11-18,25.95,27.32,25.9,26.88,8602154,HCM
2024-11-19,26.93,27.03,26.29,26.54,3788601,HCM
2024-11-20,26.44,27.67,26.24,27.22,11996843,HCM
2024-11-21,27.27,27.71,27.03,27.57,7161585,HCM
2024-11-22,27.57,27.71,27.17,27.22,4717015,HCM
2024-11-25,27.22,27.47,27.13,27.37,3335613,HCM
2024-11-26,27.47,28.26,27.42,27.81,9112781,HCM
2024-11-27,27.86,27.96,27.52,27.67,3881524,HCM
2024-11-28,27.81,28.01,27.42,27.67,5477349,HCM
2024-11-29,27.62,27.91,27.42,27.67,4147076,HCM
2024-12-02,27.91,28.01,27.42,27.57,3085104,HCM
2024-12-03,27.52,27.52,27.03,27.08,8784859,HCM
2024-12-04,27.08,27.08,26.54,26.63,7919519,HCM
2024-12-05,26.73,28.45,26.54,28.45,14903916,HCM
2024-12-06,28.85,29.29,28.65,28.75,15582394,HCM
2024-12-09,28.8,29.24,28.65,29.09,7989668,HCM
2024-12-10,28.99,29.29,28.8,29.04,6641885,HCM
2024-12-11,29.04,29.34,28.7,28.89,5469369,HCM
2024-12-12,28.94,29.48,28.8,28.8,8192935,HCM
2024-12-13,28.75,29.04,28.65,28.89,5268841,HCM
2024-12-16,28.89,29.19,28.85,29.09,5486416,HCM
2024-12-17,29.24,29.39,28.85,28.99,6119837,HCM
2024-12-18,28.99,29.24,28.8,29.24,5233328,HCM
2024-12-19,28.89,29.04,28.5,28.99,10262049,HCM
2024-12-20,28.99,29.04,28.8,28.8,3565447,HCM
2024-12-23,28.99,29.09,28.7,28.7,5105124,HCM
2024-12-24,28.65,28.75,28.16,28.4,9323495,HCM
2024-12-25,28.45,29.73,28.45,28.99,10112661,HCM
2024-12-26,29.09,29.14,28.75,28.8,3740438,HCM
2024-12-27,28.89,29.14,28.75,28.94,7834980,HCM
2024-12-30,29.19,29.68,29.04,29.09,8704708,HCM
2024-12-31,28.94,29.19,28.89,28.89,4041222,HCM
2025-01-02,28.99,29.14,28.7,28.8,4932148,HCM
2025-01-03,28.8,28.85,28.06,28.06,12211602,HCM
2025-01-06,28.01,28.11,27.52,27.67,7288757,HCM
2025-01-07,27.71,28.01,27.52,27.62,5612566,HCM
2025-01-08,27.52,28.06,27.42,27.91,4806054,HCM
2025-01-09,27.91,28.01,27.52,27.52,3331415,HCM
2025-01-10,27.57,27.81,26.73,26.73,11045052,HCM
2025-01-13,26.73,27.47,26.09,27.32,7586691,HCM
2025-01-14,27.32,27.37,27.08,27.08,3459744,HCM
2025-01-15,27.22,27.57,27.13,27.42,4489503,HCM
2025-01-16,27.62,28.45,27.62,27.76,7411056,HCM
2025-01-17,27.76,28.11,27.67,28.01,3916002,HCM
2025-01-20,28.21,28.21,27.91,27.91,3879198,HCM
2025-01-21,28.01,28.4,27.96,28.21,5713664,HCM
2025-01-22,28.21,28.35,28.16,28.26,4538109,HCM
2025-01-23,28.3,28.89,28.3,28.8,7699846,HCM
2025-01-24,28.85,28.89,28.5,28.75,5087972,HCM
2025-02-03,28.45,28.85,28.21,28.55,5709489,HCM
2025-02-04,28.65,29.15,28.6,29.15,7652166,HCM
2025-02-05,29.2,29.3,28.9,28.95,3795687,HCM
2025-02-06,29.1,29.4,28.8,28.8,7150887,HCM
2025-02-07,28.85,29.1,28.65,28.8,5576933,HCM
2025-02-10,28.75,29.3,28.25,28.95,14475499,HCM
2025-02-11,29.2,29.25,28.85,28.95,5187598,HCM
2025-02-12,29.05,29.55,28.8,29.0,8869515,HCM
2025-02-13,28.95,29.15,28.85,29.0,4559976,HCM
2025-02-14,29.45,29.95,29.2,29.3,14034175,HCM
2025-02-17,29.3,29.95,29.1,29.5,13675700,HCM
2025-02-18,29.45,29.9,29.4,29.65,8011900,HCM
2025-02-19,29.8,30.1,29.65,30.0,9353400,HCM
2025-02-20,30.2,30.3,29.8,30.0,7493800,HCM
2025-02-21,29.9,30.05,29.6,29.9,6721500,HCM
2025-02-24,29.9,30.6,29.65,30.6,12549700,HCM
2025-02-25,30.9,31.65,30.55,31.05,24007800,HCM
2025-02-26,31.2,31.85,30.95,31.45,16146200,HCM
2025-02-27,31.55,31.65,31.1,31.55,8451000,HCM
2025-02-28,31.55,31.8,31.05,31.15,8919300,HCM
2025-03-03,31.05,31.85,31.0,31.5,11947800,HCM
2025-03-04,31.5,31.75,30.8,31.6,10569900,HCM
2025-03-05,31.6,32.35,31.3,31.3,13097700,HCM
2025-03-06,31.5,32.5,31.45,32.45,16572500,HCM
2025-03-07,32.65,32.65,32.3,32.3,6999800,HCM
2025-03-10,32.45,32.7,31.9,32.15,11773400,HCM
2025-03-11,31.7,32.4,31.7,32.4,11337300,HCM
2025-03-12,32.6,32.65,32.1,32.15,7099500,HCM
2025-03-13,32.2,32.5,31.7,31.8,12020300,HCM
2025-03-14,31.7,32.0,31.5,31.8,9197000,HCM
2024-09-04,22.87,22.92,22.37,22.58,5517829,HDB
2024-09-05,22.67,22.67,22.25,22.46,5828682,HDB
2024-09-06,22.46,22.5,22.25,22.29,5215967,HDB
2024-09-09,22.33,22.33,21.79,22.08,5326975,HDB
2024-09-10,22.17,22.17,21.75,21.92,6284070,HDB
2024-09-11,21.92,22.0,21.62,21.96,5069680,HDB
2024-09-12,22.04,22.04,21.79,21.83,4890084,HDB
2024-09-13,21.92,22.08,21.79,22.0,4033440,HDB
2024-09-16,22.0,22.0,21.71,21.83,4192627,HDB
2024-09-17,21.87,22.17,21.67,22.17,4479750,HDB
2024-09-18,22.12,22.29,22.04,22.25,5823162,HDB
2024-09-19,22.25,22.42,22.17,22.37,6304062,HDB
2024-09-20,22.42,22.67,22.37,22.54,8365747,HDB
2024-09-23,22.58,22.62,22.33,22.5,6284150,HDB
2024-09-24,22.5,22.54,22.33,22.5,6299099,HDB
2024-09-25,22.58,22.79,22.5,22.71,7299305,HDB
2024-09-26,22.71,23.67,22.67,23.58,18892561,HDB
2024-09-27,23.67,23.83,23.42,23.58,10547494,HDB
2024-09-30,23.67,23.67,23.12,23.5,9166289,HDB
2024-10-01,23.5,23.54,23.21,23.33,9915921,HDB
2024-10-02,23.25,23.33,22.87,22.96,9026959,HDB
2024-10-03,23.0,23.33,22.92,23.04,9386269,HDB
2024-10-04,23.08,23.08,22.75,22.75,8692892,HDB
2024-10-07,22.75,22.75,22.25,22.37,9453047,HDB
2024-10-08,22.42,22.92,22.21,22.67,10073895,HDB
2024-10-09,22.71,22.71,22.42,22.5,11085211,HDB
2024-10-10,22.58,22.96,22.58,22.87,10629004,HDB
2024-10-11,22.87,22.87,22.58,22.79,7402773,HDB
2024-10-14,22.83,22.87,22.5,22.5,7892871,HDB
2024-10-15,22.54,22.67,22.46,22.62,7200958,HDB
2024-10-16,22.54,22.54,22.21,22.54,10509122,HDB
2024-10-17,22.5,22.5,22.17,22.17,10760230,HDB
2024-10-18,22.25,22.5,22.21,22.5,8428325,HDB
2024-10-21,22.5,22.54,22.37,22.46,5197017,HDB
2024-10-22,22.46,22.5,22.25,22.5,7159843,HDB
2024-10-23,22.5,22.5,22.17,22.46,7163042,HDB
2024-10-24,22.46,22.46,22.17,22.42,5795759,HDB
2024-10-25,22.42,22.42,22.21,22.42,5776980,HDB
2024-10-28,22.37,22.42,22.08,22.21,6197191,HDB
2024-10-29,22.29,22.83,22.25,22.75,8178496,HDB
2024-10-30,22.75,22.79,22.54,22.67,6909391,HDB
2024-10-31,22.67,22.67,22.42,22.42,8319543,HDB
2024-11-01,22.42,22.46,22.12,22.12,8689253,HDB
2024-11-04,22.17,22.17,21.71,21.71,7429158,HDB
2024-11-05,21.67,21.87,21.58,21.71,5510066,HDB
2024-11-06,21.71,22.0,21.71,22.0,6168581,HDB
2024-11-07,22.04,22.08,21.83,21.87,6380569,HDB
2024-11-08,21.87,21.87,21.58,21.87,7434413,HDB
2024-11-11,21.87,21.87,21.12,21.29,8248358,HDB
2024-11-12,21.08,21.58,21.08,21.5,6516167,HDB
2024-11-13,21.42,21.62,21.25,21.37,7336175,HDB
2024-11-14,21.37,21.37,21.0,21.04,7754480,HDB
2024-11-15,21.04,21.04,20.5,20.58,9618323,HDB
2024-11-18,20.54,20.75,20.21,20.46,10098005,HDB
2024-11-19,20.5,20.71,20.37,20.54,8273807,HDB
2024-11-20,20.5,20.71,20.25,20.54,9632732,HDB
2024-11-21,20.54,20.67,20.33,20.67,8076028,HDB
2024-11-22,20.67,20.75,20.54,20.58,7860323,HDB
2024-11-25,20.58,20.67,20.54,20.58,7384934,HDB
2024-11-26,20.58,21.0,20.54,20.87,6539942,HDB
2024-11-27,20.87,21.12,20.83,20.96,7046763,HDB
2024-11-28,21.0,21.29,20.79,21.08,7321843,HDB
2024-11-29,21.12,21.25,20.96,21.12,5933061,HDB
2024-12-02,21.17,21.25,21.04,21.17,5375780,HDB
2024-12-03,21.58,21.79,21.33,21.71,11355323,HDB
2024-12-04,21.71,21.79,21.5,21.58,6702027,HDB
2024-12-05,21.62,22.25,21.58,22.25,9437327,HDB
2024-12-06,22.29,22.42,22.12,22.37,7608261,HDB
2024-12-09,22.42,22.58,22.25,22.5,9303579,HDB
2024-12-10,22.5,23.33,22.46,23.33,19910700,HDB
2024-12-11,23.6,23.7,23.3,23.6,14904252,HDB
2024-12-12,23.65,23.95,23.65,23.9,12028462,HDB
2024-12-13,23.95,24.0,23.35,23.7,8997602,HDB
2024-12-16,23.65,23.75,23.5,23.75,7806927,HDB
2024-12-17,23.85,23.9,23.65,23.8,8722807,HDB
2024-12-18,23.8,24.0,23.65,23.8,8358704,HDB
2024-12-19,23.6,23.6,23.2,23.5,10110802,HDB
2024-12-20,23.5,23.6,23.15,23.4,7032073,HDB
2024-12-23,23.5,23.5,23.25,23.4,4866014,HDB
2024-12-24,23.4,23.4,23.05,23.4,5349600,HDB
2024-12-25,23.45,23.95,23.4,23.9,10201000,HDB
2024-12-26,23.9,24.15,23.7,24.15,7888400,HDB
2024-12-27,24.15,24.95,24.1,24.95,12436100,HDB
2024-12-30,24.95,26.65,24.4,26.65,10589200,HDB
2024-12-31,26.35,26.35,25.25,25.5,9184500,HDB
2025-01-02,25.45,25.5,24.45,25.1,12600700,HDB
2025-01-03,25.0,25.0,24.25,24.45,7212300,HDB
2025-01-06,24.45,24.6,24.15,24.5,6407500,HDB
2025-01-07,24.55,24.55,24.1,24.25,8626500,HDB
2025-01-08,24.2,24.25,23.25,23.3,18480600,HDB
2025-01-09,23.1,23.3,22.3,22.35,18307900,HDB
2025-01-10,22.3,22.35,21.6,21.6,16004300,HDB
2025-01-13,21.2,21.85,21.2,21.7,14703300,HDB
2025-01-14,21.75,21.8,21.1,21.15,12557900,HDB
2025-01-15,21.15,21.65,21.15,21.65,7970900,HDB
2025-01-16,21.7,21.85,21.45,21.7,11703600,HDB
2025-01-17,21.6,22.5,21.4,22.5,13331000,HDB
2025-01-20,22.5,23.1,22.0,23.0,20689500,HDB
2025-01-21,23.25,23.35,22.35,22.65,13007200,HDB
2025-01-22,22.7,22.7,22.0,22.0,19175000,HDB
2025-01-23,21.95,22.95,21.9,22.4,13211500,HDB
2025-01-24,22.45,23.15,22.45,22.65,11218800,HDB
2025-02-03,22.5,22.55,22.1,22.4,7463100,HDB
2025-02-04,22.45,22.8,22.4,22.6,7138100,HDB
2025-02-05,22.6,22.8,22.55,22.6,6231800,HDB
2025-02-06,22.7,23.05,22.65,22.95,12839500,HDB
2025-02-07,23.1,23.1,22.85,22.9,8903300,HDB
2025-02-10,22.5,22.85,22.5,22.6,8572100,HDB
2025-02-11,22.75,22.85,22.5,22.55,9757100,HDB
2025-02-12,22.7,22.8,22.55,22.55,8276900,HDB
2025-02-13,22.55,22.7,22.5,22.7,6936600,HDB
2025-02-14,22.85,22.9,22.75,22.85,8445600,HDB
2025-02-17,22.95,22.95,22.6,22.65,9434400,HDB
2025-02-18,22.65,22.8,22.6,22.7,8806800,HDB
2025-02-19,22.7,22.85,22.6,22.8,7816600,HDB
2025-02-20,22.85,22.9,22.75,22.85,10818400,HDB
2025-02-21,22.85,23.2,22.8,23.05,11653000,HDB
2025-02-24,23.0,23.5,22.9,23.45,13634400,HDB
2025-02-25,23.5,23.5,23.05,23.2,12021400,HDB
2025-02-26,23.25,23.3,23.05,23.05,7301400,HDB
2025-02-27,23.05,23.2,22.85,23.2,8369500,HDB
2025-02-28,23.15,23.2,22.8,23.05,10152100,HDB
2025-03-03,23.05,23.1,22.85,23.0,8238400,HDB
2025-03-04,22.9,23.0,22.75,22.95,10016700,HDB
2025-03-05,22.9,23.3,22.9,22.9,9704300,HDB
2025-03-06,22.9,23.05,22.85,23.05,8485600,HDB
2025-03-07,23.05,23.6,23.0,23.4,19968000,HDB
2025-03-10,23.55,23.9,23.5,23.7,13562300,HDB
2025-03-11,23.5,23.8,23.3,23.8,9309000,HDB
2025-03-12,23.9,23.95,23.55,23.65,8340600,HDB
2025-03-13,23.7,23.7,23.1,23.15,13362800,HDB
2025-03-14,23.15,23.35,23.05,23.2,7050600,HDB
2024-09-04,24.35,24.83,24.35,24.78,779851,HDC
2024-09-05,24.83,25.0,24.48,24.57,883665,HDC
2024-09-06,24.48,24.61,24.31,24.48,743619,HDC
2024-09-09,24.48,24.87,24.31,24.44,537584,HDC
2024-09-10,24.52,24.61,24.17,24.31,817038,HDC
2024-09-11,24.31,24.35,23.61,24.13,913275,HDC
2024-09-12,24.39,24.39,24.04,24.04,400763,HDC
2024-09-13,24.26,24.48,24.04,24.31,927328,HDC
2024-09-16,24.35,24.7,24.0,24.05,741471,HDC
2024-09-17,24.0,24.5,23.8,24.5,698692,HDC
2024-09-18,24.65,24.65,24.35,24.35,623883,HDC
2024-09-19,24.7,24.75,24.45,24.6,704538,HDC
2024-09-20,25.2,25.45,24.85,24.85,1401195,HDC
2024-09-23,24.75,24.95,24.7,24.7,444973,HDC
2024-09-24,24.5,25.05,24.5,24.85,884811,HDC
2024-09-25,25.0,26.55,24.9,26.55,5599869,HDC
2024-09-26,26.7,26.85,26.3,26.3,2009843,HDC
2024-09-27,26.7,27.35,26.3,26.7,4645200,HDC
2024-09-30,26.7,27.05,26.4,26.95,3020800,HDC
2024-10-01,27.0,27.3,26.4,26.45,3571700,HDC
2024-10-02,26.4,26.65,26.05,26.05,2610600,HDC
2024-10-03,26.1,26.25,25.2,25.45,4064300,HDC
2024-10-04,25.5,25.85,25.3,25.4,1424300,HDC
2024-10-07,25.6,25.8,25.4,25.8,1159700,HDC
2024-10-08,25.75,25.85,24.85,24.95,3304200,HDC
2024-10-09,25.2,25.45,25.0,25.4,1498700,HDC
2024-10-10,25.6,25.65,25.2,25.2,1046300,HDC
2024-10-11,25.2,26.2,25.15,26.05,3088100,HDC
2024-10-14,26.25,26.25,25.85,25.95,1218500,HDC
2024-10-15,26.0,26.45,25.3,25.55,2392400,HDC
2024-10-16,25.65,25.65,25.1,25.3,1125500,HDC
2024-10-17,25.2,26.8,25.1,26.4,3125500,HDC
2024-10-18,26.4,26.4,25.8,25.8,1545800,HDC
2024-10-21,25.9,26.65,25.8,26.2,2748600,HDC
2024-10-22,26.15,27.7,25.95,27.2,8897500,HDC
2024-10-23,27.35,27.9,26.85,27.45,4701500,HDC
2024-10-24,27.6,27.6,27.05,27.05,3400900,HDC
2024-10-25,27.05,27.7,27.0,27.2,5115300,HDC
2024-10-28,27.45,27.6,27.1,27.25,2423200,HDC
2024-10-29,27.45,27.65,26.0,26.3,6958800,HDC
2024-10-30,26.3,26.65,26.05,26.4,2280100,HDC
2024-10-31,26.45,26.45,26.05,26.05,1730500,HDC
2024-11-01,25.8,26.4,25.7,25.85,2738900,HDC
2024-11-04,25.9,25.95,25.2,25.2,3129900,HDC
2024-11-05,25.15,25.7,25.15,25.4,1622200,HDC
2024-11-06,25.5,25.85,25.35,25.8,1904300,HDC
2024-11-07,26.0,26.4,25.75,26.0,2670800,HDC
2024-11-08,26.0,26.1,25.6,25.6,1574100,HDC
2024-11-11,25.6,25.6,25.1,25.35,2665300,HDC
2024-11-12,25.4,25.8,25.3,25.4,1407300,HDC
2024-11-13,25.4,26.15,25.1,26.1,3355700,HDC
2024-11-14,26.1,26.15,25.35,25.35,1800200,HDC
2024-11-15,25.3,25.5,24.5,24.5,3806600,HDC
2024-11-18,24.55,25.05,24.0,24.6,1674100,HDC
2024-11-19,24.5,25.0,24.1,24.1,1173000,HDC
2024-11-20,24.15,25.6,24.05,24.7,2928400,HDC
2024-11-21,24.7,25.0,24.5,24.85,694100,HDC
2024-11-22,24.85,25.05,24.6,24.65,1122300,HDC
2024-11-25,24.65,25.3,24.6,25.0,1897100,HDC
2024-11-26,25.0,26.5,25.0,25.6,3847400,HDC
2024-11-27,25.7,25.8,25.15,25.6,1077600,HDC
2024-11-28,26.0,26.0,25.25,25.4,1352200,HDC
2024-11-29,25.3,25.8,25.3,25.5,894500,HDC
2024-12-02,25.6,25.75,25.3,25.3,996900,HDC
2024-12-03,25.3,25.8,25.25,25.3,1610700,HDC
2024-12-04,25.6,26.1,25.25,25.7,3870000,HDC
2024-12-05,25.7,27.15,25.5,27.0,8464500,HDC
2024-12-06,27.0,27.0,26.55,26.55,3018700,HDC
2024-12-09,26.55,27.0,26.55,26.65,3709700,HDC
2024-12-10,26.75,27.35,26.6,26.7,9564900,HDC
2024-12-11,26.7,26.85,26.2,26.35,2834800,HDC
2024-12-12,26.45,26.7,26.0,26.1,3013900,HDC
2024-12-13,26.1,26.5,26.0,26.15,1825800,HDC
2024-12-16,26.3,26.4,26.15,26.3,1220100,HDC
2024-12-17,26.4,26.75,26.25,26.3,2042600,HDC
2024-12-18,26.25,26.45,26.25,26.45,1206000,HDC
2024-12-19,26.05,27.0,25.7,26.05,4862900,HDC
2024-12-20,26.05,26.35,26.0,26.15,1161800,HDC
2024-12-23,26.2,26.5,26.1,26.1,1249400,HDC
2024-12-24,26.15,26.2,25.1,25.3,5677000,HDC
2024-12-25,25.5,25.7,25.25,25.35,1994200,HDC
2024-12-26,25.35,25.55,25.25,25.35,1463700,HDC
2024-12-27,25.35,25.4,25.0,25.15,2254900,HDC
2024-12-30,25.0,25.4,25.0,25.35,1090000,HDC
2024-12-31,25.55,25.55,25.05,25.05,865600,HDC
2025-01-02,25.1,25.3,25.0,25.1,1216700,HDC
2025-01-03,25.15,25.6,25.0,25.15,2327800,HDC
2025-01-06,25.15,25.25,24.25,24.7,1919100,HDC
2025-01-07,24.7,24.9,24.35,24.35,2387700,HDC
2025-01-08,24.2,24.75,24.2,24.65,1361700,HDC
2025-01-09,24.65,24.75,24.45,24.45,670200,HDC
2025-01-10,24.45,24.55,23.5,23.5,1745400,HDC
2025-01-13,23.5,23.85,23.3,23.65,1770200,HDC
2025-01-14,23.8,23.8,23.2,23.35,914400,HDC
2025-01-15,23.5,23.8,23.35,23.8,1139500,HDC
2025-01-16,23.9,24.05,23.8,23.8,1062900,HDC
2025-01-17,24.1,24.45,23.85,24.3,1762700,HDC
2025-01-20,24.4,24.4,24.05,24.2,1062600,HDC
2025-01-21,24.3,24.3,24.05,24.2,956800,HDC
2025-01-22,24.15,24.25,24.05,24.05,1505700,HDC
2025-01-23,24.2,24.4,24.1,24.2,738300,HDC
2025-01-24,24.2,24.5,24.15,24.15,1013200,HDC
2025-02-03,24.0,24.15,23.9,24.1,1433000,HDC
2025-02-04,24.15,24.7,24.1,24.45,1199800,HDC
2025-02-05,24.55,25.25,24.5,24.6,2068700,HDC
2025-02-06,24.6,24.7,24.3,24.4,752500,HDC
2025-02-07,24.35,24.55,24.3,24.3,1127700,HDC
2025-02-10,24.35,24.35,24.0,24.05,3144600,HDC
2025-02-11,24.05,24.15,23.95,24.05,1261700,HDC
2025-02-12,24.2,24.4,24.05,24.05,1055900,HDC
2025-02-13,24.05,24.15,24.0,24.05,722300,HDC
2025-02-14,24.2,24.45,24.05,24.1,1214800,HDC
2025-02-17,24.2,24.45,24.1,24.15,996200,HDC
2025-02-18,24.15,24.75,24.15,24.3,1616800,HDC
2025-02-19,24.3,24.85,24.3,24.65,1477200,HDC
2025-02-20,24.85,24.9,24.3,24.3,1703800,HDC
2025-02-21,24.35,24.45,24.2,24.3,1113300,HDC
2025-02-24,24.25,24.4,24.15,24.3,1382800,HDC
2025-02-25,24.45,24.75,24.3,24.55,2128300,HDC
2025-02-26,24.6,24.6,24.3,24.3,824800,HDC
2025-02-27,24.3,24.95,24.3,24.95,2526700,HDC
2025-02-28,25.0,25.2,24.7,24.7,2282000,HDC
2025-03-03,24.95,25.2,24.75,24.85,2124500,HDC
2025-03-04,24.85,25.85,24.8,25.45,5433000,HDC
2025-03-05,25.5,25.5,24.8,24.8,1609700,HDC
2025-03-06,24.9,25.55,24.75,25.55,2039800,HDC
2025-03-07,25.6,25.95,25.3,25.3,4647200,HDC
2025-03-10,25.3,26.15,25.15,26.0,6166500,HDC
2025-03-11,25.5,26.1,25.5,26.1,2138300,HDC
2025-03-12,26.2,26.2,25.55,25.6,2569300,HDC
2025-03-13,25.7,25.85,24.8,24.8,2980900,HDC
2025-03-14,24.6,25.65,24.6,25.1,3258500,HDC
2024-09-04,27.9,28.3,27.8,28.25,3626700,HDG
2024-09-05,28.4,28.65,27.85,27.9,2900800,HDG
2024-09-06,27.9,28.75,27.85,28.75,5694500,HDG
2024-09-09,28.7,29.2,28.6,28.6,4993800,HDG
2024-09-10,28.8,28.8,28.0,28.1,4435100,HDG
2024-09-11,28.1,28.2,27.35,27.75,5355300,HDG
2024-09-12,27.95,28.25,27.7,27.7,1682900,HDG
2024-09-13,27.9,28.05,27.55,27.6,2235600,HDG
2024-09-16,27.6,28.0,27.5,27.55,2226200,HDG
2024-09-17,27.45,28.2,27.25,28.2,3584300,HDG
2024-09-18,28.3,28.4,27.95,28.0,3045500,HDG
2024-09-19,28.0,28.8,28.0,28.75,3862100,HDG
2024-09-20,29.0,29.1,28.55,28.7,4096600,HDG
2024-09-23,28.7,28.9,28.3,28.3,2656100,HDG
2024-09-24,28.5,28.8,28.3,28.8,2729100,HDG
2024-09-25,29.0,29.5,28.75,29.25,8440800,HDG
2024-09-26,29.3,29.35,28.8,28.85,3891600,HDG
2024-09-27,28.85,29.5,28.2,28.2,5824900,HDG
2024-09-30,28.2,28.35,27.7,27.95,6519500,HDG
2024-10-01,28.1,28.5,28.0,28.2,3757500,HDG
2024-10-02,28.0,28.4,27.95,27.95,2887200,HDG
2024-10-03,28.0,28.1,27.3,27.3,5282300,HDG
2024-10-04,27.3,27.85,27.3,27.35,3299700,HDG
2024-10-07,27.8,27.8,27.3,27.4,1674900,HDG
2024-10-08,27.4,27.85,27.4,27.65,1935500,HDG
2024-10-09,27.85,27.85,27.65,27.85,1840800,HDG
2024-10-10,27.95,28.0,27.5,27.55,1615800,HDG
2024-10-11,27.75,27.95,27.5,27.9,1594600,HDG
2024-10-14,28.2,28.2,27.7,27.7,1326500,HDG
2024-10-15,27.9,28.05,27.5,27.55,2626200,HDG
2024-10-16,27.55,27.75,27.45,27.55,1083800,HDG
2024-10-17,27.65,28.15,27.2,27.95,2621200,HDG
2024-10-18,28.0,28.05,27.5,27.5,1940800,HDG
2024-10-21,27.5,27.6,26.75,26.75,2922800,HDG
2024-10-22,26.65,27.2,26.35,26.55,3181500,HDG
2024-10-23,26.65,27.05,26.35,26.95,1789500,HDG
2024-10-24,26.85,27.1,26.5,26.65,1822000,HDG
2024-10-25,26.65,26.9,26.55,26.6,1559500,HDG
2024-10-28,26.9,26.9,26.6,26.7,818000,HDG
2024-10-29,26.85,26.9,26.5,26.55,1298300,HDG
2024-10-30,26.6,26.85,26.4,26.65,1537900,HDG
2024-10-31,26.65,26.85,26.6,26.65,904500,HDG
2024-11-01,26.75,27.55,26.75,27.3,5092100,HDG
2024-11-04,27.3,27.7,27.1,27.45,2387500,HDG
2024-11-05,27.45,27.85,27.45,27.65,2419300,HDG
2024-11-06,27.7,27.8,27.55,27.8,2202900,HDG
2024-11-07,27.8,28.4,27.8,28.2,4617700,HDG
2024-11-08,28.3,28.4,28.05,28.1,3288300,HDG
2024-11-11,28.1,28.7,28.0,28.45,4239800,HDG
2024-11-12,28.45,28.6,27.9,28.0,3309800,HDG
2024-11-13,27.95,28.8,27.9,28.8,5587400,HDG
2024-11-14,28.85,28.85,27.75,27.85,3433800,HDG
2024-11-15,27.6,27.95,27.2,27.3,4496600,HDG
2024-11-18,27.5,27.75,27.0,27.45,2398200,HDG
2024-11-19,27.5,27.65,27.2,27.2,2069900,HDG
2024-11-20,27.2,28.7,27.2,28.05,5072500,HDG
2024-11-21,28.25,28.5,28.05,28.25,1983200,HDG
2024-11-22,28.3,28.35,27.85,28.25,2365300,HDG
2024-11-25,28.5,29.3,28.4,28.55,9892000,HDG
2024-11-26,28.75,29.0,28.45,28.55,2959700,HDG
2024-11-27,28.55,29.2,28.35,29.2,4303800,HDG
2024-11-28,29.35,29.4,28.8,28.9,3348300,HDG
2024-11-29,28.95,29.35,28.7,28.7,4050800,HDG
2024-12-02,28.95,29.0,28.6,28.6,1908000,HDG
2024-12-03,28.55,29.15,28.5,28.65,3699100,HDG
2024-12-04,28.7,29.2,28.6,28.85,3718700,HDG
2024-12-05,28.85,30.45,28.85,30.45,12097600,HDG
2024-12-06,30.6,30.6,30.1,30.2,4255600,HDG
2024-12-09,30.3,31.4,30.25,31.05,6812900,HDG
2024-12-10,31.05,31.2,30.5,30.65,4525400,HDG
2024-12-11,30.7,30.95,30.5,30.85,3032800,HDG
2024-12-12,30.85,30.9,30.25,30.4,3912500,HDG
2024-12-13,30.15,30.7,30.15,30.3,3203600,HDG
2024-12-16,30.3,30.6,29.9,30.2,2448600,HDG
2024-12-17,30.45,30.7,30.15,30.3,2023200,HDG
2024-12-18,30.3,30.9,30.3,30.5,2918800,HDG
2024-12-19,30.1,30.45,29.65,30.15,4944600,HDG
2024-12-20,30.25,30.8,30.15,30.2,3620200,HDG
2024-12-23,30.4,31.15,30.35,30.8,4726200,HDG
2024-12-24,30.8,30.8,29.9,30.0,8348800,HDG
2024-12-25,30.1,30.3,29.8,29.9,4006400,HDG
2024-12-26,29.95,30.3,29.8,29.8,3039700,HDG
2024-12-27,30.1,30.1,29.05,29.05,5975500,HDG
2024-12-30,29.1,29.35,28.95,29.0,2281300,HDG
2024-12-31,29.05,29.2,28.5,28.5,2295600,HDG
2025-01-02,28.65,29.2,28.65,29.05,1991400,HDG
2025-01-03,29.05,29.05,28.65,28.65,2140600,HDG
2025-01-06,28.65,28.75,27.4,27.65,4984700,HDG
2025-01-07,27.65,27.95,27.5,27.55,2575300,HDG
2025-01-08,27.55,28.1,27.55,27.9,1743800,HDG
2025-01-09,27.8,28.05,27.6,27.6,1419100,HDG
2025-01-10,27.6,27.85,26.95,26.95,2332100,HDG
2025-01-13,26.9,27.45,26.7,27.3,1710100,HDG
2025-01-14,27.35,27.5,27.0,27.0,956000,HDG
2025-01-15,27.4,27.45,27.1,27.45,1034600,HDG
2025-01-16,27.65,27.65,27.05,27.1,1736800,HDG
2025-01-17,27.15,27.8,27.1,27.6,2023400,HDG
2025-01-20,27.45,27.75,27.4,27.5,1013500,HDG
2025-01-21,27.6,27.7,27.1,27.15,1893500,HDG
2025-01-22,27.25,27.35,26.4,26.4,4443500,HDG
2025-01-23,26.45,26.85,26.4,26.8,1454000,HDG
2025-01-24,26.8,26.9,26.55,26.55,1221100,HDG
2025-02-03,26.6,26.9,26.45,26.7,1436400,HDG
2025-02-04,26.85,27.35,26.8,27.25,2378000,HDG
2025-02-05,27.35,27.75,27.3,27.3,2246500,HDG
2025-02-06,27.4,27.5,27.15,27.4,1472100,HDG
2025-02-07,27.45,27.7,27.3,27.3,1687100,HDG
2025-02-10,27.3,27.3,26.7,26.7,2906800,HDG
2025-02-11,26.75,26.95,26.55,26.9,1343500,HDG
2025-02-12,27.0,27.15,26.75,26.75,1763300,HDG
2025-02-13,26.85,27.15,26.75,27.0,2203400,HDG
2025-02-14,27.2,27.75,27.2,27.55,3037600,HDG
2025-02-17,27.75,28.1,27.55,27.7,2974600,HDG
2025-02-18,27.75,28.0,27.45,27.45,1918000,HDG
2025-02-19,27.45,28.15,27.45,27.85,2556500,HDG
2025-02-20,27.95,28.2,27.8,27.85,2296500,HDG
2025-02-21,27.85,27.85,27.55,27.7,1417900,HDG
2025-02-24,27.5,28.1,27.45,28.0,2092700,HDG
2025-02-25,28.2,28.4,27.8,27.95,2357500,HDG
2025-02-26,28.05,28.35,27.9,27.9,2067500,HDG
2025-02-27,27.95,28.35,27.85,28.3,2702300,HDG
2025-02-28,28.45,28.7,28.05,28.15,2047500,HDG
2025-03-03,28.3,28.6,28.1,28.1,3240900,HDG
2025-03-04,28.05,28.45,27.8,27.85,3884800,HDG
2025-03-05,27.9,27.95,27.45,27.45,3181500,HDG
2025-03-06,27.7,27.7,27.25,27.7,2617900,HDG
2025-03-07,27.8,28.15,27.65,27.7,2308000,HDG
2025-03-10,28.05,28.05,27.6,27.7,2288000,HDG
2025-03-11,27.45,27.55,27.35,27.5,2881100,HDG
2025-03-12,27.6,28.2,27.5,27.95,3223000,HDG
2025-03-13,28.05,28.8,27.8,27.95,6963200,HDG
2025-03-14,28.0,28.4,27.7,27.7,2347800,HDG
2024-09-04,11.65,12.5,11.6,12.45,12305400,HHV
2024-09-05,12.5,12.5,12.1,12.15,5074500,HHV
2024-09-06,12.05,12.5,12.05,12.3,6407800,HHV
2024-09-09,12.2,12.4,12.05,12.1,4622500,HHV
2024-09-10,12.2,12.2,11.8,11.8,5405500,HHV
2024-09-11,11.65,11.9,11.6,11.75,4938800,HHV
2024-09-12,11.9,11.9,11.75,11.75,2488400,HHV
2024-09-13,11.75,11.9,11.7,11.85,3052400,HHV
2024-09-16,11.8,11.95,11.6,11.6,3275700,HHV
2024-09-17,11.6,12.0,11.55,12.0,4494000,HHV
2024-09-18,12.0,12.05,11.85,11.9,3028200,HHV
2024-09-19,11.9,12.3,11.85,12.15,5866100,HHV
2024-09-20,12.25,12.25,12.05,12.05,3659500,HHV
2024-09-23,12.0,12.4,12.0,12.1,6372700,HHV
2024-09-24,12.15,12.25,12.05,12.15,2811200,HHV
2024-09-25,12.15,12.4,12.15,12.25,7088500,HHV
2024-09-26,12.3,12.5,12.1,12.1,7788900,HHV
2024-09-27,12.15,12.3,12.05,12.1,5037300,HHV
2024-09-30,12.1,12.3,12.05,12.15,5831300,HHV
2024-10-01,12.2,12.75,12.2,12.5,12027300,HHV
2024-10-02,12.45,12.45,12.2,12.2,5091000,HHV
2024-10-03,12.3,12.4,11.9,11.95,9773400,HHV
2024-10-04,11.95,12.05,11.9,11.9,3597700,HHV
2024-10-07,11.95,12.0,11.8,11.8,3789000,HHV
2024-10-08,11.85,12.0,11.8,11.9,2829300,HHV
2024-10-09,12.0,12.2,11.95,12.05,4189000,HHV
2024-10-10,12.1,12.2,11.95,11.95,2871700,HHV
2024-10-11,11.95,12.15,11.9,12.0,3773900,HHV
2024-10-14,12.15,12.4,12.05,12.25,7510600,HHV
2024-10-15,12.2,12.35,12.0,12.05,4614000,HHV
2024-10-16,12.15,12.15,11.9,11.95,3029400,HHV
2024-10-17,11.95,12.0,11.75,12.0,4272900,HHV
2024-10-18,12.0,12.1,11.9,11.9,3276100,HHV
2024-10-21,11.9,12.05,11.8,11.8,2660300,HHV
2024-10-22,11.8,11.9,11.65,11.7,3434600,HHV
2024-10-23,11.6,11.95,11.6,11.8,2871900,HHV
2024-10-24,11.85,11.9,11.65,11.65,2262000,HHV
2024-10-25,11.7,11.7,11.6,11.6,2317800,HHV
2024-10-28,11.65,11.7,11.6,11.65,1469400,HHV
2024-10-29,11.7,11.8,11.65,11.65,1654300,HHV
2024-10-30,11.65,11.95,11.65,11.8,3017000,HHV
2024-10-31,11.85,11.85,11.7,11.7,1737300,HHV
2024-11-01,11.7,11.75,11.6,11.65,2432800,HHV
2024-11-04,11.65,11.65,11.1,11.15,6919000,HHV
2024-11-05,11.2,11.3,11.15,11.2,1583800,HHV
2024-11-06,11.25,11.45,11.2,11.45,1942500,HHV
2024-11-07,11.5,11.55,11.35,11.4,1989600,HHV
2024-11-08,11.4,11.45,11.3,11.3,1816800,HHV
2024-11-11,11.25,11.4,11.15,11.35,3325100,HHV
2024-11-12,11.4,11.55,11.35,11.4,2571500,HHV
2024-11-13,11.45,11.45,11.15,11.3,2203200,HHV
2024-11-14,11.35,11.35,10.95,11.0,2918100,HHV
2024-11-15,11.0,11.0,10.7,10.7,3199600,HHV
2024-11-18,10.7,10.8,10.6,10.75,2361900,HHV
2024-11-19,10.75,10.9,10.55,10.6,1993400,HHV
2024-11-20,10.65,11.0,10.55,10.8,3490300,HHV
2024-11-21,10.8,10.95,10.8,10.9,1210900,HHV
2024-11-22,10.85,11.2,10.85,11.0,4318400,HHV
2024-11-25,11.05,11.1,10.9,11.0,1485500,HHV
2024-11-26,11.0,11.15,11.0,11.05,1924000,HHV
2024-11-27,11.0,11.1,10.9,10.95,1725900,HHV
2024-11-28,11.0,11.1,10.9,10.95,1364500,HHV
2024-11-29,11.05,11.05,10.9,10.95,1282700,HHV
2024-12-02,11.0,11.55,11.0,11.35,7101000,HHV
2024-12-03,11.4,11.4,11.3,11.35,1896400,HHV
2024-12-04,11.4,11.45,11.1,11.1,2611400,HHV
2024-12-05,11.1,11.35,10.95,11.35,3846000,HHV
2024-12-06,11.45,11.5,11.25,11.3,3140100,HHV
2024-12-09,11.35,11.45,11.3,11.35,2494300,HHV
2024-12-10,11.35,11.45,11.35,11.35,2062300,HHV
2024-12-11,11.35,11.5,11.25,11.3,2111000,HHV
2024-12-12,11.4,11.4,11.3,11.3,1417400,HHV
2024-12-13,11.3,11.3,11.1,11.1,2482400,HHV
2024-12-16,11.1,11.2,11.0,11.1,1631700,HHV
2024-12-17,11.1,11.15,10.95,11.0,2077100,HHV
2024-12-18,11.0,11.1,10.95,11.05,1885100,HHV
2024-12-19,10.95,11.0,10.85,10.9,2742500,HHV
2024-12-20,10.95,11.0,10.85,10.9,1225800,HHV
2024-12-23,11.1,11.15,11.0,11.0,2189100,HHV
2024-12-24,11.05,11.05,10.85,10.95,1546300,HHV
2024-12-25,10.95,11.7,10.95,11.7,14071000,HHV
2024-12-26,11.7,11.95,11.6,11.65,4004500,HHV
2024-12-27,11.7,11.9,11.5,11.8,5375800,HHV
2024-12-30,11.85,12.1,11.8,11.8,5640400,HHV
2024-12-31,11.8,11.85,11.6,11.65,2288200,HHV
2025-01-02,11.65,11.75,11.65,11.7,1963600,HHV
2025-01-03,11.75,11.85,11.45,11.45,4424100,HHV
2025-01-06,11.5,11.9,11.5,11.6,5618400,HHV
2025-01-07,11.55,11.8,11.3,11.4,4271800,HHV
2025-01-08,11.35,11.6,11.35,11.55,2293000,HHV
2025-01-09,11.5,11.65,11.35,11.4,2454700,HHV
2025-01-10,11.45,11.8,11.4,11.55,7366100,HHV
2025-01-13,11.55,12.0,11.45,11.8,7302100,HHV
2025-01-14,11.9,12.0,11.7,11.8,4803000,HHV
2025-01-15,11.75,12.6,11.7,12.5,22423000,HHV
2025-01-16,12.55,12.65,12.35,12.6,8552900,HHV
2025-01-17,12.55,12.75,12.45,12.6,9503900,HHV
2025-01-20,12.65,12.7,12.35,12.4,6228300,HHV
2025-01-21,12.45,12.55,12.2,12.4,10371200,HHV
2025-01-22,12.35,12.45,12.2,12.3,8132900,HHV
2025-01-23,12.3,12.5,12.25,12.4,8456900,HHV
2025-01-24,12.4,12.45,12.25,12.25,5676600,HHV
2025-02-03,12.25,12.6,12.25,12.5,7813300,HHV
2025-02-04,12.55,12.95,12.55,12.75,14495700,HHV
2025-02-05,12.85,12.85,12.65,12.7,6598300,HHV
2025-02-06,12.7,12.8,12.55,12.7,6404500,HHV
2025-02-07,12.7,13.0,12.55,12.55,12310200,HHV
2025-02-10,12.6,12.75,12.45,12.55,6736600,HHV
2025-02-11,12.6,12.9,12.55,12.7,6665600,HHV
2025-02-12,12.7,13.2,12.7,13.0,16844200,HHV
2025-02-13,13.0,13.0,12.85,13.0,5735900,HHV
2025-02-14,13.05,13.1,12.8,12.9,10737500,HHV
2025-02-17,12.9,13.15,12.8,12.8,9051700,HHV
2025-02-18,12.95,13.0,12.8,12.8,7475000,HHV
2025-02-19,12.85,13.1,12.85,13.0,11307600,HHV
2025-02-20,13.1,13.1,12.8,12.85,7344600,HHV
2025-02-21,12.85,13.25,12.75,12.95,11986200,HHV
2025-02-24,13.0,13.0,12.8,12.9,5581900,HHV
2025-02-25,12.95,13.1,12.9,13.05,9996000,HHV
2025-02-26,13.05,13.15,12.9,12.9,7381900,HHV
2025-02-27,12.95,12.95,12.6,12.85,11188600,HHV
2025-02-28,12.85,12.85,12.6,12.65,7557000,HHV
2025-03-03,12.7,12.8,12.6,12.7,6917500,HHV
2025-03-04,12.7,12.9,12.65,12.9,9864100,HHV
2025-03-05,12.9,12.95,12.6,12.6,6780000,HHV
2025-03-06,12.65,12.8,12.55,12.8,5742400,HHV
2025-03-07,12.8,12.9,12.7,12.7,6632500,HHV
2025-03-10,12.7,13.1,12.7,13.0,14937100,HHV
2025-03-11,12.9,13.45,12.8,13.15,22826400,HHV
2025-03-12,13.2,13.25,12.95,12.95,7468300,HHV
2025-03-13,12.95,13.0,12.45,12.5,19285000,HHV
2025-03-14,12.5,12.6,12.35,12.5,8415000,HHV
2024-09-04,25.3,25.45,25.1,25.25,19062500,HPG
2024-09-05,25.35,25.35,25.0,25.05,22563500,HPG
2024-09-06,25.05,25.4,24.75,25.4,22851500,HPG
2024-09-09,25.4,26.2,25.3,25.6,32645800,HPG
2024-09-10,25.75,25.85,25.15,25.15,15019200,HPG
2024-09-11,25.15,25.55,25.05,25.35,14212700,HPG
2024-09-12,25.4,25.55,25.1,25.1,9035800,HPG
2024-09-13,25.15,25.3,25.0,25.0,12428200,HPG
2024-09-16,25.0,25.25,24.85,24.85,14573600,HPG
2024-09-17,24.9,25.25,24.8,25.25,13173400,HPG
2024-09-18,25.25,25.35,25.1,25.1,13234500,HPG
2024-09-19,25.3,25.5,25.2,25.25,13677300,HPG
2024-09-20,25.5,26.05,25.45,25.65,44588800,HPG
2024-09-23,25.8,26.1,25.7,25.7,15513400,HPG
2024-09-24,25.7,25.85,25.65,25.85,10647000,HPG
2024-09-25,26.1,26.4,26.05,26.2,41009200,HPG
2024-09-26,26.3,26.45,26.05,26.05,21745200,HPG
2024-09-27,26.15,26.3,25.9,26.05,30540100,HPG
2024-09-30,26.2,26.6,26.15,26.35,37425200,HPG
2024-10-01,26.8,27.0,26.65,26.75,37852700,HPG
2024-10-02,26.7,26.7,26.3,26.3,21285700,HPG
2024-10-03,26.45,26.65,26.1,26.2,26798500,HPG
2024-10-04,26.2,26.5,26.1,26.2,17555300,HPG
2024-10-07,26.4,26.5,26.2,26.4,12466400,HPG
2024-10-08,26.4,27.1,26.35,26.95,38169900,HPG
2024-10-09,27.15,27.5,27.05,27.5,41613700,HPG
2024-10-10,27.6,27.7,27.25,27.25,23823900,HPG
2024-10-11,27.35,27.45,27.0,27.3,15761800,HPG
2024-10-14,27.35,27.45,27.05,27.05,17974700,HPG
2024-10-15,27.4,27.45,27.15,27.15,20160900,HPG
2024-10-16,27.15,27.3,27.1,27.1,11628300,HPG
2024-10-17,27.15,27.25,26.75,27.25,20560900,HPG
2024-10-18,27.25,27.3,26.95,26.95,16242400,HPG
2024-10-21,26.95,27.05,26.7,26.75,13894500,HPG
2024-10-22,26.65,26.85,26.5,26.65,18315000,HPG
2024-10-23,26.65,26.7,26.35,26.45,13607700,HPG
2024-10-24,26.5,26.7,26.35,26.45,15898900,HPG
2024-10-25,26.6,26.65,26.45,26.45,9445600,HPG
2024-10-28,26.5,26.95,26.5,26.75,11933000,HPG
2024-10-29,26.8,27.15,26.7,27.05,15733100,HPG
2024-10-30,27.05,27.1,26.8,27.0,11066500,HPG
2024-10-31,27.05,27.05,26.8,26.9,13325100,HPG
2024-11-01,26.8,26.85,26.45,26.55,13201400,HPG
2024-11-04,26.55,26.55,26.15,26.3,18309700,HPG
2024-11-05,26.3,26.55,26.2,26.5,8094800,HPG
2024-11-06,26.65,27.15,26.55,26.95,20992000,HPG
2024-11-07,27.1,27.3,26.95,26.95,15984800,HPG
2024-11-08,27.2,27.5,27.0,27.0,24762900,HPG
2024-11-11,27.05,27.7,26.95,27.7,40877500,HPG
2024-11-12,27.75,27.9,27.3,27.5,23963200,HPG
2024-11-13,27.2,27.4,26.85,27.05,22287600,HPG
2024-11-14,27.05,27.1,26.3,26.3,26564300,HPG
2024-11-15,26.3,26.35,25.9,25.9,27604300,HPG
2024-11-18,26.0,26.05,25.5,25.8,20599400,HPG
2024-11-19,25.85,26.0,25.45,25.45,15842800,HPG
2024-11-20,25.4,26.0,25.25,25.6,22750500,HPG
2024-11-21,25.65,25.95,25.55,25.85,12777100,HPG
2024-11-22,25.9,26.25,25.85,26.1,17266400,HPG
2024-11-25,26.1,26.3,26.05,26.3,12830400,HPG
2024-11-26,26.3,26.5,26.2,26.35,13180700,HPG
2024-11-27,26.35,26.45,26.1,26.3,7966600,HPG
2024-11-28,26.45,26.75,26.3,26.4,14131000,HPG
2024-11-29,26.45,26.75,26.3,26.75,13877300,HPG
2024-12-02,26.95,27.15,26.75,26.9,18575600,HPG
2024-12-03,26.85,27.0,26.6,27.0,15812100,HPG
2024-12-04,26.85,26.85,26.65,26.7,12508500,HPG
2024-12-05,26.7,27.85,26.4,27.85,44746700,HPG
2024-12-06,27.85,27.9,27.5,27.6,23751300,HPG
2024-12-09,27.65,27.9,27.5,27.65,15948700,HPG
2024-12-10,27.7,28.2,27.6,27.9,32689300,HPG
2024-12-11,27.9,28.15,27.6,27.75,17031500,HPG
2024-12-12,27.75,27.9,27.35,27.5,20965100,HPG
2024-12-13,27.3,27.4,27.1,27.2,17265900,HPG
2024-12-16,27.2,27.35,26.85,27.0,16652700,HPG
2024-12-17,27.0,27.1,26.85,27.0,10809400,HPG
2024-12-18,27.0,27.35,26.95,27.35,12794200,HPG
2024-12-19,27.0,27.15,26.8,26.85,30331800,HPG
2024-12-20,26.85,26.95,26.7,26.7,13746900,HPG
2024-12-23,26.75,27.05,26.75,27.0,12898800,HPG
2024-12-24,26.9,26.9,26.6,26.7,13462400,HPG
2024-12-25,26.75,27.15,26.75,27.15,17144300,HPG
2024-12-26,27.15,27.2,26.85,27.0,9975100,HPG
2024-12-27,27.0,27.0,26.8,26.85,11389200,HPG
2024-12-30,26.8,26.85,26.65,26.75,12168200,HPG
2024-12-31,26.75,26.75,26.6,26.65,10247400,HPG
2025-01-02,26.7,27.05,26.7,27.0,14961200,HPG
2025-01-03,26.9,27.0,26.6,26.6,13200100,HPG
2025-01-06,26.6,26.7,26.05,26.05,15250500,HPG
2025-01-07,26.15,26.4,26.05,26.05,14399600,HPG
2025-01-08,26.05,26.25,25.95,26.25,12957600,HPG
2025-01-09,26.3,26.3,25.9,26.0,9236900,HPG
2025-01-10,26.0,26.1,25.55,25.55,14273600,HPG
2025-01-13,25.55,26.05,25.45,25.9,13576000,HPG
2025-01-14,25.95,26.0,25.8,25.85,7660700,HPG
2025-01-15,26.0,26.25,25.9,26.2,11221600,HPG
2025-01-16,26.3,26.45,26.05,26.3,11206800,HPG
2025-01-17,26.3,26.5,26.1,26.5,13950100,HPG
2025-01-20,26.5,26.75,26.45,26.45,9654200,HPG
2025-01-21,26.6,26.6,26.2,26.3,10421500,HPG
2025-01-22,26.4,26.4,26.15,26.15,10280000,HPG
2025-01-23,26.2,26.75,26.15,26.65,15792000,HPG
2025-01-24,26.65,26.65,26.45,26.55,10401300,HPG
2025-02-03,26.5,26.6,26.25,26.4,16971700,HPG
2025-02-04,26.5,27.0,26.45,26.85,17358200,HPG
2025-02-05,26.85,27.0,26.75,26.8,14466500,HPG
2025-02-06,26.8,26.95,26.75,26.8,13535000,HPG
2025-02-07,26.8,26.8,26.6,26.65,12547400,HPG
2025-02-10,26.5,26.5,25.4,25.4,61096500,HPG
2025-02-11,25.45,26.1,25.45,26.1,28896000,HPG
2025-02-12,26.2,26.2,25.85,25.85,13651300,HPG
2025-02-13,25.95,26.0,25.85,25.9,9499100,HPG
2025-02-14,26.1,26.3,26.0,26.1,18580600,HPG
2025-02-17,26.15,26.25,26.05,26.15,14369400,HPG
2025-02-18,26.35,26.6,26.3,26.55,24939500,HPG
2025-02-19,26.6,26.6,26.4,26.5,13653000,HPG
2025-02-20,26.55,26.6,26.5,26.55,11910400,HPG
2025-02-21,26.55,26.6,26.4,26.45,11063800,HPG
2025-02-24,28.3,28.3,27.55,27.7,73891100,HPG
2025-02-25,27.6,27.7,27.2,27.5,31575300,HPG
2025-02-26,27.6,27.95,27.55,27.75,31819600,HPG
2025-02-27,27.8,28.45,27.6,28.45,51120800,HPG
2025-02-28,28.4,28.4,27.95,28.0,24214400,HPG
2025-03-03,28.05,28.25,28.0,28.05,20663700,HPG
2025-03-04,28.05,28.05,27.65,27.85,27424100,HPG
2025-03-05,27.85,27.9,27.55,27.55,30385500,HPG
2025-03-06,27.6,27.95,27.6,27.95,36975600,HPG
2025-03-07,28.0,28.1,27.75,28.05,33131200,HPG
2025-03-10,28.1,28.2,27.95,27.95,23580500,HPG
2025-03-11,27.6,28.15,27.6,28.15,26088500,HPG
2025-03-12,28.2,28.2,27.8,27.8,20641600,HPG
2025-03-13,27.85,28.05,27.7,27.7,24809400,HPG
2025-03-14,27.7,27.85,27.55,27.55,18279900,HPG
2024-09-04,20.3,20.6,20.2,20.3,11966600,HSG
2024-09-05,20.4,20.45,19.8,19.9,14013300,HSG
2024-09-06,19.85,20.0,19.6,19.95,7386000,HSG
2024-09-09,20.3,20.85,20.1,20.4,15083100,HSG
2024-09-10,20.75,20.75,19.95,20.05,8315100,HSG
2024-09-11,20.1,20.45,19.95,20.3,8507800,HSG
2024-09-12,20.5,20.65,20.15,20.15,4842400,HSG
2024-09-13,20.2,20.3,19.9,19.95,7262300,HSG
2024-09-16,19.95,20.1,19.6,19.6,9085100,HSG
2024-09-17,19.5,20.0,19.5,20.0,5872500,HSG
2024-09-18,20.05,20.1,19.9,20.1,9280300,HSG
2024-09-19,20.2,20.4,20.2,20.2,7330600,HSG
2024-09-20,20.4,20.7,20.3,20.3,15037800,HSG
2024-09-23,20.4,20.6,20.1,20.1,5462200,HSG
2024-09-24,20.0,20.3,20.0,20.15,5444100,HSG
2024-09-25,20.5,20.95,20.4,20.7,19759300,HSG
2024-09-26,20.75,21.0,20.6,20.8,14199800,HSG
2024-09-27,20.85,21.3,20.8,20.95,17349100,HSG
2024-09-30,21.2,21.5,21.1,21.3,12822400,HSG
2024-10-01,21.6,22.0,21.3,21.3,20595200,HSG
2024-10-02,21.25,21.6,21.15,21.3,14423300,HSG
2024-10-03,21.4,21.5,20.75,20.8,21258200,HSG
2024-10-04,20.9,21.25,20.75,21.05,10812000,HSG
2024-10-07,21.3,21.35,20.95,21.05,6567300,HSG
2024-10-08,21.0,21.6,20.85,21.35,16139000,HSG
2024-10-09,21.45,21.6,21.25,21.3,11710000,HSG
2024-10-10,21.4,21.55,20.9,20.9,11533000,HSG
2024-10-11,21.0,21.1,20.85,21.0,5818200,HSG
2024-10-14,21.05,21.2,20.9,20.9,5119000,HSG
2024-10-15,21.05,21.1,20.75,20.8,8578700,HSG
2024-10-16,20.8,20.95,20.5,20.5,5279700,HSG
2024-10-17,20.5,20.8,20.25,20.8,7681000,HSG
2024-10-18,20.9,20.95,20.6,20.6,5186800,HSG
2024-10-21,20.5,20.75,20.4,20.4,5781700,HSG
2024-10-22,20.3,20.6,20.1,20.25,6637400,HSG
2024-10-23,20.25,20.5,20.2,20.3,4666400,HSG
2024-10-24,20.45,20.7,20.25,20.5,9571400,HSG
2024-10-25,20.5,20.7,20.3,20.3,5669300,HSG
2024-10-28,20.65,20.9,20.5,20.75,6509300,HSG
2024-10-29,20.9,20.9,20.6,20.7,5104500,HSG
2024-10-30,20.7,20.75,20.3,20.35,5431900,HSG
2024-10-31,20.3,20.4,20.2,20.25,5818700,HSG
2024-11-01,20.2,20.25,19.9,20.2,8910800,HSG
2024-11-04,20.05,20.3,19.9,19.95,4771800,HSG
2024-11-05,20.05,20.2,19.95,20.0,2742500,HSG
2024-11-06,20.1,20.4,20.1,20.35,3652800,HSG
2024-11-07,20.5,20.6,20.25,20.3,3287400,HSG
2024-11-08,20.3,20.5,20.15,20.2,5626100,HSG
2024-11-11,20.1,20.5,20.0,20.3,5833100,HSG
2024-11-12,20.5,20.5,20.1,20.15,3682800,HSG
2024-11-13,20.05,20.15,19.8,19.95,6642100,HSG
2024-11-14,19.95,20.0,19.0,19.1,12265500,HSG
2024-11-15,19.1,19.1,18.3,18.4,11664600,HSG
2024-11-18,18.4,18.7,18.2,18.55,5872100,HSG
2024-11-19,18.6,18.8,18.35,18.35,3865700,HSG
2024-11-20,18.2,18.9,18.15,18.65,5426700,HSG
2024-11-21,18.8,18.8,18.5,18.8,3127900,HSG
2024-11-22,18.75,19.05,18.7,18.8,4651400,HSG
2024-11-25,18.9,18.9,18.7,18.75,3556500,HSG
2024-11-26,18.75,19.05,18.75,19.0,4073600,HSG
2024-11-27,19.05,19.05,18.75,18.9,3321100,HSG
2024-11-28,19.0,19.1,18.9,19.0,4203100,HSG
2024-11-29,19.0,19.05,18.85,19.0,4214500,HSG
2024-12-02,19.05,19.15,18.9,19.0,2967700,HSG
2024-12-03,19.05,19.05,18.65,18.65,5077900,HSG
2024-12-04,18.7,18.7,18.2,18.25,7666000,HSG
2024-12-05,18.25,19.0,17.55,18.8,13894400,HSG
2024-12-06,18.8,18.95,18.6,18.65,3983500,HSG
2024-12-09,18.7,19.1,18.6,18.9,8212700,HSG
2024-12-10,18.95,19.25,18.95,19.0,7310500,HSG
2024-12-11,19.0,19.15,18.8,18.85,3810100,HSG
2024-12-12,18.8,18.95,18.75,18.75,3538900,HSG
2024-12-13,18.75,18.75,18.4,18.4,4199000,HSG
2024-12-16,18.3,18.55,18.3,18.5,3319400,HSG
2024-12-17,18.45,18.55,18.2,18.4,3859500,HSG
2024-12-18,18.4,18.95,18.4,18.95,5539700,HSG
2024-12-19,18.65,18.95,18.6,18.95,5310200,HSG
2024-12-20,18.95,18.95,18.75,18.75,2418600,HSG
2024-12-23,18.7,18.9,18.55,18.65,3524800,HSG
2024-12-24,18.65,18.65,18.3,18.65,4350300,HSG
2024-12-25,18.55,19.0,18.55,18.95,5786300,HSG
2024-12-26,18.95,18.95,18.75,18.95,2363400,HSG
2024-12-27,18.9,18.95,18.7,18.8,3931500,HSG
2024-12-30,18.8,18.8,18.55,18.7,2081200,HSG
2024-12-31,18.7,18.7,18.45,18.45,3222100,HSG
2025-01-02,18.45,18.65,18.45,18.65,1628200,HSG
2025-01-03,18.6,18.6,18.2,18.2,4211400,HSG
2025-01-06,18.2,18.35,17.65,17.8,4663400,HSG
2025-01-07,17.8,17.9,17.5,17.8,3808500,HSG
2025-01-08,17.7,18.05,17.65,18.05,2061200,HSG
2025-01-09,18.05,18.05,17.65,17.7,1928400,HSG
2025-01-10,17.85,17.85,17.15,17.15,3239300,HSG
2025-01-13,17.15,17.4,17.05,17.4,2599200,HSG
2025-01-14,17.3,17.45,17.1,17.1,1458600,HSG
2025-01-15,17.1,17.8,17.1,17.55,4948700,HSG
2025-01-16,17.6,17.75,17.3,17.3,2819100,HSG
2025-01-17,17.3,17.5,17.25,17.5,2723900,HSG
2025-01-20,17.5,17.65,17.45,17.55,2145800,HSG
2025-01-21,17.4,17.55,17.2,17.35,2023100,HSG
2025-01-22,17.35,17.4,17.1,17.1,2640900,HSG
2025-01-23,17.05,17.4,17.05,17.4,1830900,HSG
2025-01-24,17.4,17.45,17.2,17.45,2506200,HSG
2025-02-03,17.4,17.8,17.35,17.6,4575700,HSG
2025-02-04,17.75,18.0,17.65,17.9,5280500,HSG
2025-02-05,17.9,18.05,17.85,17.9,4158300,HSG
2025-02-06,17.95,18.0,17.7,17.75,3266400,HSG
2025-02-07,17.8,17.9,17.7,17.7,2804100,HSG
2025-02-10,17.55,17.6,16.9,16.9,13198800,HSG
2025-02-11,16.7,17.0,16.6,16.75,8571400,HSG
2025-02-12,16.95,16.95,16.6,16.7,2566700,HSG
2025-02-13,16.9,16.9,16.65,16.65,2052800,HSG
2025-02-14,16.7,17.15,16.7,17.0,5277900,HSG
2025-02-17,17.0,17.05,16.9,17.0,2338400,HSG
2025-02-18,17.0,17.35,17.0,17.25,5090900,HSG
2025-02-19,17.25,17.3,17.1,17.3,3273000,HSG
2025-02-20,17.35,17.8,17.35,17.55,8637000,HSG
2025-02-21,17.5,17.6,17.35,17.55,3358000,HSG
2025-02-24,18.2,18.25,17.8,17.9,11065900,HSG
2025-02-25,18.0,18.0,17.65,17.75,4541000,HSG
2025-02-26,18.0,18.15,17.9,17.9,8748800,HSG
2025-02-27,17.9,19.15,17.8,19.15,33688400,HSG
2025-02-28,19.2,19.3,18.85,19.05,8658000,HSG
2025-03-03,19.1,19.1,18.65,18.9,8293600,HSG
2025-03-04,18.75,18.95,18.55,18.7,8237900,HSG
2025-03-05,18.65,18.85,18.3,18.3,6322700,HSG
2025-03-06,18.5,18.95,18.3,18.95,7748900,HSG
2025-03-07,18.95,19.0,18.7,18.8,5992700,HSG
2025-03-10,18.85,18.9,18.6,18.7,5036900,HSG
2025-03-11,18.35,19.05,18.35,19.05,10075800,HSG
2025-03-12,19.1,19.2,18.75,18.9,6125300,HSG
2025-03-13,19.0,19.35,18.65,18.85,10326600,HSG
2025-03-14,18.85,18.9,18.6,18.7,4785300,HSG
2024-09-04,11.8,12.1,11.8,12.05,370600,HT1
2024-09-05,12.1,12.15,11.85,11.9,355500,HT1
2024-09-06,11.9,11.95,11.85,11.95,321800,HT1
2024-09-09,12.0,12.2,11.9,11.9,403200,HT1
2024-09-10,12.0,12.0,11.8,11.9,416200,HT1
2024-09-11,12.0,12.0,11.75,11.95,539400,HT1
2024-09-12,11.95,12.05,11.85,12.0,466600,HT1
2024-09-13,12.0,12.0,11.8,11.9,354000,HT1
2024-09-16,11.9,12.0,11.8,11.9,219300,HT1
2024-09-17,11.75,11.95,11.75,11.95,266100,HT1
2024-09-18,11.9,12.0,11.9,11.95,453300,HT1
2024-09-19,12.0,12.15,11.95,12.1,281000,HT1
2024-09-20,12.1,12.15,12.0,12.0,706400,HT1
2024-09-23,12.0,12.15,12.0,12.05,233600,HT1
2024-09-24,12.05,12.1,11.9,12.05,271800,HT1
2024-09-25,12.05,12.35,12.05,12.1,827700,HT1
2024-09-26,12.1,12.2,12.05,12.1,220700,HT1
2024-09-27,12.15,12.15,11.95,12.0,441600,HT1
2024-09-30,12.05,12.1,11.9,12.0,252000,HT1
2024-10-01,12.05,12.05,11.9,12.05,657200,HT1
2024-10-02,12.05,12.05,11.85,11.9,521600,HT1
2024-10-03,11.9,12.0,11.75,11.8,451000,HT1
2024-10-04,11.85,11.9,11.75,11.9,312900,HT1
2024-10-07,11.85,11.9,11.7,11.9,380500,HT1
2024-10-08,11.7,11.8,11.65,11.75,491500,HT1
2024-10-09,11.75,11.75,11.6,11.75,728600,HT1
2024-10-10,11.8,11.85,11.6,11.6,380100,HT1
2024-10-11,11.6,11.7,11.55,11.65,483300,HT1
2024-10-14,11.75,11.75,11.45,11.5,552200,HT1
2024-10-15,11.55,11.55,11.4,11.45,471200,HT1
2024-10-16,11.4,11.5,11.3,11.5,220700,HT1
2024-10-17,11.5,11.5,11.4,11.5,289200,HT1
2024-10-18,11.55,11.6,11.35,11.4,403500,HT1
2024-10-21,11.5,11.75,11.5,11.55,642600,HT1
2024-10-22,11.55,11.85,11.55,11.8,806700,HT1
2024-10-23,11.85,11.9,11.65,11.8,617100,HT1
2024-10-24,11.8,11.85,11.65,11.65,598000,HT1
2024-10-25,11.7,11.7,11.5,11.5,469200,HT1
2024-10-28,11.65,11.65,11.4,11.5,473600,HT1
2024-10-29,11.45,11.6,11.4,11.6,420700,HT1
2024-10-30,11.6,11.75,11.55,11.65,383800,HT1
2024-10-31,11.55,11.65,11.55,11.65,123800,HT1
2024-11-01,11.55,11.7,11.55,11.7,182300,HT1
2024-11-04,11.65,11.7,11.55,11.65,214900,HT1
2024-11-05,11.65,11.75,11.6,11.7,176900,HT1
2024-11-06,11.7,11.85,11.65,11.85,474400,HT1
2024-11-07,11.8,11.85,11.7,11.8,251800,HT1
2024-11-08,11.8,11.8,11.65,11.75,188900,HT1
2024-11-11,11.8,11.8,11.6,11.75,150900,HT1
2024-11-12,11.7,11.85,11.7,11.8,196700,HT1
2024-11-13,11.75,11.8,11.55,11.8,219800,HT1
2024-11-14,11.7,11.9,11.65,11.75,212600,HT1
2024-11-15,11.75,12.05,11.55,11.85,532200,HT1
2024-11-18,11.75,11.85,11.55,11.8,186800,HT1
2024-11-19,11.8,11.8,11.6,11.6,83500,HT1
2024-11-20,11.55,11.7,11.5,11.6,131400,HT1
2024-11-21,11.55,11.65,11.5,11.65,112900,HT1
2024-11-22,11.65,11.65,11.55,11.55,86600,HT1
2024-11-25,11.5,11.7,11.5,11.55,265100,HT1
2024-11-26,11.55,11.7,11.5,11.55,116700,HT1
2024-11-27,11.5,11.65,11.5,11.65,307200,HT1
2024-11-28,11.6,11.7,11.6,11.6,146100,HT1
2024-11-29,11.6,11.65,11.55,11.6,180700,HT1
2024-12-02,11.65,11.9,11.65,11.8,699500,HT1
2024-12-03,11.8,11.9,11.75,11.85,269800,HT1
2024-12-04,11.85,11.9,11.8,11.8,310800,HT1
2024-12-05,11.8,11.9,11.7,11.9,278500,HT1
2024-12-06,12.05,12.15,11.85,12.0,507200,HT1
2024-12-09,12.05,12.1,12.0,12.0,222000,HT1
2024-12-10,12.1,12.2,12.0,12.1,269800,HT1
2024-12-11,12.15,12.15,11.9,11.9,184700,HT1
2024-12-12,12.0,12.0,11.85,11.9,136300,HT1
2024-12-13,11.85,11.9,11.7,11.75,270300,HT1
2024-12-16,11.7,11.85,11.6,11.65,214200,HT1
2024-12-17,11.7,11.75,11.55,11.75,179900,HT1
2024-12-18,11.7,11.8,11.65,11.75,30300,HT1
2024-12-19,11.55,11.7,11.5,11.65,156300,HT1
2024-12-20,11.7,11.7,11.55,11.65,103500,HT1
2024-12-23,11.65,11.75,11.6,11.7,101800,HT1
2024-12-24,11.7,11.8,11.65,11.7,185300,HT1
2024-12-25,11.7,12.15,11.7,11.95,700600,HT1
2024-12-26,11.95,12.1,11.9,11.9,237500,HT1
2024-12-27,12.0,12.0,11.7,11.7,415000,HT1
2024-12-30,11.7,11.8,11.65,11.7,147100,HT1
2024-12-31,11.7,11.85,11.7,11.7,167800,HT1
2025-01-02,11.85,11.85,11.7,11.85,140100,HT1
2025-01-03,11.85,11.9,11.75,11.75,152100,HT1
2025-01-06,11.7,12.05,11.7,11.85,365800,HT1
2025-01-07,11.8,12.0,11.75,11.75,372400,HT1
2025-01-08,11.7,11.85,11.7,11.8,151500,HT1
2025-01-09,11.75,11.9,11.75,11.75,118500,HT1
2025-01-10,11.75,11.95,11.75,11.75,355900,HT1
2025-01-13,11.75,11.95,11.7,11.9,352100,HT1
2025-01-14,11.9,11.95,11.8,11.8,176200,HT1
2025-01-15,11.9,12.6,11.85,12.6,2099800,HT1
2025-01-16,12.95,12.95,12.6,12.6,1505400,HT1
2025-01-17,12.55,12.85,12.55,12.6,1505400,HT1
2025-01-20,12.6,12.7,12.4,12.7,653300,HT1
2025-01-21,12.7,12.7,12.45,12.6,652200,HT1
2025-01-22,12.6,12.7,12.35,12.35,795100,HT1
2025-01-23,12.3,12.55,12.3,12.4,547600,HT1
2025-01-24,12.4,12.55,12.35,12.5,365800,HT1
2025-02-03,12.4,12.8,12.4,12.5,671200,HT1
2025-02-04,12.55,12.95,12.5,12.6,1232700,HT1
2025-02-05,12.65,12.7,12.45,12.5,779900,HT1
2025-02-06,12.5,12.55,12.35,12.5,609600,HT1
2025-02-07,12.6,12.8,12.45,12.45,592100,HT1
2025-02-10,12.45,12.75,12.25,12.25,718400,HT1
2025-02-11,12.25,12.45,12.25,12.3,778500,HT1
2025-02-12,12.4,12.7,12.4,12.55,906500,HT1
2025-02-13,12.5,12.7,12.5,12.7,756700,HT1
2025-02-14,12.9,12.9,12.6,12.6,1178100,HT1
2025-02-17,12.75,13.4,12.65,13.05,2193300,HT1
2025-02-18,13.1,13.2,12.85,12.9,1011700,HT1
2025-02-19,12.95,13.1,12.9,13.0,829900,HT1
2025-02-20,13.1,13.1,12.9,12.95,809800,HT1
2025-02-21,12.8,13.15,12.8,13.0,853700,HT1
2025-02-24,13.0,13.15,12.9,13.0,612100,HT1
2025-02-25,13.0,13.1,12.85,13.0,518800,HT1
2025-02-26,13.0,13.4,12.8,12.9,887100,HT1
2025-02-27,12.95,13.0,12.7,12.9,691000,HT1
2025-02-28,12.85,12.85,12.7,12.8,581200,HT1
2025-03-03,12.85,12.85,12.55,12.55,765800,HT1
2025-03-04,12.55,12.7,12.5,12.6,573500,HT1
2025-03-05,12.6,12.7,12.5,12.5,399100,HT1
2025-03-06,12.5,12.6,12.4,12.55,372100,HT1
2025-03-07,12.65,12.65,12.45,12.5,559700,HT1
2025-03-10,12.65,12.7,12.5,12.6,467300,HT1
2025-03-11,12.5,12.7,12.4,12.65,631900,HT1
2025-03-12,12.75,12.75,12.55,12.6,389800,HT1
2025-03-13,12.6,12.65,12.4,12.45,478300,HT1
2025-03-14,12.4,12.5,12.15,12.15,718900,HT1
2024-09-04,44.3,46.95,43.95,46.95,343638,IMP
2024-09-05,47.05,47.5,45.65,45.65,81518,IMP
2024-09-06,46.75,48.5,46.0,48.5,198803,IMP
2024-09-09,48.75,49.7,48.0,48.1,167900,IMP
2024-09-10,48.1,48.4,46.35,46.5,150726,IMP
2024-09-11,46.0,47.2,46.0,46.55,87308,IMP
2024-09-12,46.95,47.5,46.4,47.0,56932,IMP
2024-09-13,47.0,47.0,46.3,47.0,68444,IMP
2024-09-16,46.6,47.0,46.0,46.5,145354,IMP
2024-09-17,47.9,49.75,47.1,49.75,619239,IMP
2024-09-18,50.9,53.2,50.9,53.2,485483,IMP
2024-09-19,54.9,56.5,51.9,52.4,381090,IMP
2024-09-20,52.4,52.5,50.9,51.3,230456,IMP
2024-09-23,51.5,52.3,51.2,51.8,97565,IMP
2024-09-24,51.8,52.0,51.0,51.8,128608,IMP
2024-09-25,51.8,52.0,50.1,50.3,180030,IMP
2024-09-26,50.3,51.3,50.2,50.2,100237,IMP
2024-09-27,50.3,51.0,49.55,50.3,134086,IMP
2024-09-30,50.3,50.7,49.8,50.0,94500,IMP
2024-10-01,50.3,50.5,49.95,50.1,93100,IMP
2024-10-02,50.2,51.5,49.8,50.7,113100,IMP
2024-10-03,50.7,50.7,49.5,49.9,105900,IMP
2024-10-04,49.95,49.95,49.0,49.0,63700,IMP
2024-10-07,49.0,49.8,47.7,48.2,95700,IMP
2024-10-08,48.2,48.2,46.6,47.75,73100,IMP
2024-10-09,47.65,47.75,47.0,47.1,101800,IMP
2024-10-10,47.1,49.9,47.05,48.0,58000,IMP
2024-10-11,48.1,49.0,47.7,48.0,43100,IMP
2024-10-14,48.0,48.65,47.0,47.1,67700,IMP
2024-10-15,46.85,47.95,46.8,46.8,40700,IMP
2024-10-16,46.8,47.45,46.75,46.9,24100,IMP
2024-10-17,47.0,47.45,46.8,47.0,40400,IMP
2024-10-18,47.5,47.5,46.5,46.85,63000,IMP
2024-10-21,46.1,46.3,44.3,44.45,292000,IMP
2024-10-22,44.0,44.4,42.35,42.6,246300,IMP
2024-10-23,43.0,43.8,42.6,43.3,99900,IMP
2024-10-24,43.35,45.6,43.15,45.0,161100,IMP
2024-10-25,46.0,46.35,44.75,44.75,102500,IMP
2024-10-28,44.75,45.85,44.05,44.7,53800,IMP
2024-10-29,44.7,44.7,44.2,44.4,97300,IMP
2024-10-30,44.2,45.4,44.0,45.2,114200,IMP
2024-10-31,45.6,45.65,44.6,45.0,63400,IMP
2024-11-01,44.9,45.25,44.4,45.0,62300,IMP
2024-11-04,45.0,45.0,44.0,44.3,82400,IMP
2024-11-05,44.3,44.4,43.95,44.3,58700,IMP
2024-11-06,44.3,44.7,44.0,44.25,64600,IMP
2024-11-07,44.4,44.9,44.0,44.6,83700,IMP
2024-11-08,44.0,44.5,43.8,44.0,80700,IMP
2024-11-11,44.0,44.0,42.7,43.9,199100,IMP
2024-11-12,43.85,43.85,42.8,43.25,223300,IMP
2024-11-13,43.2,43.2,42.7,42.8,66600,IMP
2024-11-14,42.75,43.3,42.5,42.8,55700,IMP
2024-11-15,42.7,43.2,42.3,42.3,78500,IMP
2024-11-18,42.3,42.3,41.35,41.8,78700,IMP
2024-11-19,41.8,42.2,41.8,41.8,62600,IMP
2024-11-20,41.9,41.9,41.2,41.8,112200,IMP
2024-11-21,41.8,42.15,41.3,41.4,37400,IMP
2024-11-22,41.4,41.6,41.2,41.35,152200,IMP
2024-11-25,41.35,44.2,41.35,44.0,222500,IMP
2024-11-26,44.0,45.1,43.3,43.7,100000,IMP
2024-11-27,43.7,43.7,43.0,43.2,43300,IMP
2024-11-28,43.05,45.5,43.05,44.85,338700,IMP
2024-11-29,45.35,46.1,44.85,44.85,267700,IMP
2024-12-02,45.75,45.75,45.0,45.5,137500,IMP
2024-12-03,45.45,48.65,45.15,48.65,793400,IMP
2024-12-04,49.0,51.0,47.0,48.0,431300,IMP
2024-12-05,48.0,49.2,46.85,48.2,285300,IMP
2024-12-06,47.6,48.0,46.3,46.4,390700,IMP
2024-12-09,46.9,47.65,46.45,47.05,327100,IMP
2024-12-10,47.0,49.0,47.0,48.15,450000,IMP
2024-12-11,48.5,48.6,47.3,48.0,183000,IMP
2024-12-12,48.4,50.8,47.4,49.5,554600,IMP
2024-12-13,49.4,50.2,48.15,48.65,308400,IMP
2024-12-16,48.5,49.05,47.4,47.55,143800,IMP
2024-12-17,47.9,48.4,47.5,48.0,162000,IMP
2024-12-18,48.65,48.65,48.0,48.0,125600,IMP
2024-12-19,47.6,48.4,47.3,47.7,216100,IMP
2024-12-20,47.8,48.3,47.35,48.3,209300,IMP
2024-12-23,49.0,49.8,48.7,48.75,485600,IMP
2024-12-24,49.0,49.0,48.3,48.5,133400,IMP
2024-12-25,48.5,49.5,47.4,47.5,454500,IMP
2024-12-26,47.5,48.45,47.5,48.45,163800,IMP
2024-12-27,48.7,48.7,47.55,47.7,119000,IMP
2024-12-30,47.75,47.85,47.0,47.25,130400,IMP
2024-12-31,47.35,47.4,46.9,47.0,100400,IMP
2025-01-02,47.0,47.55,46.5,47.35,75300,IMP
2025-01-03,47.05,47.35,46.3,46.3,104500,IMP
2025-01-06,46.3,46.8,43.1,43.5,214800,IMP
2025-01-07,44.25,44.55,43.85,44.2,134800,IMP
2025-01-08,44.35,44.75,44.0,44.05,73500,IMP
2025-01-09,44.05,44.3,43.5,43.55,83400,IMP
2025-01-10,43.6,44.5,43.4,43.7,94500,IMP
2025-01-13,43.2,43.9,42.5,43.7,102900,IMP
2025-01-14,43.7,44.5,42.7,43.0,82800,IMP
2025-01-15,43.0,43.55,42.9,43.3,48500,IMP
2025-01-16,44.1,44.1,43.5,43.5,34100,IMP
2025-01-17,43.5,45.5,43.0,44.3,119200,IMP
2025-01-20,44.3,45.0,44.3,44.9,92200,IMP
2025-01-21,45.0,45.2,43.9,44.35,102500,IMP
2025-01-22,44.95,46.0,44.4,45.2,146600,IMP
2025-01-23,45.6,45.6,44.0,44.8,46700,IMP
2025-01-24,44.8,44.8,44.0,44.2,75600,IMP
2025-02-03,44.0,44.6,43.7,44.6,50300,IMP
2025-02-04,44.6,45.35,44.6,45.2,86100,IMP
2025-02-05,45.65,45.65,44.0,45.0,104600,IMP
2025-02-06,45.35,47.0,44.8,47.0,204300,IMP
2025-02-07,46.95,48.3,46.75,47.25,253100,IMP
2025-02-10,47.25,47.3,46.1,46.45,162400,IMP
2025-02-11,46.5,49.7,46.5,48.6,966900,IMP
2025-02-12,48.8,48.9,47.8,48.0,118100,IMP
2025-02-13,48.1,48.8,47.65,47.9,243300,IMP
2025-02-14,48.5,48.9,47.65,48.1,300000,IMP
2025-02-17,48.3,50.5,48.3,48.8,526500,IMP
2025-02-18,49.0,49.4,48.55,48.85,137900,IMP
2025-02-19,48.7,50.0,47.0,48.0,564700,IMP
2025-02-20,47.85,49.3,47.6,49.25,213700,IMP
2025-02-21,49.45,49.75,48.4,48.5,188700,IMP
2025-02-24,48.5,48.6,47.65,48.1,193000,IMP
2025-02-25,48.1,48.45,47.55,47.75,149400,IMP
2025-02-26,47.75,48.5,47.75,48.0,192900,IMP
2025-02-27,48.0,48.3,47.65,47.9,99400,IMP
2025-02-28,47.95,47.95,47.1,47.9,159700,IMP
2025-03-03,48.4,48.4,47.35,47.4,187300,IMP
2025-03-04,47.3,47.4,46.9,47.05,175900,IMP
2025-03-05,47.0,47.2,46.2,46.25,277000,IMP
2025-03-06,46.25,46.8,45.8,46.6,69700,IMP
2025-03-07,46.7,47.1,46.55,46.6,113300,IMP
2025-03-10,46.6,46.7,45.9,45.95,162100,IMP
2025-03-11,46.3,46.85,45.2,46.6,189600,IMP
2025-03-12,46.95,49.0,46.5,48.9,506600,IMP
2025-03-13,49.5,49.5,48.2,48.2,302500,IMP
2025-03-14,48.2,48.55,48.05,48.2,185200,IMP
2024-09-04,26.35,26.35,26.0,26.35,3820800,KBC
2024-09-05,26.35,26.55,25.9,26.05,2789200,KBC
2024-09-06,26.05,26.5,25.6,26.5,2668600,KBC
2024-09-09,26.4,26.5,26.0,26.3,1937300,KBC
2024-09-10,26.4,26.4,25.75,25.75,2373900,KBC
2024-09-11,25.4,25.75,25.3,25.4,2239300,KBC
2024-09-12,25.7,25.7,25.15,25.4,1730900,KBC
2024-09-13,25.4,25.5,25.1,25.1,1343500,KBC
2024-09-16,25.15,25.3,24.7,24.7,2113100,KBC
2024-09-17,24.7,25.35,24.45,25.25,2114400,KBC
2024-09-18,25.25,25.6,25.25,25.25,1487400,KBC
2024-09-19,25.4,26.9,25.4,26.75,5653100,KBC
2024-09-20,26.9,27.15,26.5,26.65,4419300,KBC
2024-09-23,26.65,26.8,26.3,26.4,2278100,KBC
2024-09-24,26.35,28.2,26.2,28.2,11979800,KBC
2024-09-25,28.4,28.4,27.95,28.05,4155400,KBC
2024-09-26,28.2,28.55,27.8,27.95,5081500,KBC
2024-09-27,28.2,28.45,27.8,28.05,4244100,KBC
2024-09-30,28.0,28.4,28.0,28.2,3257000,KBC
2024-10-01,28.3,28.9,28.15,28.2,4698400,KBC
2024-10-02,28.05,28.2,27.5,27.6,4104500,KBC
2024-10-03,27.8,27.8,27.0,27.15,4183000,KBC
2024-10-04,27.15,27.6,27.1,27.2,3252800,KBC
2024-10-07,27.45,27.6,27.15,27.2,2752200,KBC
2024-10-08,27.3,27.8,27.1,27.7,3523100,KBC
2024-10-09,27.95,28.75,27.95,28.15,6006500,KBC
2024-10-10,28.5,28.5,27.8,27.85,3040500,KBC
2024-10-11,27.9,27.95,27.55,27.95,2841700,KBC
2024-10-14,28.0,28.2,27.6,27.75,2048300,KBC
2024-10-15,27.95,28.05,27.2,27.2,3906200,KBC
2024-10-16,27.25,27.4,27.15,27.2,1913700,KBC
2024-10-17,27.25,27.7,26.75,27.7,3154200,KBC
2024-10-18,27.7,28.25,27.5,27.7,4299700,KBC
2024-10-21,27.7,27.75,27.2,27.25,2119000,KBC
2024-10-22,27.2,27.25,26.05,26.25,7248600,KBC
2024-10-23,26.4,26.45,26.2,26.25,2610300,KBC
2024-10-24,26.3,26.4,25.8,25.8,3138100,KBC
2024-10-25,26.25,26.25,25.85,25.9,1469000,KBC
2024-10-28,25.95,26.1,25.65,26.1,2583500,KBC
2024-10-29,26.1,26.5,26.1,26.3,2402500,KBC
2024-10-30,26.3,26.55,26.1,26.25,3012400,KBC
2024-10-31,26.35,26.45,26.2,26.3,1831000,KBC
2024-11-01,26.3,26.8,26.25,26.35,3222700,KBC
2024-11-04,26.3,27.3,26.1,27.05,6511300,KBC
2024-11-05,27.0,27.2,26.95,27.0,2762500,KBC
2024-11-06,27.6,28.85,27.5,28.85,20298300,KBC
2024-11-07,29.5,29.65,28.8,28.8,13866300,KBC
2024-11-08,28.9,29.2,28.25,28.8,10559200,KBC
2024-11-11,29.1,29.3,28.7,28.85,8097000,KBC
2024-11-12,29.05,29.55,28.7,28.7,9583600,KBC
2024-11-13,28.7,29.55,28.65,29.55,9261200,KBC
2024-11-14,29.6,29.7,28.65,28.65,7495500,KBC
2024-11-15,28.6,29.75,28.6,29.35,12071700,KBC
2024-11-18,29.35,29.35,27.3,27.6,13350200,KBC
2024-11-19,27.35,27.8,26.6,26.6,7081500,KBC
2024-11-20,26.65,27.55,26.2,26.9,5816800,KBC
2024-11-21,27.0,27.1,26.45,26.9,4934100,KBC
2024-11-22,26.9,27.2,26.75,27.0,3676300,KBC
2024-11-25,27.15,27.35,27.05,27.35,3212200,KBC
2024-11-26,27.4,27.95,27.3,27.85,5344700,KBC
2024-11-27,27.85,28.2,27.5,28.0,4958500,KBC
2024-11-28,28.15,28.2,27.6,27.8,2855700,KBC
2024-11-29,27.6,28.25,27.6,27.75,3512400,KBC
2024-12-02,27.8,28.25,27.65,27.95,3872300,KBC
2024-12-03,27.95,28.25,27.85,28.0,4479900,KBC
2024-12-04,28.0,28.05,27.7,28.0,4065400,KBC
2024-12-05,28.0,28.95,27.7,28.7,6524600,KBC
2024-12-06,28.9,29.25,28.55,28.7,4448900,KBC
2024-12-09,28.8,28.8,28.45,28.7,3866000,KBC
2024-12-10,28.65,28.95,28.4,28.7,3683000,KBC
2024-12-11,28.6,28.85,28.2,28.2,3327300,KBC
2024-12-12,28.3,28.6,28.15,28.25,3382900,KBC
2024-12-13,28.25,28.3,27.85,27.85,3255500,KBC
2024-12-16,27.9,28.35,27.9,28.35,2463400,KBC
2024-12-17,28.35,28.4,28.1,28.2,1429900,KBC
2024-12-18,28.1,28.3,27.85,28.15,2430800,KBC
2024-12-19,27.8,27.9,27.3,27.6,3731900,KBC
2024-12-20,27.6,27.85,27.6,27.6,2096100,KBC
2024-12-23,27.7,28.15,27.7,27.8,2444700,KBC
2024-12-24,27.8,28.0,27.45,27.6,3091500,KBC
2024-12-25,27.65,28.15,27.65,28.15,3779000,KBC
2024-12-26,28.15,28.2,27.4,27.55,4780500,KBC
2024-12-27,27.5,27.75,27.3,27.65,3480700,KBC
2024-12-30,27.65,27.65,27.25,27.25,2475800,KBC
2024-12-31,27.25,27.35,27.0,27.2,3004100,KBC
2025-01-02,27.25,27.55,27.05,27.4,2213300,KBC
2025-01-03,27.35,27.4,27.0,27.15,2127000,KBC
2025-01-06,27.3,27.65,27.1,27.15,3047400,KBC
2025-01-07,27.3,28.5,27.3,28.05,8651800,KBC
2025-01-08,28.25,28.3,28.05,28.15,1982200,KBC
2025-01-09,28.15,28.5,28.15,28.3,2706200,KBC
2025-01-10,28.5,28.85,28.2,28.3,4972800,KBC
2025-01-13,28.3,28.4,27.65,28.25,3433800,KBC
2025-01-14,28.45,29.3,28.45,28.95,7099600,KBC
2025-01-15,28.9,29.9,28.9,29.9,10247200,KBC
2025-01-16,29.9,29.95,29.5,29.9,5059800,KBC
2025-01-17,29.95,30.1,29.7,29.85,3740000,KBC
2025-01-20,29.85,30.3,29.3,29.55,4708500,KBC
2025-01-21,29.4,29.55,29.1,29.35,4359700,KBC
2025-01-22,29.15,29.25,28.5,28.95,7447300,KBC
2025-01-23,28.9,29.4,28.7,29.4,4575600,KBC
2025-01-24,29.35,29.35,28.7,29.0,4063300,KBC
2025-02-03,29.0,29.4,28.6,29.4,4005100,KBC
2025-02-04,29.3,29.85,29.25,29.7,4297600,KBC
2025-02-05,29.75,29.85,29.4,29.4,3323800,KBC
2025-02-06,29.5,29.55,29.0,29.35,3784800,KBC
2025-02-07,29.25,29.5,29.05,29.1,2303100,KBC
2025-02-10,29.05,29.05,28.45,28.45,4892500,KBC
2025-02-11,28.5,28.95,28.25,28.9,3551700,KBC
2025-02-12,28.95,29.45,28.9,29.0,4406300,KBC
2025-02-13,28.95,29.15,28.75,28.8,1539900,KBC
2025-02-14,28.95,29.6,28.8,29.55,8111600,KBC
2025-02-17,29.7,29.75,29.4,29.45,4068500,KBC
2025-02-18,29.5,29.7,29.2,29.2,3716100,KBC
2025-02-19,29.2,30.35,29.15,30.15,11422700,KBC
2025-02-20,30.35,30.35,29.75,29.8,3873800,KBC
2025-02-21,29.65,30.0,29.45,29.45,4294500,KBC
2025-02-24,29.45,29.8,29.1,29.8,4128100,KBC
2025-02-25,29.9,30.15,29.6,29.6,4189500,KBC
2025-02-26,29.6,30.4,29.6,29.65,8179400,KBC
2025-02-27,29.7,29.9,29.4,29.9,3391600,KBC
2025-02-28,29.95,30.2,29.65,29.7,4584000,KBC
2025-03-03,29.75,30.35,29.65,30.1,4685200,KBC
2025-03-04,30.1,30.8,30.0,30.6,7359900,KBC
2025-03-05,30.6,30.65,30.1,30.2,4934500,KBC
2025-03-06,30.2,30.45,30.15,30.45,4451900,KBC
2025-03-07,30.75,31.2,30.3,30.3,5593000,KBC
2025-03-10,30.35,30.6,30.05,30.15,4867000,KBC
2025-03-11,29.85,30.3,29.75,30.3,5215400,KBC
2025-03-12,30.4,30.45,30.05,30.3,2903800,KBC
2025-03-13,30.2,30.3,29.55,29.55,6198200,KBC
2025-03-14,29.6,29.7,29.35,29.4,4036700,KBC
2024-09-04,54.55,54.75,54.36,54.65,690855,KDC
2024-09-05,54.65,55.05,54.26,54.55,740132,KDC
2024-09-06,54.65,54.65,54.06,54.46,699833,KDC
2024-09-09,54.36,54.55,53.96,54.46,711528,KDC
2024-09-10,54.65,54.65,53.96,54.16,721487,KDC
2024-09-11,54.36,54.36,53.76,54.16,665720,KDC
2024-09-12,54.46,54.46,53.96,54.16,711091,KDC
2024-09-13,54.36,54.36,53.76,54.16,568898,KDC
2024-09-16,54.16,54.36,53.76,54.16,847492,KDC
2024-09-17,54.36,54.36,53.76,54.16,774724,KDC
2024-09-18,54.26,54.36,53.57,53.86,766214,KDC
2024-09-19,54.06,54.06,53.47,53.96,656121,KDC
2024-09-20,54.16,54.16,52.58,52.58,1111404,KDC
2024-09-23,53.17,53.17,51.29,51.29,877419,KDC
2024-09-24,51.29,51.29,49.17,50.9,868863,KDC
2024-09-25,50.5,50.6,49.51,50.11,892598,KDC
2024-09-26,49.91,49.91,49.02,49.71,699451,KDC
2024-09-27,49.71,52.28,49.71,51.39,530895,KDC
2024-09-30,51.89,51.89,50.4,51.0,482826,KDC
2024-10-01,51.0,51.39,50.3,51.0,673924,KDC
2024-10-02,50.7,51.0,50.3,50.6,559845,KDC
2024-10-03,50.4,50.8,50.01,50.4,628715,KDC
2024-10-04,50.21,50.6,49.81,50.21,625471,KDC
2024-10-07,50.3,50.7,50.01,50.3,533695,KDC
2024-10-08,50.8,50.8,50.01,50.3,566074,KDC
2024-10-09,50.3,50.3,49.91,50.21,586401,KDC
2024-10-10,50.3,50.4,50.01,50.3,596141,KDC
2024-10-11,50.7,51.0,50.4,50.6,542940,KDC
2024-10-14,51.2,51.2,50.5,50.6,542012,KDC
2024-10-15,50.6,50.9,50.3,50.5,563967,KDC
2024-10-16,50.7,50.7,50.3,50.5,553554,KDC
2024-10-17,50.5,50.5,50.1,50.3,566197,KDC
2024-10-18,50.5,50.5,50.1,50.3,580236,KDC
2024-10-21,50.5,50.5,50.1,50.4,567612,KDC
2024-10-22,50.4,50.9,50.3,50.9,640209,KDC
2024-10-23,53.0,53.0,51.0,51.5,634433,KDC
2024-10-24,51.5,51.9,51.0,51.5,555315,KDC
2024-10-25,51.6,51.6,51.0,51.2,558300,KDC
2024-10-28,51.2,51.2,50.6,51.0,585000,KDC
2024-10-29,51.2,51.2,50.6,50.8,557600,KDC
2024-10-30,50.8,51.1,50.4,50.6,611300,KDC
2024-10-31,50.8,50.8,50.5,50.7,624800,KDC
2024-11-01,50.8,50.8,50.3,50.7,599700,KDC
2024-11-04,50.7,51.0,49.95,49.95,600200,KDC
2024-11-05,50.2,50.8,49.55,50.8,696000,KDC
2024-11-06,50.8,51.0,49.9,50.0,683900,KDC
2024-11-07,50.5,50.5,50.0,50.3,542900,KDC
2024-11-08,50.4,50.4,49.95,50.3,549800,KDC
2024-11-11,50.4,50.4,49.95,50.3,559300,KDC
2024-11-12,50.4,50.5,50.0,50.3,563100,KDC
2024-11-13,50.2,50.4,49.9,50.3,586100,KDC
2024-11-14,50.3,50.3,49.95,50.2,582800,KDC
2024-11-15,50.0,50.3,49.9,50.2,541200,KDC
2024-11-18,50.1,50.2,48.85,50.1,759300,KDC
2024-11-19,50.1,50.1,48.9,50.1,663500,KDC
2024-11-20,50.1,50.1,49.55,50.1,582400,KDC
2024-11-21,50.3,50.4,49.75,50.1,586300,KDC
2024-11-22,49.9,50.1,49.6,50.0,618600,KDC
2024-11-25,50.3,51.4,49.9,50.4,627400,KDC
2024-11-26,50.9,50.9,50.0,50.5,634100,KDC
2024-11-27,50.9,51.0,50.1,50.8,528700,KDC
2024-11-28,50.9,51.8,50.9,51.3,890800,KDC
2024-11-29,51.3,51.7,51.1,51.5,655300,KDC
2024-12-02,51.5,51.5,50.7,51.1,643600,KDC
2024-12-03,51.0,51.0,50.0,50.5,763000,KDC
2024-12-04,50.5,50.5,49.65,50.4,661000,KDC
2024-12-05,50.2,50.4,49.65,50.2,583700,KDC
2024-12-06,50.0,50.1,49.9,50.0,535700,KDC
2024-12-09,50.0,50.0,49.9,50.0,560300,KDC
2024-12-10,50.0,53.0,49.95,52.4,728000,KDC
2024-12-11,52.5,54.9,52.4,54.9,850300,KDC
2024-12-12,55.0,56.9,54.4,56.5,758900,KDC
2024-12-13,56.8,57.8,56.1,57.7,702400,KDC
2024-12-16,58.0,59.0,57.6,59.0,730900,KDC
2024-12-17,59.1,59.6,58.5,59.3,834300,KDC
2024-12-18,59.5,60.0,59.0,59.6,785500,KDC
2024-12-19,59.6,59.9,59.0,59.2,673800,KDC
2024-12-20,59.2,59.6,58.9,59.1,735300,KDC
2024-12-23,59.1,59.7,59.0,59.3,600000,KDC
2024-12-24,58.9,59.5,58.6,58.6,694400,KDC
2024-12-25,58.9,59.4,58.3,58.8,753400,KDC
2024-12-26,56.5,59.1,56.5,58.9,720100,KDC
2024-12-27,59.2,59.2,58.1,58.8,622000,KDC
2024-12-30,58.2,59.3,58.2,59.1,584000,KDC
2024-12-31,59.4,59.8,58.4,58.4,650300,KDC
2025-01-02,59.0,59.0,58.4,58.9,439800,KDC
2025-01-03,58.9,59.4,58.4,58.7,426800,KDC
2025-01-06,59.8,59.8,58.1,58.7,439400,KDC
2025-01-07,58.8,58.8,58.2,58.7,430500,KDC
2025-01-08,58.8,58.8,58.3,58.5,431300,KDC
2025-01-09,58.7,58.7,58.1,58.5,427800,KDC
2025-01-10,58.8,58.8,58.1,58.1,455700,KDC
2025-01-13,58.3,58.4,57.9,58.4,410900,KDC
2025-01-14,58.4,59.2,57.6,58.4,290000,KDC
2025-01-15,58.5,58.7,58.1,58.7,297500,KDC
2025-01-16,58.9,59.0,58.4,58.8,350100,KDC
2025-01-17,58.8,58.8,58.3,58.8,367700,KDC
2025-01-20,58.8,58.9,58.0,58.7,451200,KDC
2025-01-21,59.0,59.0,58.1,58.7,340700,KDC
2025-01-22,59.0,59.0,58.2,58.5,262900,KDC
2025-01-23,58.7,58.8,58.3,58.5,256100,KDC
2025-01-24,58.6,58.7,58.1,58.7,220300,KDC
2025-02-03,58.7,58.9,58.4,58.9,218200,KDC
2025-02-04,59.0,59.0,58.6,59.0,222400,KDC
2025-02-05,58.8,59.1,58.3,58.8,281700,KDC
2025-02-06,58.8,58.8,58.4,58.8,243300,KDC
2025-02-07,59.0,59.0,58.3,58.7,258400,KDC
2025-02-10,58.6,58.7,58.3,58.6,231300,KDC
2025-02-11,58.7,58.7,58.1,58.5,237000,KDC
2025-02-12,58.8,59.0,58.4,58.5,304400,KDC
2025-02-13,58.5,58.8,58.2,58.8,245800,KDC
2025-02-14,58.8,59.0,58.4,58.8,295400,KDC
2025-02-17,58.7,58.8,58.5,58.7,201100,KDC
2025-02-18,58.8,58.8,58.3,58.5,177000,KDC
2025-02-19,58.3,58.3,58.1,58.3,175600,KDC
2025-02-20,58.5,58.5,57.9,58.4,198000,KDC
2025-02-21,58.5,59.0,57.9,58.3,213500,KDC
2025-02-24,58.5,58.5,58.1,58.4,158900,KDC
2025-02-25,58.4,58.4,57.9,58.2,200600,KDC
2025-02-26,58.4,58.4,58.0,58.4,138000,KDC
2025-02-27,58.4,58.5,57.8,58.3,186100,KDC
2025-02-28,58.3,58.5,57.9,58.5,146500,KDC
2025-03-03,58.7,58.9,58.2,58.5,428400,KDC
2025-03-04,58.5,58.5,57.6,58.3,443700,KDC
2025-03-05,58.5,58.5,57.5,58.0,261500,KDC
2025-03-06,58.0,58.2,57.3,58.0,304000,KDC
2025-03-07,57.8,57.9,57.0,57.0,311700,KDC
2025-03-10,57.0,57.0,55.2,57.0,238700,KDC
2025-03-11,56.6,56.9,55.8,56.7,232000,KDC
2025-03-12,56.6,56.7,55.9,56.6,157600,KDC
2025-03-13,56.5,56.5,55.5,56.5,147000,KDC
2025-03-14,56.5,56.5,55.5,56.5,542300,KDC
2024-09-04,34.0,34.91,33.95,34.55,3806640,KDH
2024-09-05,34.55,34.73,34.05,34.5,2600693,KDH
2024-09-06,34.18,34.36,33.95,34.36,1752358,KDH
2024-09-09,34.36,34.68,34.09,34.18,3178586,KDH
2024-09-10,34.27,34.32,33.64,33.91,3656113,KDH
2024-09-11,33.91,34.05,33.27,33.91,1844915,KDH
2024-09-12,34.0,34.0,33.68,33.77,1133247,KDH
2024-09-13,33.64,34.0,33.64,33.86,1461535,KDH
2024-09-16,33.82,34.5,33.82,34.23,2263951,KDH
2024-09-17,34.5,35.0,34.18,34.82,5794951,KDH
2024-09-18,34.86,34.86,34.45,34.55,5044619,KDH
2024-09-19,34.64,34.73,34.32,34.55,4044260,KDH
2024-09-20,34.77,34.77,34.36,34.41,7832741,KDH
2024-09-23,34.41,34.82,34.23,34.45,2250389,KDH
2024-09-24,34.55,35.0,34.45,35.0,3758967,KDH
2024-09-25,35.14,36.09,35.09,35.64,5417025,KDH
2024-09-26,35.91,35.91,35.27,35.77,3582170,KDH
2024-09-27,35.91,35.91,35.27,35.41,2703189,KDH
2024-09-30,35.14,35.45,35.09,35.36,2997621,KDH
2024-10-01,35.45,36.27,35.32,35.73,5014438,KDH
2024-10-02,35.41,35.68,35.09,35.09,3127235,KDH
2024-10-03,35.09,35.14,33.77,34.0,6725735,KDH
2024-10-04,34.0,34.27,33.86,34.05,1867098,KDH
2024-10-07,34.05,34.32,33.82,34.32,2098296,KDH
2024-10-08,34.0,34.41,33.82,34.09,1814155,KDH
2024-10-09,34.36,34.36,34.09,34.27,1162464,KDH
2024-10-10,34.32,34.41,34.09,34.09,1405518,KDH
2024-10-11,34.09,34.5,34.0,34.09,1596739,KDH
2024-10-14,34.09,34.36,33.73,33.95,2580183,KDH
2024-10-15,34.0,34.0,33.36,33.5,4006002,KDH
2024-10-16,33.45,33.5,32.82,33.09,2360597,KDH
2024-10-17,33.45,33.8,32.55,33.35,4806949,KDH
2024-10-18,33.35,33.4,32.8,32.8,1827205,KDH
2024-10-21,32.8,32.85,32.4,32.5,3087418,KDH
2024-10-22,32.55,33.35,32.25,32.7,4395555,KDH
2024-10-23,33.1,33.7,32.95,33.3,3612987,KDH
2024-10-24,33.55,34.1,33.25,33.65,3211231,KDH
2024-10-25,33.65,33.75,33.15,33.15,2213089,KDH
2024-10-28,33.1,33.55,33.1,33.5,1522996,KDH
2024-10-29,33.7,33.75,33.15,33.5,2236900,KDH
2024-10-30,33.5,33.5,33.25,33.5,1562900,KDH
2024-10-31,33.5,33.65,33.3,33.5,3204700,KDH
2024-11-01,33.3,33.6,33.15,33.15,2005200,KDH
2024-11-04,33.3,33.3,32.55,33.0,2603400,KDH
2024-11-05,33.0,33.05,32.65,32.95,1452100,KDH
2024-11-06,33.2,33.4,32.8,33.4,1659000,KDH
2024-11-07,33.55,34.05,33.4,33.6,2148100,KDH
2024-11-08,33.7,33.7,33.25,33.55,1276200,KDH
2024-11-11,33.55,33.55,33.1,33.5,1148900,KDH
2024-11-12,33.35,33.5,33.0,33.45,1648400,KDH
2024-11-13,33.05,33.6,33.05,33.5,1744900,KDH
2024-11-14,33.4,33.6,33.0,33.35,1608200,KDH
2024-11-15,32.85,32.95,31.9,32.65,3474100,KDH
2024-11-18,32.65,32.65,31.85,32.6,1414500,KDH
2024-11-19,32.4,32.6,31.65,32.0,2426600,KDH
2024-11-20,31.7,33.0,31.5,32.55,2182300,KDH
2024-11-21,32.4,32.85,32.35,32.8,1643900,KDH
2024-11-22,32.6,32.65,32.1,32.6,2003300,KDH
2024-11-25,32.6,32.8,32.5,32.8,1655500,KDH
2024-11-26,32.8,33.3,32.6,33.2,2267100,KDH
2024-11-27,33.2,33.2,32.9,33.15,1509100,KDH
2024-11-28,33.15,33.2,32.9,33.05,1642300,KDH
2024-11-29,33.0,33.15,32.7,33.15,1423900,KDH
2024-12-02,33.15,33.15,32.45,32.85,2671900,KDH
2024-12-03,32.6,32.9,32.6,32.9,1383200,KDH
2024-12-04,32.9,32.95,32.65,32.85,1504600,KDH
2024-12-05,32.85,33.85,32.75,33.3,3812000,KDH
2024-12-06,33.45,33.8,33.4,33.8,2269300,KDH
2024-12-09,33.7,34.6,33.7,34.4,4053200,KDH
2024-12-10,34.4,34.5,34.25,34.5,2356700,KDH
2024-12-11,34.8,34.8,34.25,34.5,2364400,KDH
2024-12-12,34.5,34.55,34.25,34.55,1835500,KDH
2024-12-13,34.3,34.45,34.1,34.45,1408700,KDH
2024-12-16,34.45,34.8,34.35,34.6,2000300,KDH
2024-12-17,34.6,35.3,34.6,35.0,4368800,KDH
2024-12-18,35.25,35.25,34.75,35.0,1958400,KDH
2024-12-19,34.6,35.6,34.5,35.6,4800100,KDH
2024-12-20,35.55,35.95,35.45,35.85,5112500,KDH
2024-12-23,35.9,35.95,35.55,35.9,1911300,KDH
2024-12-24,35.85,35.95,35.15,35.95,2556900,KDH
2024-12-25,35.95,35.95,35.35,35.9,2258500,KDH
2024-12-26,35.65,35.9,35.5,35.85,2449900,KDH
2024-12-27,35.9,35.9,35.55,35.8,2505200,KDH
2024-12-30,35.6,36.15,35.5,36.15,2774000,KDH
2024-12-31,36.2,36.2,35.35,36.1,2588100,KDH
2025-01-02,35.6,35.8,34.75,35.15,2535400,KDH
2025-01-03,34.95,35.1,34.7,34.8,1607100,KDH
2025-01-06,34.65,35.2,34.65,34.8,1638900,KDH
2025-01-07,34.6,34.9,33.85,33.85,2148000,KDH
2025-01-08,34.0,34.0,33.5,33.8,1752700,KDH
2025-01-09,33.95,34.25,33.85,33.95,722300,KDH
2025-01-10,33.85,34.25,33.85,34.0,918100,KDH
2025-01-13,33.95,34.6,33.55,34.45,1272600,KDH
2025-01-14,34.3,34.5,34.0,34.15,831800,KDH
2025-01-15,34.35,34.55,34.15,34.2,1116600,KDH
2025-01-16,34.05,34.45,33.75,34.35,1846700,KDH
2025-01-17,34.1,34.45,34.0,34.4,1152500,KDH
2025-01-20,34.4,34.55,34.3,34.55,963100,KDH
2025-01-21,34.55,34.55,34.2,34.4,619200,KDH
2025-01-22,34.4,34.4,34.05,34.3,911000,KDH
2025-01-23,34.45,34.55,34.15,34.55,1472700,KDH
2025-01-24,34.7,34.75,34.45,34.75,1954100,KDH
2025-02-03,34.5,34.55,34.25,34.55,1247100,KDH
2025-02-04,34.55,34.75,34.35,34.75,1985200,KDH
2025-02-05,34.8,35.25,34.8,34.85,2720000,KDH
2025-02-06,34.85,34.9,34.2,34.6,2190200,KDH
2025-02-07,34.6,34.6,34.15,34.55,1668700,KDH
2025-02-10,34.3,34.55,34.0,34.0,1730300,KDH
2025-02-11,34.0,34.15,33.75,34.15,1802000,KDH
2025-02-12,34.3,34.3,33.75,34.0,1506300,KDH
2025-02-13,34.0,34.0,33.3,33.8,2486000,KDH
2025-02-14,33.8,34.0,33.65,33.85,1067300,KDH
2025-02-17,33.85,34.0,33.65,33.85,1002500,KDH
2025-02-18,33.85,34.1,33.75,33.85,844500,KDH
2025-02-19,33.9,34.2,33.7,34.2,1990700,KDH
2025-02-20,34.3,34.45,34.0,34.2,2722800,KDH
2025-02-21,34.2,34.2,33.6,33.65,3108100,KDH
2025-02-24,33.65,33.7,33.4,33.65,1297700,KDH
2025-02-25,33.8,33.9,33.35,33.35,2461400,KDH
2025-02-26,33.35,33.5,33.0,33.2,2661000,KDH
2025-02-27,33.25,33.5,33.1,33.5,1787000,KDH
2025-02-28,33.6,33.85,33.4,33.5,1942400,KDH
2025-03-03,33.55,33.85,33.5,33.6,1577200,KDH
2025-03-04,33.6,34.0,33.5,33.75,2161000,KDH
2025-03-05,33.8,34.0,33.5,33.5,2222300,KDH
2025-03-06,33.6,33.65,33.25,33.55,1647500,KDH
2025-03-07,33.6,34.2,33.55,33.55,3904400,KDH
2025-03-10,33.85,33.85,33.1,33.15,3241800,KDH
2025-03-11,33.05,33.25,32.4,32.85,4327300,KDH
2025-03-12,33.0,33.0,31.85,32.4,5390500,KDH
2025-03-13,32.0,32.35,32.0,32.35,2273500,KDH
2025-03-14,32.1,32.7,31.95,32.15,3042000,KDH
2024-09-04,40.0,40.1,40.0,40.05,315000,KOS
2024-09-05,40.3,40.3,39.6,39.75,308000,KOS
2024-09-06,39.75,39.8,39.75,39.8,307500,KOS
2024-09-09,39.8,39.9,39.8,39.85,306700,KOS
2024-09-10,39.85,39.9,37.1,39.85,339800,KOS
2024-09-11,39.85,40.05,39.85,39.9,315900,KOS
2024-09-12,39.9,39.95,39.9,39.9,302100,KOS
2024-09-13,39.9,40.1,39.9,39.95,306500,KOS
2024-09-16,40.2,40.2,39.95,40.0,301300,KOS
2024-09-17,40.0,40.1,40.0,40.05,328300,KOS
2024-09-18,40.05,40.1,40.05,40.1,316400,KOS
2024-09-19,40.1,40.2,37.3,39.5,674600,KOS
2024-09-20,39.5,39.55,39.3,39.55,345200,KOS
2024-09-23,39.55,39.55,36.8,37.8,499800,KOS
2024-09-24,37.5,38.0,35.4,37.8,385900,KOS
2024-09-25,37.8,37.8,35.5,37.5,350300,KOS
2024-09-26,37.5,39.5,37.0,37.7,350500,KOS
2024-09-27,37.7,37.8,37.4,37.8,331100,KOS
2024-09-30,37.8,37.8,37.5,37.65,322900,KOS
2024-10-01,37.65,37.7,37.4,37.7,290200,KOS
2024-10-02,37.7,37.85,37.55,37.85,312100,KOS
2024-10-03,37.85,37.95,37.7,37.85,312400,KOS
2024-10-04,37.85,37.85,37.5,37.8,318400,KOS
2024-10-07,37.8,37.8,37.6,37.8,296200,KOS
2024-10-08,37.8,37.8,37.5,37.8,309300,KOS
2024-10-09,37.8,38.0,37.8,38.0,314300,KOS
2024-10-10,38.2,38.3,38.0,38.2,359500,KOS
2024-10-11,38.2,38.3,38.2,38.3,309000,KOS
2024-10-14,38.25,38.4,38.25,38.4,319900,KOS
2024-10-15,38.6,38.6,38.4,38.4,294000,KOS
2024-10-16,38.6,38.6,38.3,38.35,315600,KOS
2024-10-17,38.5,38.5,38.35,38.35,306800,KOS
2024-10-18,38.35,38.4,38.2,38.4,318100,KOS
2024-10-21,38.55,38.55,38.4,38.45,325000,KOS
2024-10-22,38.45,38.45,38.3,38.45,293100,KOS
2024-10-23,38.8,38.8,37.9,38.3,329900,KOS
2024-10-24,38.3,38.5,38.3,38.5,334700,KOS
2024-10-25,38.5,38.6,38.45,38.45,414900,KOS
2024-10-28,38.45,38.5,38.45,38.5,495100,KOS
2024-10-29,38.55,38.6,38.55,38.55,478000,KOS
2024-10-30,38.65,38.65,38.55,38.6,305200,KOS
2024-10-31,38.6,38.7,38.6,38.65,344600,KOS
2024-11-01,38.65,38.75,38.65,38.75,391800,KOS
2024-11-04,38.75,38.8,38.7,38.7,281500,KOS
2024-11-05,38.7,38.7,38.5,38.5,346100,KOS
2024-11-06,38.5,38.55,38.3,38.55,336400,KOS
2024-11-07,38.55,38.55,38.2,38.55,315100,KOS
2024-11-08,38.55,38.6,38.45,38.6,357600,KOS
2024-11-11,38.8,38.8,38.45,38.6,331300,KOS
2024-11-12,38.6,38.8,38.5,38.6,365400,KOS
2024-11-13,38.6,38.6,38.5,38.55,283500,KOS
2024-11-14,38.55,38.6,38.3,38.55,346800,KOS
2024-11-15,38.4,38.4,38.1,38.3,309600,KOS
2024-11-18,38.4,38.4,38.05,38.3,388100,KOS
2024-11-19,38.6,38.6,38.2,38.4,274900,KOS
2024-11-20,38.4,38.5,38.1,38.5,327900,KOS
2024-11-21,38.55,38.55,38.0,38.5,388600,KOS
2024-11-22,38.55,38.55,38.35,38.55,350900,KOS
2024-11-25,38.55,38.65,38.55,38.6,386400,KOS
2024-11-26,38.6,38.7,38.6,38.65,333700,KOS
2024-11-27,38.65,38.7,38.4,38.65,318800,KOS
2024-11-28,38.65,38.75,38.65,38.7,313500,KOS
2024-11-29,38.7,38.75,38.7,38.7,271100,KOS
2024-12-02,38.7,38.75,38.7,38.75,347000,KOS
2024-12-03,38.75,38.75,38.65,38.75,357300,KOS
2024-12-04,38.75,38.75,38.7,38.75,343900,KOS
2024-12-05,38.75,38.75,38.6,38.6,334300,KOS
2024-12-06,38.6,38.65,38.6,38.65,310300,KOS
2024-12-09,38.65,38.75,38.65,38.7,391500,KOS
2024-12-10,38.7,39.0,38.7,38.75,366400,KOS
2024-12-11,38.75,38.85,38.6,38.6,376400,KOS
2024-12-12,38.6,38.65,38.6,38.65,309900,KOS
2024-12-13,38.65,38.65,38.55,38.6,286000,KOS
2024-12-16,38.6,38.65,38.6,38.6,356000,KOS
2024-12-17,38.6,38.7,38.6,38.65,376900,KOS
2024-12-18,38.65,38.7,38.55,38.65,354700,KOS
2024-12-19,38.8,38.8,38.5,38.55,302100,KOS
2024-12-20,38.7,38.7,38.4,38.4,287900,KOS
2024-12-23,38.4,38.4,38.1,38.4,367000,KOS
2024-12-24,38.4,38.4,37.9,38.25,260400,KOS
2024-12-25,38.25,38.3,38.2,38.3,366900,KOS
2024-12-26,38.3,38.4,38.3,38.35,376400,KOS
2024-12-27,38.35,38.35,38.2,38.35,279600,KOS
2024-12-30,38.35,38.45,38.35,38.4,356800,KOS
2024-12-31,38.6,38.6,38.3,38.45,351700,KOS
2025-01-02,38.45,38.6,38.45,38.55,356500,KOS
2025-01-03,38.55,38.65,38.45,38.55,351200,KOS
2025-01-06,38.8,38.8,38.5,38.55,365700,KOS
2025-01-07,38.9,38.9,38.55,38.6,355500,KOS
2025-01-08,38.65,38.7,38.5,38.6,316600,KOS
2025-01-09,38.8,38.8,38.0,38.6,316700,KOS
2025-01-10,38.65,38.7,38.6,38.65,322000,KOS
2025-01-13,38.7,38.8,38.65,38.75,360800,KOS
2025-01-14,38.9,38.9,38.75,38.8,364400,KOS
2025-01-15,38.8,38.9,38.8,38.85,374100,KOS
2025-01-16,38.85,38.95,38.85,38.9,376600,KOS
2025-01-17,38.9,38.95,38.9,38.9,371900,KOS
2025-01-20,38.9,39.0,38.9,38.95,363000,KOS
2025-01-21,38.95,39.0,38.95,39.0,298000,KOS
2025-01-22,39.0,39.05,39.0,39.0,306300,KOS
2025-01-23,39.0,39.0,39.0,39.0,292800,KOS
2025-01-24,39.0,39.05,39.0,39.05,297400,KOS
2025-02-03,39.05,39.1,39.05,39.1,297500,KOS
2025-02-04,39.1,39.15,39.1,39.15,297200,KOS
2025-02-05,39.15,39.2,39.15,39.2,358200,KOS
2025-02-06,39.2,39.2,39.2,39.2,324500,KOS
2025-02-07,39.2,39.25,39.2,39.25,350200,KOS
2025-02-10,39.25,39.6,39.2,39.4,428100,KOS
2025-02-11,39.4,39.5,39.4,39.5,381900,KOS
2025-02-12,39.5,39.5,39.4,39.4,384400,KOS
2025-02-13,39.4,39.4,39.3,39.3,382600,KOS
2025-02-14,39.3,39.4,39.3,39.35,376100,KOS
2025-02-17,39.35,39.45,39.35,39.4,359100,KOS
2025-02-18,39.45,39.45,39.3,39.35,366900,KOS
2025-02-19,39.35,39.35,39.1,39.25,310700,KOS
2025-02-20,39.25,39.35,39.25,39.3,364700,KOS
2025-02-21,39.3,39.35,39.3,39.35,301600,KOS
2025-02-24,39.35,39.35,39.35,39.35,281000,KOS
2025-02-25,39.35,39.35,39.35,39.35,327300,KOS
2025-02-26,39.35,39.35,39.35,39.35,320700,KOS
2025-02-27,39.35,39.4,39.35,39.4,322000,KOS
2025-02-28,39.4,39.45,39.4,39.45,369700,KOS
2025-03-03,39.45,39.45,39.35,39.4,365700,KOS
2025-03-04,39.4,39.45,39.3,39.35,388300,KOS
2025-03-05,39.35,39.4,39.35,39.4,332100,KOS
2025-03-06,39.4,39.5,39.4,39.45,322800,KOS
2025-03-07,39.45,39.55,39.45,39.5,343200,KOS
2025-03-10,39.5,39.55,39.45,39.45,312000,KOS
2025-03-11,39.45,39.45,39.0,39.0,454800,KOS
2025-03-12,39.0,39.0,38.65,38.65,353500,KOS
2025-03-13,38.7,38.75,38.6,38.65,1631300,KOS
2025-03-14,38.65,38.65,38.5,38.65,1027100,KOS
2024-09-04,26.63,26.88,26.41,26.41,2078375,LPB
2024-09-05,26.5,26.71,25.99,26.37,2614366,LPB
2024-09-06,26.33,26.71,26.33,26.59,1335238,LPB
2024-09-09,26.67,26.67,26.37,26.37,702757,LPB
2024-09-10,26.46,26.71,26.29,26.5,1280767,LPB
2024-09-11,26.5,26.54,26.2,26.37,899338,LPB
2024-09-12,26.54,26.59,26.29,26.29,814593,LPB
2024-09-13,26.29,26.46,26.07,26.07,674680,LPB
2024-09-16,26.07,26.37,25.86,25.86,1229605,LPB
2024-09-17,25.86,26.29,25.86,26.29,1004927,LPB
2024-09-18,26.46,26.46,26.07,26.2,1688000,LPB
2024-09-19,26.2,26.41,26.07,26.29,945020,LPB
2024-09-20,26.54,26.93,26.46,26.71,4282749,LPB
2024-09-23,26.76,27.14,26.67,26.88,2528996,LPB
2024-09-24,26.88,27.14,26.71,27.14,1879814,LPB
2024-09-25,27.48,27.48,27.1,27.23,4191448,LPB
2024-09-26,27.4,27.66,27.18,27.48,4220597,LPB
2024-09-27,27.48,27.87,27.23,27.57,3672875,LPB
2024-09-30,27.61,27.7,27.18,27.36,2210747,LPB
2024-10-01,27.36,27.4,27.01,27.14,3928029,LPB
2024-10-02,27.14,27.23,26.93,26.93,1392026,LPB
2024-10-03,26.93,27.36,26.76,26.84,2304928,LPB
2024-10-04,26.8,26.97,26.59,26.97,2571712,LPB
2024-10-07,27.27,27.4,27.1,27.18,1344683,LPB
2024-10-08,27.23,28.94,27.23,28.51,15970207,LPB
2024-10-09,28.68,28.85,28.55,28.77,1805439,LPB
2024-10-10,28.94,29.32,28.43,28.51,4583301,LPB
2024-10-11,28.51,28.68,28.08,28.13,2064604,LPB
2024-10-14,28.21,28.3,27.7,27.78,3363384,LPB
2024-10-15,27.87,28.04,27.57,27.57,1868395,LPB
2024-10-16,27.44,27.61,27.18,27.18,2762506,LPB
2024-10-17,27.23,27.48,27.14,27.48,1398270,LPB
2024-10-18,27.7,28.04,27.48,27.7,1691214,LPB
2024-10-21,27.74,27.83,27.48,27.57,1461400,LPB
2024-10-22,27.57,27.61,26.8,27.14,4140538,LPB
2024-10-23,27.27,27.4,27.06,27.27,1584672,LPB
2024-10-24,27.44,27.66,27.23,27.23,1329642,LPB
2024-10-25,27.31,27.53,27.14,27.48,1120648,LPB
2024-10-28,27.66,27.74,27.4,27.57,923581,LPB
2024-10-29,27.61,27.7,27.57,27.66,787078,LPB
2024-10-30,27.74,28.04,27.7,27.87,1330698,LPB
2024-10-31,27.91,28.21,27.83,28.21,1352214,LPB
2024-11-01,28.21,28.25,28.0,28.08,1565926,LPB
2024-11-04,28.08,28.25,27.66,27.7,1169964,LPB
2024-11-05,27.78,28.13,27.74,27.74,1234100,LPB
2024-11-06,28.08,28.08,27.7,27.87,493686,LPB
2024-11-07,27.87,28.08,27.83,27.91,885147,LPB
2024-11-08,27.95,27.95,27.48,27.57,1475349,LPB
2024-11-11,27.57,27.61,27.14,27.18,1547785,LPB
2024-11-12,27.4,27.61,27.01,27.14,1122057,LPB
2024-11-13,27.18,27.31,26.88,27.23,1167253,LPB
2024-11-14,27.36,27.4,26.84,26.88,958226,LPB
2024-11-15,26.88,27.01,26.5,26.93,1815371,LPB
2024-11-18,26.97,27.31,26.67,26.93,1492214,LPB
2024-11-19,26.93,27.06,26.71,26.8,595836,LPB
2024-11-20,26.88,27.06,26.63,27.01,1130388,LPB
2024-11-21,27.06,27.14,26.93,27.14,621125,LPB
2024-11-22,27.18,27.31,27.1,27.27,768196,LPB
2024-11-25,27.31,27.31,27.18,27.27,313881,LPB
2024-11-26,27.31,27.36,27.18,27.31,793393,LPB
2024-11-27,27.36,27.83,27.31,27.66,1138187,LPB
2024-11-28,27.83,28.04,27.4,27.4,1804266,LPB
2024-11-29,27.44,27.83,27.44,27.61,896191,LPB
2024-12-02,27.7,28.77,27.7,28.47,6923635,LPB
2024-12-03,28.55,29.28,28.55,29.07,4701124,LPB
2024-12-04,29.11,29.5,28.51,28.64,3126508,LPB
2024-12-05,28.73,29.15,28.64,28.85,2379259,LPB
2024-12-06,29.11,29.62,28.85,29.32,2746124,LPB
2024-12-09,29.54,29.62,29.15,29.24,1617245,LPB
2024-12-10,29.28,29.45,29.15,29.15,1093383,LPB
2024-12-11,29.2,29.45,28.73,28.77,1870827,LPB
2024-12-12,28.81,28.9,28.34,28.34,2415885,LPB
2024-12-13,28.43,28.64,28.17,28.38,1282293,LPB
2024-12-16,28.55,28.73,28.3,28.38,885016,LPB
2024-12-17,28.47,28.51,28.21,28.47,1037319,LPB
2024-12-18,28.51,28.94,28.51,28.85,2078473,LPB
2024-12-19,28.85,28.9,28.3,28.6,1535371,LPB
2024-12-20,28.6,28.73,28.3,28.6,972757,LPB
2024-12-23,28.77,28.81,28.47,28.68,1036169,LPB
2024-12-24,28.73,28.77,28.34,28.73,1255787,LPB
2024-12-25,28.77,29.62,28.73,29.32,4656288,LPB
2024-12-26,29.45,29.5,29.03,29.03,2061690,LPB
2024-12-27,29.3,31.0,29.2,31.0,9368621,LPB
2024-12-30,31.3,31.8,31.05,31.55,3352124,LPB
2024-12-31,31.55,31.65,31.2,31.25,2472496,LPB
2025-01-02,31.4,31.4,30.85,31.25,2570836,LPB
2025-01-03,31.3,31.3,30.3,30.4,4898969,LPB
2025-01-06,30.45,30.7,30.0,30.3,2192306,LPB
2025-01-07,30.35,31.0,30.25,30.7,1885377,LPB
2025-01-08,30.75,31.0,30.5,30.9,905741,LPB
2025-01-09,30.95,31.0,30.55,30.6,1025854,LPB
2025-01-10,30.65,30.65,30.05,30.2,1885900,LPB
2025-01-13,30.2,30.7,29.7,30.7,2608200,LPB
2025-01-14,30.7,31.35,30.7,30.85,1098100,LPB
2025-01-15,31.05,31.15,30.75,31.0,1015700,LPB
2025-01-16,31.2,31.8,31.15,31.45,1235200,LPB
2025-01-17,31.5,32.0,31.3,31.9,1839700,LPB
2025-01-20,31.9,32.2,31.65,31.65,1248700,LPB
2025-01-21,31.7,32.1,31.7,31.85,2017400,LPB
2025-01-22,31.95,33.45,31.95,33.4,6970600,LPB
2025-01-23,33.6,35.6,33.6,35.3,5486300,LPB
2025-01-24,35.35,36.1,35.25,35.85,14663700,LPB
2025-02-03,35.85,35.85,34.85,35.1,4007000,LPB
2025-02-04,35.8,35.8,34.65,35.1,2681400,LPB
2025-02-05,35.3,36.1,35.2,35.9,5870000,LPB
2025-02-06,36.0,36.75,35.9,36.5,3449500,LPB
2025-02-07,36.5,37.0,36.2,36.5,2457100,LPB
2025-02-10,36.4,36.8,35.95,36.55,2445900,LPB
2025-02-11,36.55,37.05,36.4,37.0,2458800,LPB
2025-02-12,37.05,37.9,37.05,37.35,2734300,LPB
2025-02-13,37.35,37.85,37.05,37.7,2520700,LPB
2025-02-14,38.3,38.3,37.2,37.5,2767900,LPB
2025-02-17,37.5,37.6,37.1,37.25,1586800,LPB
2025-02-18,37.45,37.45,36.5,36.6,3459500,LPB
2025-02-19,36.65,37.0,36.3,36.7,3508600,LPB
2025-02-20,36.7,37.0,36.25,36.3,3887500,LPB
2025-02-21,36.4,36.75,36.3,36.4,1524600,LPB
2025-02-24,36.35,36.95,36.15,36.8,4039400,LPB
2025-02-25,36.9,37.25,36.8,36.85,3525600,LPB
2025-02-26,37.1,37.2,36.6,36.9,2228700,LPB
2025-02-27,36.9,36.9,36.3,36.75,2381500,LPB
2025-02-28,36.65,36.7,36.05,36.15,2994600,LPB
2025-03-03,36.25,36.25,35.6,35.9,3778400,LPB
2025-03-04,35.75,35.8,35.15,35.5,5102600,LPB
2025-03-05,35.5,36.6,35.5,35.8,2318400,LPB
2025-03-06,36.05,36.05,35.5,35.55,1826200,LPB
2025-03-07,35.5,35.95,35.4,35.4,3123200,LPB
2025-03-10,35.4,35.85,34.8,34.8,4061000,LPB
2025-03-11,34.65,34.9,34.1,34.65,3771200,LPB
2025-03-12,34.65,35.35,34.25,35.3,2715700,LPB
2025-03-13,35.3,35.45,34.9,35.3,2545000,LPB
2025-03-14,35.4,35.4,34.95,34.95,1433200,LPB
2024-09-04,21.26,21.39,21.17,21.22,15157284,MBB
2024-09-05,21.22,21.48,20.78,20.83,16467650,MBB
2024-09-06,20.78,20.91,20.65,20.87,14688276,MBB
2024-09-09,20.78,20.83,20.65,20.83,7772171,MBB
2024-09-10,20.91,21.04,20.57,20.65,12390070,MBB
2024-09-11,20.65,20.91,20.44,20.78,9695952,MBB
2024-09-12,20.87,21.0,20.83,20.87,5632452,MBB
2024-09-13,20.91,20.91,20.74,20.78,4401090,MBB
2024-09-16,20.78,21.09,20.74,20.78,8425036,MBB
2024-09-17,20.87,21.09,20.7,21.09,8285140,MBB
2024-09-18,21.13,21.39,21.0,21.22,13562278,MBB
2024-09-19,21.26,21.35,21.17,21.22,6724783,MBB
2024-09-20,21.35,21.74,21.35,21.52,26339543,MBB
2024-09-23,21.57,22.09,21.57,21.57,18853787,MBB
2024-09-24,21.65,22.0,21.57,21.96,17594166,MBB
2024-09-25,22.09,22.52,22.04,22.39,32066193,MBB
2024-09-26,22.39,22.57,22.17,22.35,26494531,MBB
2024-09-27,22.35,22.74,22.26,22.35,18148227,MBB
2024-09-30,22.13,22.44,22.13,22.35,14411218,MBB
2024-10-01,22.39,22.74,22.31,22.31,18779071,MBB
2024-10-02,22.22,22.48,22.17,22.35,12825388,MBB
2024-10-03,22.31,22.7,22.09,22.17,21005327,MBB
2024-10-04,22.17,22.17,21.83,21.83,18609623,MBB
2024-10-07,22.0,22.09,21.74,21.91,10194444,MBB
2024-10-08,21.91,22.17,21.83,21.91,11974689,MBB
2024-10-09,22.0,22.31,21.96,22.26,14344549,MBB
2024-10-10,22.35,22.57,22.17,22.17,12334844,MBB
2024-10-11,22.17,22.26,22.04,22.22,6490091,MBB
2024-10-14,22.31,22.7,22.17,22.48,15582469,MBB
2024-10-15,22.57,22.7,22.31,22.31,15422072,MBB
2024-10-16,22.31,22.31,22.09,22.17,10835121,MBB
2024-10-17,22.22,22.52,22.04,22.52,11686763,MBB
2024-10-18,22.61,22.78,22.35,22.39,18488018,MBB
2024-10-21,22.39,22.52,22.22,22.22,9415810,MBB
2024-10-22,22.17,22.31,21.87,21.96,20335054,MBB
2024-10-23,21.96,22.04,21.87,21.96,11640358,MBB
2024-10-24,21.96,22.09,21.48,21.48,16254860,MBB
2024-10-25,21.57,21.57,21.35,21.44,10613821,MBB
2024-10-28,21.52,21.61,21.44,21.57,3876716,MBB
2024-10-29,21.65,21.83,21.61,21.74,5346978,MBB
2024-10-30,21.74,21.87,21.48,21.74,6325256,MBB
2024-10-31,21.74,21.91,21.57,21.78,6666646,MBB
2024-11-01,21.7,21.78,21.39,21.39,9321746,MBB
2024-11-04,21.48,21.52,21.22,21.26,11908780,MBB
2024-11-05,21.35,21.39,21.22,21.26,6500785,MBB
2024-11-06,21.44,21.65,21.31,21.61,6566597,MBB
2024-11-07,21.74,21.74,21.57,21.57,4726566,MBB
2024-11-08,21.61,21.65,21.22,21.35,7688921,MBB
2024-11-11,21.35,21.39,20.83,21.13,17150848,MBB
2024-11-12,21.13,21.17,20.96,20.96,8820046,MBB
2024-11-13,20.96,21.09,20.74,21.0,10667661,MBB
2024-11-14,20.96,20.96,20.7,20.7,8435438,MBB
2024-11-15,20.61,20.7,20.44,20.44,11793443,MBB
2024-11-18,20.44,20.57,20.09,20.35,15036473,MBB
2024-11-19,20.44,20.52,20.13,20.13,7586844,MBB
2024-11-20,20.13,20.61,20.13,20.48,9721576,MBB
2024-11-21,20.52,20.87,20.35,20.87,6584214,MBB
2024-11-22,20.83,21.04,20.78,20.87,7352281,MBB
2024-11-25,20.87,20.91,20.78,20.83,4812371,MBB
2024-11-26,20.91,21.04,20.87,20.96,4441114,MBB
2024-11-27,20.87,21.09,20.78,20.96,4077646,MBB
2024-11-28,21.04,21.09,20.87,20.87,6591212,MBB
2024-11-29,20.91,21.0,20.83,21.0,4342278,MBB
2024-12-02,21.04,21.13,20.91,21.0,4115214,MBB
2024-12-03,21.0,21.04,20.83,20.83,6582040,MBB
2024-12-04,20.78,20.87,20.7,20.74,6140161,MBB
2024-12-05,20.74,21.39,20.7,21.35,10565198,MBB
2024-12-06,21.39,21.39,21.17,21.17,6124512,MBB
2024-12-09,21.22,21.35,21.09,21.22,5853593,MBB
2024-12-10,21.22,21.31,21.09,21.09,5014521,MBB
2024-12-11,21.09,21.22,20.96,21.13,5628536,MBB
2024-12-12,21.22,21.35,21.13,21.13,5753660,MBB
2024-12-13,21.09,21.17,21.04,21.09,4399601,MBB
2024-12-16,21.09,21.17,20.87,20.96,5696522,MBB
2024-12-17,20.91,21.04,20.91,21.0,3871597,MBB
2024-12-18,21.0,21.04,20.91,21.04,3782528,MBB
2024-12-19,20.7,20.91,20.7,20.74,10461770,MBB
2024-12-20,20.74,20.87,20.7,20.87,4127031,MBB
2024-12-23,20.87,21.0,20.87,20.91,3295172,MBB
2024-12-24,20.91,20.91,20.74,20.78,3483647,MBB
2024-12-25,20.83,21.57,20.83,21.26,14826477,MBB
2024-12-26,21.31,21.65,21.26,21.65,19914942,MBB
2024-12-27,21.78,22.0,21.74,21.78,16712626,MBB
2024-12-30,21.87,21.87,21.57,21.57,11072609,MBB
2024-12-31,21.57,21.83,21.57,21.83,11247718,MBB
2025-01-02,21.87,22.13,21.78,21.91,12444481,MBB
2025-01-03,21.91,21.91,21.48,21.48,11046882,MBB
2025-01-06,21.48,21.65,21.22,21.22,14565302,MBB
2025-01-07,21.7,21.7,21.2,21.65,11823684,MBB
2025-01-08,21.45,21.7,21.45,21.6,6544011,MBB
2025-01-09,21.6,21.7,21.45,21.5,4376913,MBB
2025-01-10,21.45,21.5,21.15,21.15,8697452,MBB
2025-01-13,21.15,21.5,20.95,21.5,7881659,MBB
2025-01-14,21.4,21.5,21.15,21.3,5746837,MBB
2025-01-15,21.45,21.5,21.3,21.35,4732416,MBB
2025-01-16,21.5,21.6,21.35,21.4,7336121,MBB
2025-01-17,21.5,21.5,21.35,21.5,4488697,MBB
2025-01-20,21.5,21.95,21.5,21.85,8238800,MBB
2025-01-21,21.95,22.05,21.75,21.85,6770200,MBB
2025-01-22,21.95,21.95,21.75,21.8,5961800,MBB
2025-01-23,21.9,22.25,21.8,22.2,13735100,MBB
2025-01-24,22.05,22.45,22.05,22.4,9798300,MBB
2025-02-03,22.05,22.25,21.95,22.05,9087900,MBB
2025-02-04,22.2,22.6,22.1,22.45,11057300,MBB
2025-02-05,22.5,22.55,22.3,22.5,7229500,MBB
2025-02-06,22.55,22.95,22.55,22.6,10756200,MBB
2025-02-07,22.7,23.0,22.4,22.75,14192900,MBB
2025-02-10,22.7,23.25,22.45,22.9,19336200,MBB
2025-02-11,23.0,23.0,22.85,23.0,7739300,MBB
2025-02-12,23.0,23.05,22.7,22.7,7185700,MBB
2025-02-13,22.85,22.9,22.6,22.9,7458100,MBB
2025-02-14,23.0,23.0,22.8,22.85,8160100,MBB
2025-02-17,22.9,22.9,22.6,22.65,8679000,MBB
2025-02-18,22.65,22.95,22.6,22.7,10082500,MBB
2025-02-19,22.8,22.95,22.7,22.85,9166500,MBB
2025-02-20,23.0,23.0,22.85,22.85,10831800,MBB
2025-02-21,22.9,23.15,22.8,22.9,20513900,MBB
2025-02-24,22.8,23.05,22.8,23.0,13460200,MBB
2025-02-25,23.05,23.55,23.05,23.4,37696200,MBB
2025-02-26,23.5,23.55,23.2,23.2,8376800,MBB
2025-02-27,23.2,23.25,22.95,23.2,12766600,MBB
2025-02-28,23.1,23.15,22.95,23.0,11052800,MBB
2025-03-03,23.0,23.1,22.95,23.1,9195600,MBB
2025-03-04,23.05,23.6,22.85,23.4,21367000,MBB
2025-03-05,23.4,24.1,23.3,23.55,30355700,MBB
2025-03-06,23.7,24.1,23.5,24.1,25919100,MBB
2025-03-07,24.25,24.9,24.1,24.5,47416100,MBB
2025-03-10,24.75,24.9,24.45,24.5,19419600,MBB
2025-03-11,24.2,24.8,24.15,24.8,26519300,MBB
2025-03-12,24.9,25.0,24.6,24.6,30957600,MBB
2025-03-13,24.65,24.7,24.2,24.3,23064100,MBB
2025-03-14,24.25,24.45,24.15,24.3,19724000,MBB
2024-09-04,11.5,11.5,11.35,11.35,4721977,MSB
2024-09-05,11.4,11.5,11.3,11.35,3858422,MSB
2024-09-06,11.3,11.4,11.2,11.4,3951051,MSB
2024-09-09,11.3,11.4,11.25,11.4,1913969,MSB
2024-09-10,11.35,11.4,11.25,11.35,2800692,MSB
2024-09-11,11.3,11.35,11.15,11.3,3466300,MSB
2024-09-12,11.35,11.4,11.25,11.35,1668200,MSB
2024-09-13,11.35,11.5,11.25,11.4,4714700,MSB
2024-09-16,11.4,11.45,11.25,11.4,1900000,MSB
2024-09-17,11.35,11.45,11.25,11.45,1824100,MSB
2024-09-18,11.45,11.5,11.35,11.4,3237000,MSB
2024-09-19,11.4,11.5,11.35,11.5,2542500,MSB
2024-09-20,11.6,11.7,11.5,11.55,6842800,MSB
2024-09-23,11.55,11.65,11.45,11.45,3195900,MSB
2024-09-24,11.45,11.6,11.4,11.6,4539100,MSB
2024-09-25,11.65,12.1,11.6,11.95,22353300,MSB
2024-09-26,11.95,12.75,11.95,12.6,36403300,MSB
2024-09-27,12.75,12.75,12.45,12.6,12526900,MSB
2024-09-30,12.6,13.15,12.55,13.05,24823700,MSB
2024-10-01,13.05,13.1,12.9,13.0,12957800,MSB
2024-10-02,12.85,13.05,12.85,13.05,13510800,MSB
2024-10-03,13.05,13.35,12.8,12.85,23996700,MSB
2024-10-04,12.9,12.9,12.65,12.65,13367900,MSB
2024-10-07,12.7,13.0,12.6,13.0,14566000,MSB
2024-10-08,13.05,13.2,12.8,12.8,14023400,MSB
2024-10-09,12.8,12.95,12.75,12.9,10751000,MSB
2024-10-10,13.0,13.1,12.7,12.7,21014000,MSB
2024-10-11,12.7,12.75,12.6,12.7,8905800,MSB
2024-10-14,12.8,12.85,12.55,12.7,10907600,MSB
2024-10-15,12.8,12.95,12.65,12.75,11328900,MSB
2024-10-16,12.65,12.7,12.55,12.7,11599900,MSB
2024-10-17,12.7,13.2,12.6,13.2,23891900,MSB
2024-10-18,13.15,13.2,12.95,13.05,25467600,MSB
2024-10-21,12.95,13.0,12.8,12.8,12533600,MSB
2024-10-22,12.8,13.1,12.6,12.75,19818500,MSB
2024-10-23,12.75,12.95,12.6,12.85,11897500,MSB
2024-10-24,12.85,12.9,12.35,12.35,16337500,MSB
2024-10-25,12.4,12.45,12.1,12.25,16566300,MSB
2024-10-28,12.3,12.35,12.2,12.35,6033400,MSB
2024-10-29,12.35,12.45,12.3,12.35,5992800,MSB
2024-10-30,12.35,12.35,12.1,12.25,11969000,MSB
2024-10-31,12.15,12.4,12.1,12.35,10304000,MSB
2024-11-01,12.25,12.3,12.05,12.05,9673300,MSB
2024-11-04,12.05,12.05,11.7,11.75,15181800,MSB
2024-11-05,11.75,11.9,11.75,11.8,5819900,MSB
2024-11-06,11.85,12.1,11.85,12.05,8656200,MSB
2024-11-07,12.1,12.1,11.95,11.95,6113900,MSB
2024-11-08,12.0,12.05,11.8,12.0,6527800,MSB
2024-11-11,11.95,11.95,11.6,11.65,15842100,MSB
2024-11-12,11.65,11.75,11.6,11.7,6875200,MSB
2024-11-13,11.6,11.7,11.45,11.7,9990700,MSB
2024-11-14,11.7,11.7,11.4,11.6,7200500,MSB
2024-11-15,11.5,11.55,11.3,11.3,8751500,MSB
2024-11-18,11.3,11.55,11.15,11.3,7189400,MSB
2024-11-19,11.35,11.4,11.2,11.2,3964500,MSB
2024-11-20,11.15,11.45,11.1,11.3,6382300,MSB
2024-11-21,11.3,11.5,11.3,11.5,5046600,MSB
2024-11-22,11.5,11.55,11.35,11.45,7392500,MSB
2024-11-25,11.45,11.45,11.3,11.4,4338900,MSB
2024-11-26,11.4,11.55,11.4,11.4,6410200,MSB
2024-11-27,11.4,11.45,11.35,11.35,4028400,MSB
2024-11-28,11.4,11.55,11.35,11.4,4404000,MSB
2024-11-29,11.4,11.5,11.35,11.5,4948500,MSB
2024-12-02,11.55,11.6,11.4,11.5,4031000,MSB
2024-12-03,11.5,11.5,11.4,11.4,3450700,MSB
2024-12-04,11.4,11.4,11.25,11.25,5761100,MSB
2024-12-05,11.3,11.65,11.2,11.6,8270600,MSB
2024-12-06,11.6,11.65,11.5,11.55,5771100,MSB
2024-12-09,11.55,11.65,11.5,11.6,6293300,MSB
2024-12-10,11.6,11.7,11.45,11.5,4796200,MSB
2024-12-11,11.5,11.6,11.45,11.55,6526900,MSB
2024-12-12,11.55,11.7,11.55,11.55,4539400,MSB
2024-12-13,11.55,11.6,11.45,11.55,5467700,MSB
2024-12-16,11.55,11.65,11.45,11.55,3094700,MSB
2024-12-17,11.55,11.6,11.45,11.45,3399900,MSB
2024-12-18,11.5,11.5,11.4,11.5,4529200,MSB
2024-12-19,11.4,11.45,11.25,11.3,8925300,MSB
2024-12-20,11.3,11.35,11.25,11.3,2271100,MSB
2024-12-23,11.35,11.4,11.3,11.35,2692800,MSB
2024-12-24,11.35,11.35,11.25,11.35,3571700,MSB
2024-12-25,11.3,11.7,11.3,11.5,10305100,MSB
2024-12-26,11.5,11.6,11.45,11.55,3702800,MSB
2024-12-27,11.55,11.9,11.55,11.7,11468400,MSB
2024-12-30,11.75,11.75,11.55,11.7,3579100,MSB
2024-12-31,11.7,11.7,11.55,11.65,3878400,MSB
2025-01-02,11.6,11.65,11.5,11.55,2622300,MSB
2025-01-03,11.5,11.55,11.3,11.3,6481700,MSB
2025-01-06,11.3,11.4,11.1,11.2,5701500,MSB
2025-01-07,11.2,11.3,11.1,11.1,4769900,MSB
2025-01-08,11.1,11.2,11.05,11.2,2659100,MSB
2025-01-09,11.2,11.2,11.05,11.1,2811600,MSB
2025-01-10,11.05,11.1,10.85,10.85,8297000,MSB
2025-01-13,10.85,10.85,10.7,10.85,5140600,MSB
2025-01-14,10.85,10.9,10.75,10.75,1764000,MSB
2025-01-15,10.8,10.9,10.75,10.9,2927800,MSB
2025-01-16,10.9,11.0,10.85,10.85,3132800,MSB
2025-01-17,10.9,10.95,10.8,10.9,3067200,MSB
2025-01-20,10.95,11.05,10.95,11.0,2331600,MSB
2025-01-21,11.0,11.1,10.9,10.95,2740400,MSB
2025-01-22,10.95,11.0,10.85,10.85,3159400,MSB
2025-01-23,10.9,11.05,10.85,11.05,5173700,MSB
2025-01-24,11.05,11.15,11.0,11.15,2670700,MSB
2025-02-03,11.25,11.3,11.15,11.15,6121400,MSB
2025-02-04,11.2,11.35,11.15,11.25,5557500,MSB
2025-02-05,11.25,11.35,11.25,11.35,5751900,MSB
2025-02-06,11.4,11.45,11.25,11.35,5921600,MSB
2025-02-07,11.35,11.45,11.25,11.35,7003300,MSB
2025-02-10,11.3,11.4,11.25,11.3,5982500,MSB
2025-02-11,11.35,11.55,11.25,11.4,11251200,MSB
2025-02-12,11.45,11.55,11.35,11.4,5647700,MSB
2025-02-13,11.4,11.4,11.3,11.35,4011500,MSB
2025-02-14,11.4,11.5,11.3,11.4,6692300,MSB
2025-02-17,11.45,11.5,11.35,11.4,5754600,MSB
2025-02-18,11.4,11.6,11.4,11.45,7391100,MSB
2025-02-19,11.45,11.55,11.4,11.5,7068900,MSB
2025-02-20,11.55,11.6,11.5,11.55,4632900,MSB
2025-02-21,11.55,11.6,11.45,11.55,6494300,MSB
2025-02-24,11.5,11.65,11.5,11.55,5029800,MSB
2025-02-25,11.6,11.65,11.5,11.55,6873800,MSB
2025-02-26,11.55,11.6,11.4,11.45,7633300,MSB
2025-02-27,11.45,11.5,11.3,11.4,7381000,MSB
2025-02-28,11.4,11.4,11.3,11.35,5946000,MSB
2025-03-03,11.35,11.4,11.3,11.35,4777400,MSB
2025-03-04,11.35,11.45,11.25,11.4,7666400,MSB
2025-03-05,11.4,11.55,11.3,11.3,8374800,MSB
2025-03-06,11.35,11.45,11.3,11.45,5446400,MSB
2025-03-07,11.5,11.9,11.45,11.85,27765700,MSB
2025-03-10,11.95,11.95,11.7,11.8,9706500,MSB
2025-03-11,11.7,11.75,11.6,11.75,9251000,MSB
2025-03-12,11.8,11.85,11.6,11.65,8618700,MSB
2025-03-13,11.65,11.65,11.4,11.4,11120800,MSB
2025-03-14,11.4,11.7,11.35,11.6,9775900,MSB
2024-09-04,75.3,76.0,75.2,75.3,4905100,MSN
2024-09-05,75.2,75.9,74.1,74.1,5019900,MSN
2024-09-06,74.2,76.0,74.0,76.0,4443500,MSN
2024-09-09,75.8,75.9,75.1,75.4,3747400,MSN
2024-09-10,75.5,77.0,75.2,75.2,5918100,MSN
2024-09-11,75.2,75.7,74.8,75.1,2637200,MSN
2024-09-12,75.6,75.8,74.9,75.1,1664500,MSN
2024-09-13,75.1,75.4,74.2,74.2,2857800,MSN
2024-09-16,74.2,74.6,72.8,72.9,5065500,MSN
2024-09-17,73.0,74.5,72.8,74.5,2785100,MSN
2024-09-18,74.7,75.3,74.4,74.4,2719900,MSN
2024-09-19,74.5,74.8,74.0,74.4,2663300,MSN
2024-09-20,75.0,75.7,74.6,74.7,4014300,MSN
2024-09-23,74.7,75.3,74.4,74.4,1836800,MSN
2024-09-24,74.4,74.8,74.0,74.8,3044400,MSN
2024-09-25,75.1,75.8,75.1,75.5,5135300,MSN
2024-09-26,75.8,76.4,75.7,76.1,4617400,MSN
2024-09-27,76.3,76.4,75.2,75.9,3725200,MSN
2024-09-30,75.9,76.6,75.6,75.7,3473400,MSN
2024-10-01,75.8,77.4,75.8,76.6,6912000,MSN
2024-10-02,76.3,76.5,76.0,76.0,2345800,MSN
2024-10-03,76.0,77.3,76.0,76.0,7165200,MSN
2024-10-04,76.0,76.4,75.5,75.6,3189400,MSN
2024-10-07,76.0,76.3,74.5,74.8,4123200,MSN
2024-10-08,75.0,75.4,74.6,75.2,2771300,MSN
2024-10-09,75.3,77.1,75.1,77.0,8346300,MSN
2024-10-10,78.0,80.5,77.9,80.0,19870800,MSN
2024-10-11,80.2,81.1,79.5,81.1,6900400,MSN
2024-10-14,82.0,82.1,80.1,80.3,5907400,MSN
2024-10-15,80.3,81.5,80.2,80.8,6647800,MSN
2024-10-16,80.8,82.3,80.0,80.4,8065600,MSN
2024-10-17,80.6,81.0,79.3,81.0,5878300,MSN
2024-10-18,81.3,81.4,80.3,80.4,5100500,MSN
2024-10-21,80.1,81.2,79.7,80.2,5181300,MSN
2024-10-22,80.0,80.4,78.5,78.9,7311400,MSN
2024-10-23,79.0,80.1,78.3,79.4,4189400,MSN
2024-10-24,79.5,80.6,78.5,78.5,5506000,MSN
2024-10-25,79.1,79.3,77.2,77.2,10132900,MSN
2024-10-28,77.2,77.9,76.3,77.9,5735500,MSN
2024-10-29,78.1,78.2,77.3,78.0,3292200,MSN
2024-10-30,78.0,78.1,76.8,78.1,5638600,MSN
2024-10-31,77.3,77.4,76.0,76.6,8540200,MSN
2024-11-01,76.1,76.4,74.2,74.5,13047900,MSN
2024-11-04,74.5,74.7,73.1,73.2,8323700,MSN
2024-11-05,73.2,73.7,73.0,73.1,4967700,MSN
2024-11-06,73.5,74.4,73.3,74.2,6268000,MSN
2024-11-07,74.3,74.4,73.3,73.3,4433800,MSN
2024-11-08,73.3,73.6,72.2,72.3,7811800,MSN
2024-11-11,72.3,73.7,71.3,73.5,8239800,MSN
2024-11-12,73.5,73.9,72.4,72.5,3990400,MSN
2024-11-13,72.3,73.1,71.9,73.0,4122600,MSN
2024-11-14,72.6,73.2,71.4,71.4,4521100,MSN
2024-11-15,71.1,71.7,70.6,70.6,5685500,MSN
2024-11-18,70.6,71.1,69.3,70.3,5225100,MSN
2024-11-19,70.6,71.4,70.0,70.0,3920200,MSN
2024-11-20,69.9,70.9,69.1,70.3,3919900,MSN
2024-11-21,70.5,71.5,70.1,71.3,3799900,MSN
2024-11-22,71.3,71.6,70.8,71.0,3658600,MSN
2024-11-25,71.2,72.5,71.0,72.2,4915500,MSN
2024-11-26,72.3,73.1,72.1,72.7,4756300,MSN
2024-11-27,72.5,72.9,72.4,72.7,2239300,MSN
2024-11-28,72.9,73.0,72.2,72.4,3106100,MSN
2024-11-29,72.5,73.6,72.2,73.2,4424300,MSN
2024-12-02,73.2,73.5,72.5,72.6,2724700,MSN
2024-12-03,72.4,73.0,72.4,72.7,2928400,MSN
2024-12-04,72.5,72.5,71.4,72.1,4106400,MSN
2024-12-05,71.9,73.7,71.8,73.7,5390800,MSN
2024-12-06,74.1,74.2,73.2,73.4,5635400,MSN
2024-12-09,73.4,73.6,73.1,73.2,2810900,MSN
2024-12-10,73.0,73.3,72.7,72.7,2512300,MSN
2024-12-11,73.0,73.7,72.2,72.7,2857600,MSN
2024-12-12,72.5,72.7,72.1,72.1,2674500,MSN
2024-12-13,72.0,72.0,71.0,71.1,3536600,MSN
2024-12-16,71.2,71.7,70.9,71.1,2462600,MSN
2024-12-17,71.0,71.3,71.0,71.0,1652300,MSN
2024-12-18,71.1,71.4,71.0,71.4,2486900,MSN
2024-12-19,71.0,71.2,70.3,70.4,3513100,MSN
2024-12-20,70.5,70.6,70.0,70.3,2753800,MSN
2024-12-23,70.9,71.0,70.3,70.3,1755400,MSN
2024-12-24,70.4,70.6,69.9,70.2,3833400,MSN
2024-12-25,70.2,71.2,70.2,70.7,3713100,MSN
2024-12-26,71.1,71.3,70.5,70.5,2134200,MSN
2024-12-27,70.5,71.1,70.4,70.4,2398100,MSN
2024-12-30,70.3,70.8,70.0,70.1,1654300,MSN
2024-12-31,70.2,70.8,70.0,70.0,2800400,MSN
2025-01-02,70.1,70.9,70.0,70.8,2326400,MSN
2025-01-03,70.8,70.8,69.6,69.7,2679200,MSN
2025-01-06,69.8,70.2,67.2,67.2,5156900,MSN
2025-01-07,67.3,68.2,66.5,66.8,5735600,MSN
2025-01-08,66.9,68.0,66.6,67.7,2812900,MSN
2025-01-09,67.8,68.1,66.8,67.3,1886700,MSN
2025-01-10,67.3,67.4,65.5,65.5,2905200,MSN
2025-01-13,65.4,65.5,64.4,65.0,3672000,MSN
2025-01-14,65.0,65.3,63.7,63.7,3586600,MSN
2025-01-15,64.5,66.4,64.0,65.8,4159100,MSN
2025-01-16,66.5,66.5,65.3,66.3,2458700,MSN
2025-01-17,66.3,66.4,65.7,65.9,1689700,MSN
2025-01-20,66.0,66.3,65.5,65.5,1814200,MSN
2025-01-21,65.6,66.4,65.4,65.7,2258500,MSN
2025-01-22,65.8,66.2,65.2,65.2,2338800,MSN
2025-01-23,65.3,66.1,65.2,65.4,3685200,MSN
2025-01-24,65.5,68.0,65.4,68.0,6680300,MSN
2025-02-03,67.8,68.4,67.0,68.0,4360300,MSN
2025-02-04,68.1,68.8,68.1,68.6,3948000,MSN
2025-02-05,68.7,68.7,67.3,67.5,4852700,MSN
2025-02-06,67.5,68.1,67.2,67.4,2799000,MSN
2025-02-07,67.7,68.0,67.2,67.7,2265600,MSN
2025-02-10,67.8,69.7,67.8,68.8,6909800,MSN
2025-02-11,68.8,68.9,68.1,68.7,2435600,MSN
2025-02-12,68.7,69.1,68.3,69.0,2088500,MSN
2025-02-13,68.8,69.0,68.3,68.9,1824000,MSN
2025-02-14,69.2,69.4,67.8,68.1,2983400,MSN
2025-02-17,68.1,68.4,66.2,66.4,5693000,MSN
2025-02-18,66.4,67.2,66.0,66.4,2602400,MSN
2025-02-19,66.6,67.7,66.6,67.7,3261800,MSN
2025-02-20,68.0,68.0,67.5,68.0,2935400,MSN
2025-02-21,68.0,68.0,67.2,67.6,2315500,MSN
2025-02-24,67.2,67.7,66.8,67.6,3245600,MSN
2025-02-25,67.8,68.9,67.8,68.4,5119200,MSN
2025-02-26,68.4,68.6,68.0,68.3,2082800,MSN
2025-02-27,68.5,69.3,68.2,68.4,4565500,MSN
2025-02-28,68.4,68.5,67.5,67.7,3925400,MSN
2025-03-03,67.8,68.4,67.7,68.0,2758100,MSN
2025-03-04,68.0,69.1,67.4,69.1,5946400,MSN
2025-03-05,69.3,70.2,68.2,68.2,6222600,MSN
2025-03-06,68.4,69.2,68.2,69.2,4342500,MSN
2025-03-07,69.2,70.0,68.4,69.0,4410100,MSN
2025-03-10,69.0,69.9,68.7,68.9,5117800,MSN
2025-03-11,68.2,68.9,68.1,68.9,4533500,MSN
2025-03-12,68.9,69.7,68.7,68.7,4987800,MSN
2025-03-13,68.7,71.2,68.7,70.4,11573600,MSN
2025-03-14,70.5,71.9,70.4,71.1,7301100,MSN
2024-09-04,68.7,69.7,68.2,69.1,4462400,MWG
2024-09-05,68.8,68.9,67.6,67.9,8478300,MWG
2024-09-06,67.6,68.0,66.8,68.0,8345500,MWG
2024-09-09,67.7,68.0,67.2,67.5,3677000,MWG
2024-09-10,67.5,68.7,67.5,67.8,6456200,MWG
2024-09-11,67.8,67.9,67.1,67.8,6804000,MWG
2024-09-12,68.0,68.0,67.2,67.5,3872500,MWG
2024-09-13,67.2,67.5,66.5,67.2,7126500,MWG
2024-09-16,66.9,67.0,66.0,66.1,5295500,MWG
2024-09-17,66.2,66.8,65.5,66.8,8761200,MWG
2024-09-18,66.9,68.6,66.8,68.2,10676700,MWG
2024-09-19,68.5,68.5,67.7,68.2,5280600,MWG
2024-09-20,68.6,68.7,68.0,68.0,5016600,MWG
2024-09-23,68.0,68.0,66.8,67.3,5047700,MWG
2024-09-24,67.5,68.8,67.5,68.1,6640500,MWG
2024-09-25,68.5,68.7,68.0,68.7,5446300,MWG
2024-09-26,68.8,69.5,68.3,68.3,7182600,MWG
2024-09-27,68.6,68.6,66.8,67.5,13131500,MWG
2024-09-30,67.5,68.1,66.9,68.1,5927100,MWG
2024-10-01,68.3,68.7,67.8,67.8,9995700,MWG
2024-10-02,67.5,67.9,67.0,67.4,7157400,MWG
2024-10-03,67.4,67.4,65.8,66.3,14743000,MWG
2024-10-04,66.5,66.8,66.2,66.4,5272300,MWG
2024-10-07,66.7,67.1,65.9,66.3,5548200,MWG
2024-10-08,66.7,66.7,65.0,65.2,11008100,MWG
2024-10-09,65.0,65.3,63.6,64.2,20847000,MWG
2024-10-10,64.5,65.4,64.1,65.0,8668600,MWG
2024-10-11,65.0,65.3,63.5,64.5,10009100,MWG
2024-10-14,64.9,65.0,63.6,63.6,8405400,MWG
2024-10-15,63.9,64.8,63.7,64.4,12469800,MWG
2024-10-16,64.4,65.7,64.3,65.5,13710200,MWG
2024-10-17,65.8,65.8,65.2,65.8,6628300,MWG
2024-10-18,65.9,66.1,65.2,65.7,6162200,MWG
2024-10-21,65.3,66.0,64.9,65.8,4333000,MWG
2024-10-22,66.3,66.8,65.5,66.3,9781100,MWG
2024-10-23,66.1,66.3,65.1,65.7,6100300,MWG
2024-10-24,65.4,66.0,64.9,65.4,4641700,MWG
2024-10-25,65.4,66.0,65.0,65.5,4951300,MWG
2024-10-28,65.5,65.6,64.9,65.5,3958700,MWG
2024-10-29,65.6,66.5,65.4,66.5,9538500,MWG
2024-10-30,66.5,66.5,65.7,66.0,8927400,MWG
2024-10-31,66.0,66.5,65.6,66.5,6146200,MWG
2024-11-01,65.9,66.1,65.5,66.0,21332900,MWG
2024-11-04,65.9,65.9,64.7,65.1,9363400,MWG
2024-11-05,64.9,65.6,64.8,65.6,5272300,MWG
2024-11-06,65.7,65.7,65.0,65.6,5415900,MWG
2024-11-07,65.8,65.8,64.8,65.4,5244200,MWG
2024-11-08,65.4,65.4,64.5,65.0,4698600,MWG
2024-11-11,64.5,65.0,62.9,63.0,9390500,MWG
2024-11-12,63.1,63.2,60.8,60.8,10600700,MWG
2024-11-13,60.8,62.3,60.3,61.9,7232500,MWG
2024-11-14,61.5,61.6,60.7,61.3,4481400,MWG
2024-11-15,60.8,61.1,59.8,59.9,6648600,MWG
2024-11-18,59.9,59.9,57.1,58.9,12080100,MWG
2024-11-19,59.0,59.0,57.5,57.5,5338500,MWG
2024-11-20,57.2,58.1,56.0,56.8,9752900,MWG
2024-11-21,57.0,58.9,56.5,58.7,8166800,MWG
2024-11-22,58.7,59.4,58.4,59.0,5804700,MWG
2024-11-25,58.8,59.3,58.6,59.0,4568500,MWG
2024-11-26,59.3,60.1,59.0,60.0,4370400,MWG
2024-11-27,59.9,60.9,59.5,60.2,4937400,MWG
2024-11-28,60.3,60.6,59.7,60.0,3774500,MWG
2024-11-29,60.0,60.5,58.9,60.5,5587400,MWG
2024-12-02,60.7,60.7,59.9,60.4,2789900,MWG
2024-12-03,60.1,60.3,59.6,59.8,4019600,MWG
2024-12-04,59.4,59.8,58.0,58.1,8857200,MWG
2024-12-05,58.4,61.2,58.1,61.0,8615300,MWG
2024-12-06,60.8,61.9,60.5,61.1,7825300,MWG
2024-12-09,61.6,61.6,60.8,61.1,4410300,MWG
2024-12-10,61.1,61.2,60.5,60.8,4226800,MWG
2024-12-11,60.7,60.8,59.9,60.0,4821400,MWG
2024-12-12,60.3,60.5,59.9,60.0,3772900,MWG
2024-12-13,59.8,61.3,59.6,61.0,5596800,MWG
2024-12-16,61.0,61.4,60.2,61.0,3621300,MWG
2024-12-17,61.0,61.0,60.2,60.3,3676200,MWG
2024-12-18,60.2,60.5,59.9,60.2,4076200,MWG
2024-12-19,59.8,59.9,59.4,59.8,7103100,MWG
2024-12-20,60.0,60.8,59.6,60.6,3751400,MWG
2024-12-23,60.6,61.1,60.5,61.0,5538600,MWG
2024-12-24,61.2,61.3,60.7,61.3,3062600,MWG
2024-12-25,61.3,62.3,61.3,62.2,6300500,MWG
2024-12-26,62.4,62.4,60.5,61.5,6554700,MWG
2024-12-27,60.6,61.6,60.4,61.4,6947200,MWG
2024-12-30,60.5,61.2,60.5,61.0,4178100,MWG
2024-12-31,60.9,61.0,60.5,61.0,4520300,MWG
2025-01-02,60.9,61.2,60.3,60.6,3969400,MWG
2025-01-03,60.6,60.7,58.6,58.6,6604400,MWG
2025-01-06,58.4,59.3,57.0,57.0,5409900,MWG
2025-01-07,57.3,57.8,56.4,57.1,5532900,MWG
2025-01-08,57.1,58.1,56.5,58.1,3068200,MWG
2025-01-09,58.0,58.0,57.5,57.7,1738300,MWG
2025-01-10,57.5,58.0,56.9,57.5,3594100,MWG
2025-01-13,56.6,57.7,56.5,57.3,3791900,MWG
2025-01-14,57.3,57.5,56.6,57.2,2917600,MWG
2025-01-15,57.4,57.9,56.8,57.3,3242300,MWG
2025-01-16,57.2,58.0,57.0,57.8,3794300,MWG
2025-01-17,57.3,57.8,57.2,57.7,2697800,MWG
2025-01-20,57.7,57.9,57.3,57.5,2216200,MWG
2025-01-21,57.7,58.2,57.2,57.7,3419600,MWG
2025-01-22,57.9,58.0,57.4,57.4,3103000,MWG
2025-01-23,57.3,59.5,57.3,59.2,5657500,MWG
2025-01-24,59.2,60.1,58.6,60.1,6757300,MWG
2025-02-03,59.0,59.6,58.5,59.6,5157500,MWG
2025-02-04,59.9,59.9,59.0,59.6,3638100,MWG
2025-02-05,59.6,59.8,59.1,59.4,2780100,MWG
2025-02-06,59.5,59.6,58.7,59.1,4148800,MWG
2025-02-07,58.9,59.0,57.8,58.9,6955900,MWG
2025-02-10,58.3,58.3,57.4,57.4,5927400,MWG
2025-02-11,57.4,57.4,56.4,56.4,5986000,MWG
2025-02-12,56.8,57.3,56.4,56.4,4848400,MWG
2025-02-13,56.0,56.0,54.8,54.8,11353700,MWG
2025-02-14,55.1,55.3,53.8,55.2,11169000,MWG
2025-02-17,55.2,55.2,54.1,54.1,5933200,MWG
2025-02-18,54.0,55.0,53.8,54.5,4497600,MWG
2025-02-19,54.7,56.1,54.4,55.8,7547500,MWG
2025-02-20,55.9,56.7,55.7,56.7,6194500,MWG
2025-02-21,56.8,58.3,56.6,58.1,10123600,MWG
2025-02-24,58.1,58.5,57.3,58.4,6243200,MWG
2025-02-25,58.1,58.4,57.4,58.3,7929200,MWG
2025-02-26,58.3,59.1,57.8,58.7,4977600,MWG
2025-02-27,58.7,58.8,58.2,58.6,3222900,MWG
2025-02-28,58.0,58.7,57.8,58.3,5283200,MWG
2025-03-03,58.2,59.1,57.8,58.8,5938000,MWG
2025-03-04,58.7,59.9,58.4,59.5,6414100,MWG
2025-03-05,59.8,60.2,59.3,59.6,7188800,MWG
2025-03-06,59.8,61.9,59.6,61.9,13451900,MWG
2025-03-07,61.8,62.0,61.3,61.9,5404100,MWG
2025-03-10,62.0,62.3,61.4,62.2,8125200,MWG
2025-03-11,61.4,63.2,61.4,63.0,9576900,MWG
2025-03-12,63.0,63.0,61.9,62.7,8817600,MWG
2025-03-13,62.7,62.8,61.2,61.5,7327800,MWG
2025-03-14,61.5,62.3,61.2,61.5,8759800,MWG
2024-09-04,16.3,16.5,16.1,16.3,2337300,NAB
2024-09-05,16.3,16.3,15.95,16.15,1626600,NAB
2024-09-06,16.0,16.25,15.1,16.2,3143900,NAB
2024-09-09,16.0,16.75,16.0,16.5,2848300,NAB
2024-09-10,16.45,16.65,16.25,16.3,1095500,NAB
2024-09-11,16.3,16.45,16.15,16.3,2026100,NAB
2024-09-12,16.3,16.45,16.2,16.25,1150400,NAB
2024-09-13,16.3,16.65,16.25,16.5,2363400,NAB
2024-09-16,16.45,17.55,16.45,17.5,7488900,NAB
2024-09-17,17.5,17.75,17.45,17.6,3044500,NAB
2024-09-18,17.6,17.6,17.15,17.4,3737800,NAB
2024-09-19,17.4,17.75,17.35,17.5,2126500,NAB
2024-09-20,17.6,17.75,16.85,16.85,6641200,NAB
2024-09-23,16.85,17.1,16.5,16.8,5084100,NAB
2024-09-24,16.75,17.5,16.65,17.5,4954700,NAB
2024-09-25,17.45,17.55,16.95,17.1,3120100,NAB
2024-09-26,16.9,17.2,16.7,16.95,3785600,NAB
2024-09-27,16.9,17.25,16.75,16.9,2332100,NAB
2024-09-30,16.9,16.9,16.3,16.7,2892700,NAB
2024-10-01,16.75,16.85,16.5,16.55,2588800,NAB
2024-10-02,16.55,16.6,16.4,16.55,1415700,NAB
2024-10-03,16.6,16.95,16.5,16.6,1957900,NAB
2024-10-04,16.6,16.7,16.4,16.4,1390300,NAB
2024-10-07,16.5,16.5,16.25,16.25,1262000,NAB
2024-10-08,16.2,16.3,16.1,16.2,1379300,NAB
2024-10-09,16.3,16.3,16.05,16.2,1476500,NAB
2024-10-10,16.3,16.6,16.2,16.25,1542300,NAB
2024-10-11,16.2,16.5,16.2,16.4,1121300,NAB
2024-10-14,16.6,16.6,16.3,16.35,1001900,NAB
2024-10-15,16.25,16.4,16.1,16.1,1412300,NAB
2024-10-16,16.2,16.2,15.7,15.9,1627700,NAB
2024-10-17,15.9,15.95,15.75,15.9,1176200,NAB
2024-10-18,15.95,16.15,15.9,16.1,1231600,NAB
2024-10-21,16.1,16.15,15.95,15.95,1048800,NAB
2024-10-22,15.95,15.95,15.5,15.7,1512300,NAB
2024-10-23,15.7,15.8,15.6,15.75,1016700,NAB
2024-10-24,15.75,15.85,15.6,15.6,946400,NAB
2024-10-25,15.55,15.65,15.5,15.6,848900,NAB
2024-10-28,15.55,15.8,15.55,15.6,815300,NAB
2024-10-29,15.6,15.85,15.6,15.8,769600,NAB
2024-10-30,15.85,16.1,15.85,16.05,930300,NAB
2024-10-31,16.15,16.15,15.9,16.0,753600,NAB
2024-11-01,16.05,16.05,15.8,15.95,1138100,NAB
2024-11-04,15.95,15.95,15.5,15.65,778900,NAB
2024-11-05,15.5,16.1,15.5,15.9,921900,NAB
2024-11-06,16.05,16.05,15.8,15.95,686300,NAB
2024-11-07,16.0,16.05,15.85,15.85,778700,NAB
2024-11-08,15.85,15.9,15.5,15.6,903000,NAB
2024-11-11,15.75,15.8,15.3,15.7,951100,NAB
2024-11-12,15.55,15.75,15.4,15.5,914700,NAB
2024-11-13,15.4,15.65,15.4,15.5,883300,NAB
2024-11-14,15.5,15.5,15.2,15.35,1052600,NAB
2024-11-15,15.2,15.45,15.2,15.35,670600,NAB
2024-11-18,15.35,15.45,15.2,15.45,539100,NAB
2024-11-19,15.45,15.45,15.3,15.45,529100,NAB
2024-11-20,15.35,15.5,15.3,15.5,698900,NAB
2024-11-21,15.5,15.55,15.35,15.55,745800,NAB
2024-11-22,15.6,15.8,15.55,15.75,638600,NAB
2024-11-25,15.9,15.9,15.65,15.7,663000,NAB
2024-11-26,15.7,15.85,15.7,15.8,766700,NAB
2024-11-27,15.8,15.9,15.7,15.8,702100,NAB
2024-11-28,15.75,15.85,15.7,15.75,668600,NAB
2024-11-29,15.75,15.85,15.7,15.75,1170000,NAB
2024-12-02,15.7,15.95,15.7,15.8,1324100,NAB
2024-12-03,15.75,16.25,15.75,16.1,1475400,NAB
2024-12-04,16.1,16.2,16.0,16.1,1081600,NAB
2024-12-05,16.15,16.15,15.85,16.15,1194600,NAB
2024-12-06,16.2,16.2,15.85,16.15,1272400,NAB
2024-12-09,16.2,16.4,16.1,16.25,1062700,NAB
2024-12-10,16.4,16.45,16.2,16.35,1062900,NAB
2024-12-11,16.3,16.4,16.15,16.3,1059700,NAB
2024-12-12,16.3,16.3,16.15,16.2,1076700,NAB
2024-12-13,16.15,16.15,15.85,16.0,1135100,NAB
2024-12-16,16.0,16.1,15.85,15.9,1332800,NAB
2024-12-17,15.9,16.0,15.8,15.9,1148900,NAB
2024-12-18,15.9,15.95,15.7,15.9,1167400,NAB
2024-12-19,15.75,15.85,15.6,15.6,1322100,NAB
2024-12-20,15.6,16.05,15.5,15.5,2447600,NAB
2024-12-23,15.95,15.95,15.65,15.75,1107500,NAB
2024-12-24,15.8,15.8,15.65,15.75,1058200,NAB
2024-12-25,15.75,16.15,15.7,15.85,4130300,NAB
2024-12-26,16.0,16.05,15.8,15.95,1085000,NAB
2024-12-27,15.9,16.15,15.9,16.05,3595600,NAB
2024-12-30,16.1,16.15,16.0,16.05,4630100,NAB
2024-12-31,16.05,16.1,15.9,15.95,828800,NAB
2025-01-02,16.0,16.05,15.8,15.95,1278700,NAB
2025-01-03,15.85,15.95,15.65,15.65,2690200,NAB
2025-01-06,15.65,15.95,15.65,15.8,9810400,NAB
2025-01-07,15.8,16.9,15.8,16.9,14736600,NAB
2025-01-08,16.9,17.45,16.9,17.05,10494500,NAB
2025-01-09,17.1,18.0,16.7,17.05,11781300,NAB
2025-01-10,17.05,17.2,16.3,16.45,11658600,NAB
2025-01-13,16.4,16.5,15.8,16.2,2188100,NAB
2025-01-14,16.3,16.3,16.0,16.1,11235300,NAB
2025-01-15,16.15,16.25,16.0,16.05,1164500,NAB
2025-01-16,16.2,16.2,16.05,16.1,1037900,NAB
2025-01-17,16.1,16.45,16.05,16.4,1381500,NAB
2025-01-20,16.5,16.55,16.3,16.5,1001900,NAB
2025-01-21,16.45,16.45,16.15,16.35,1265100,NAB
2025-01-22,16.3,16.4,16.05,16.2,1264700,NAB
2025-01-23,16.25,16.55,16.25,16.4,1092400,NAB
2025-01-24,16.4,16.9,16.3,16.9,2512500,NAB
2025-02-03,16.85,16.85,16.55,16.55,1203000,NAB
2025-02-04,16.55,16.8,16.55,16.75,1388100,NAB
2025-02-05,16.75,17.4,16.7,17.3,2358400,NAB
2025-02-06,17.4,17.5,17.0,17.05,1723300,NAB
2025-02-07,17.0,17.3,17.0,17.15,1857400,NAB
2025-02-10,17.2,17.6,17.0,17.4,2204600,NAB
2025-02-11,17.25,17.6,17.25,17.45,1268900,NAB
2025-02-12,17.5,17.8,17.35,17.4,1654900,NAB
2025-02-13,17.4,17.55,17.05,17.35,1433300,NAB
2025-02-14,17.35,17.55,17.3,17.3,1334700,NAB
2025-02-17,17.3,17.4,17.15,17.25,1389700,NAB
2025-02-18,17.2,17.45,17.05,17.2,1578800,NAB
2025-02-19,17.1,17.4,17.0,17.2,1923100,NAB
2025-02-20,17.2,18.0,17.2,17.85,3763200,NAB
2025-02-21,17.9,17.95,17.6,17.7,1206700,NAB
2025-02-24,17.6,17.9,17.5,17.75,1550700,NAB
2025-02-25,17.75,17.85,17.45,17.65,1870000,NAB
2025-02-26,17.6,18.25,17.55,18.1,3321700,NAB
2025-02-27,18.1,18.2,17.85,17.9,1593400,NAB
2025-02-28,17.7,18.0,17.6,17.7,1557100,NAB
2025-03-03,17.7,17.7,16.5,16.9,4412300,NAB
2025-03-04,16.8,17.25,16.8,17.0,3073300,NAB
2025-03-05,17.0,17.3,16.95,17.0,1793000,NAB
2025-03-06,17.0,17.05,16.8,17.0,2025200,NAB
2025-03-07,17.0,17.25,17.0,17.05,2308600,NAB
2025-03-10,17.1,17.4,17.05,17.25,2121200,NAB
2025-03-11,17.2,17.55,17.05,17.55,2961200,NAB
2025-03-12,17.5,17.8,17.5,17.6,2504400,NAB
2025-03-13,17.65,17.9,17.5,17.6,3284700,NAB
2025-03-14,17.5,17.65,17.4,17.6,1213700,NAB
2024-09-04,16.59,16.87,16.59,16.63,4440984,NKG
2024-09-05,16.75,16.75,16.09,16.13,6498397,NKG
2024-09-06,16.13,16.28,15.93,16.24,3925029,NKG
2024-09-09,16.4,16.9,16.4,16.67,4381232,NKG
2024-09-10,16.75,16.83,16.32,16.4,2302025,NKG
2024-09-11,16.51,16.75,16.2,16.67,4060661,NKG
2024-09-12,16.75,16.83,16.4,16.51,2591566,NKG
2024-09-13,16.59,16.59,16.36,16.36,2335210,NKG
2024-09-16,16.2,16.67,16.05,16.05,2955991,NKG
2024-09-17,16.05,16.44,16.05,16.44,3916584,NKG
2024-09-18,16.51,16.59,16.36,16.51,2744193,NKG
2024-09-19,16.67,16.98,16.59,16.75,5981586,NKG
2024-09-20,16.94,17.06,16.67,16.71,5534689,NKG
2024-09-23,16.71,16.87,16.51,16.55,2746281,NKG
2024-09-24,16.55,16.67,16.44,16.44,3965765,NKG
2024-09-25,16.75,17.02,16.67,16.9,9752662,NKG
2024-09-26,16.98,17.1,16.75,16.98,6054930,NKG
2024-09-27,17.02,17.25,16.87,17.02,6735120,NKG
2024-09-30,17.18,17.45,17.06,17.22,7498000,NKG
2024-10-01,17.53,17.61,17.22,17.22,10817297,NKG
2024-10-02,17.18,17.41,17.1,17.22,4955942,NKG
2024-10-03,17.41,17.41,16.75,16.83,7146386,NKG
2024-10-04,16.98,17.06,16.79,16.9,4993146,NKG
2024-10-07,16.98,17.06,16.83,16.94,2276652,NKG
2024-10-08,16.94,17.29,16.75,17.18,5916981,NKG
2024-10-09,17.29,17.45,17.18,17.18,3676595,NKG
2024-10-10,17.33,17.37,16.9,16.9,5098074,NKG
2024-10-11,16.9,17.02,16.83,16.9,1963213,NKG
2024-10-14,16.94,17.06,16.87,16.87,2825355,NKG
2024-10-15,17.06,17.06,16.75,16.75,3225159,NKG
2024-10-16,16.75,16.87,16.4,16.4,2962887,NKG
2024-10-17,16.48,16.51,16.01,16.51,4827918,NKG
2024-10-18,16.59,16.75,16.28,16.28,3330841,NKG
2024-10-21,16.28,16.36,15.97,15.97,4165279,NKG
2024-10-22,15.97,16.2,15.74,15.89,3498986,NKG
2024-10-23,15.89,16.13,15.81,15.93,3533708,NKG
2024-10-24,16.01,16.16,15.89,15.93,2727701,NKG
2024-10-25,15.97,16.13,15.93,15.93,2055295,NKG
2024-10-28,16.05,16.44,16.05,16.13,3234082,NKG
2024-10-29,16.24,16.24,16.09,16.16,1287310,NKG
2024-10-30,16.24,16.24,16.01,16.09,1648770,NKG
2024-10-31,16.09,16.16,16.01,16.09,2933797,NKG
2024-11-01,16.09,16.44,16.05,16.32,4350251,NKG
2024-11-04,16.24,16.32,16.09,16.13,2259802,NKG
2024-11-05,16.13,16.4,16.13,16.28,2559884,NKG
2024-11-06,16.36,16.67,16.32,16.63,4467822,NKG
2024-11-07,16.79,16.83,16.51,16.51,2670042,NKG
2024-11-08,16.59,16.83,16.4,16.71,4857642,NKG
2024-11-11,16.75,16.94,16.44,16.83,6636832,NKG
2024-11-12,16.9,16.98,16.51,16.55,3763251,NKG
2024-11-13,16.44,16.48,15.93,16.16,6277186,NKG
2024-11-14,16.24,16.24,15.27,15.46,6656080,NKG
2024-11-15,15.42,15.46,14.84,14.88,7391894,NKG
2024-11-18,14.88,15.07,14.88,14.92,3451874,NKG
2024-11-19,14.96,15.15,14.72,14.72,2440639,NKG
2024-11-20,14.72,15.19,14.65,14.88,3100466,NKG
2024-11-21,14.88,15.07,14.88,15.03,1430857,NKG
2024-11-22,15.03,15.19,15.03,15.07,1751011,NKG
2024-11-25,15.11,15.15,15.0,15.07,1491510,NKG
2024-11-26,15.07,15.27,15.03,15.15,2425148,NKG
2024-11-27,15.19,15.23,15.03,15.19,1562025,NKG
2024-11-28,15.19,15.39,15.11,15.11,1715678,NKG
2024-11-29,15.11,15.15,14.88,15.11,1719112,NKG
2024-12-02,15.19,15.31,15.07,15.11,1787934,NKG
2024-12-03,15.11,15.11,14.96,14.96,1887353,NKG
2024-12-04,14.96,15.0,14.57,14.57,4990991,NKG
2024-12-05,14.61,15.19,13.87,15.03,9932227,NKG
2024-12-06,15.11,15.15,14.76,14.8,3902947,NKG
2024-12-09,14.96,15.35,14.92,15.31,6571366,NKG
2024-12-10,15.35,15.62,15.27,15.31,5370565,NKG
2024-12-11,15.46,15.46,15.07,15.19,3222523,NKG
2024-12-12,15.19,15.27,15.07,15.11,4222855,NKG
2024-12-13,15.11,15.11,14.8,14.8,4529226,NKG
2024-12-16,14.8,14.84,14.53,14.57,5612981,NKG
2024-12-17,14.49,14.53,14.18,14.26,7212606,NKG
2024-12-18,14.26,14.49,14.14,14.41,9031386,NKG
2024-12-19,14.85,14.95,14.65,14.75,8733613,NKG
2024-12-20,14.95,14.95,14.7,14.75,1883318,NKG
2024-12-23,14.8,14.95,14.7,14.7,1839769,NKG
2024-12-24,14.75,14.85,14.35,14.8,3568249,NKG
2024-12-25,14.8,15.1,14.6,14.95,5230134,NKG
2024-12-26,14.95,15.0,14.75,14.75,1814843,NKG
2024-12-27,14.7,14.8,14.6,14.6,2616679,NKG
2024-12-30,14.6,14.75,14.5,14.65,1344780,NKG
2024-12-31,14.65,14.65,14.45,14.45,2352753,NKG
2025-01-02,14.55,14.65,14.5,14.65,1538700,NKG
2025-01-03,14.55,14.6,14.35,14.35,2202300,NKG
2025-01-06,14.4,14.4,13.9,13.9,3172100,NKG
2025-01-07,14.0,14.1,13.45,13.55,2679200,NKG
2025-01-08,13.45,13.95,13.45,13.8,3011800,NKG
2025-01-09,13.8,13.9,13.55,13.75,1449400,NKG
2025-01-10,13.6,13.8,13.45,13.6,2050300,NKG
2025-01-13,13.3,13.65,13.3,13.55,2175100,NKG
2025-01-14,13.55,13.65,13.25,13.25,1757600,NKG
2025-01-15,13.25,14.05,13.25,13.9,4689100,NKG
2025-01-16,14.0,14.0,13.75,13.9,1820400,NKG
2025-01-17,13.95,14.0,13.75,13.95,2574300,NKG
2025-01-20,13.95,14.0,13.7,13.7,2993300,NKG
2025-01-21,13.7,13.8,13.45,13.5,3175200,NKG
2025-01-22,13.55,13.55,13.3,13.3,2918400,NKG
2025-01-23,13.4,13.6,13.25,13.5,4432400,NKG
2025-01-24,13.5,13.55,13.3,13.3,4337600,NKG
2025-02-03,13.4,13.8,13.3,13.6,3807700,NKG
2025-02-04,13.8,14.35,13.6,14.25,9942000,NKG
2025-02-05,14.25,14.25,14.05,14.2,4270600,NKG
2025-02-06,14.25,14.25,14.05,14.15,3541700,NKG
2025-02-07,14.1,14.3,14.0,14.0,3939900,NKG
2025-02-10,13.85,13.85,13.4,13.5,10231800,NKG
2025-02-11,13.3,13.8,13.3,13.65,5952900,NKG
2025-02-12,13.65,13.75,13.45,13.45,2120600,NKG
2025-02-13,13.45,13.55,13.4,13.5,2812000,NKG
2025-02-14,13.55,13.85,13.5,13.7,4977700,NKG
2025-02-17,13.8,13.8,13.6,13.7,3394700,NKG
2025-02-18,13.7,14.0,13.7,13.9,5160500,NKG
2025-02-19,13.95,14.0,13.8,14.0,5660400,NKG
2025-02-20,14.1,14.4,14.05,14.2,8465500,NKG
2025-02-21,14.15,14.2,14.0,14.05,5107200,NKG
2025-02-24,14.8,14.8,14.3,14.4,10876000,NKG
2025-02-25,14.4,14.45,14.1,14.2,6330800,NKG
2025-02-26,14.4,14.6,14.3,14.45,7845100,NKG
2025-02-27,14.5,15.45,14.45,15.45,28034200,NKG
2025-02-28,15.7,15.9,15.45,15.9,17998800,NKG
2025-03-03,15.95,16.15,15.65,15.95,11446600,NKG
2025-03-04,15.9,16.15,15.6,15.75,13116000,NKG
2025-03-05,15.8,15.9,15.5,15.5,9105100,NKG
2025-03-06,15.55,16.1,15.5,16.1,12885800,NKG
2025-03-07,16.05,16.3,15.9,16.1,9692500,NKG
2025-03-10,16.15,16.2,15.7,15.8,9795200,NKG
2025-03-11,15.5,16.1,15.4,16.1,14512500,NKG
2025-03-12,16.2,16.35,15.9,16.05,10585000,NKG
2025-03-13,16.1,16.5,15.9,16.1,14403900,NKG
2025-03-14,16.1,16.2,15.8,15.9,7663600,NKG
2024-09-04,40.8,42.25,40.1,42.0,2059700,NLG
2024-09-05,42.0,42.3,41.0,41.1,1582400,NLG
2024-09-06,41.0,41.35,40.75,41.1,686900,NLG
2024-09-09,41.0,41.4,40.7,41.1,420900,NLG
2024-09-10,41.1,41.3,40.0,40.9,1924700,NLG
2024-09-11,40.9,40.9,39.8,40.9,906800,NLG
2024-09-12,40.9,40.95,40.7,40.9,691500,NLG
2024-09-13,40.9,41.75,40.6,41.75,1275300,NLG
2024-09-16,41.3,41.65,41.0,41.0,835300,NLG
2024-09-17,41.1,41.95,40.9,41.85,1766800,NLG
2024-09-18,42.0,42.0,41.8,41.95,1953400,NLG
2024-09-19,42.0,42.25,41.85,42.15,1649600,NLG
2024-09-20,42.3,42.35,41.6,41.6,1674000,NLG
2024-09-23,41.6,42.1,41.5,41.8,1345800,NLG
2024-09-24,41.8,41.95,41.7,41.9,831900,NLG
2024-09-25,42.2,42.6,41.9,42.4,2416000,NLG
2024-09-26,42.4,42.65,42.05,42.05,1681700,NLG
2024-09-27,42.0,42.35,41.5,41.75,1710500,NLG
2024-09-30,41.3,41.6,41.25,41.55,1180700,NLG
2024-10-01,41.6,42.4,41.5,41.6,1673600,NLG
2024-10-02,41.4,41.8,41.0,41.0,1132900,NLG
2024-10-03,41.0,41.45,40.0,40.2,1947100,NLG
2024-10-04,40.0,40.3,39.9,39.9,1569500,NLG
2024-10-07,40.0,40.55,40.0,40.3,915400,NLG
2024-10-08,40.15,40.3,40.0,40.1,1210000,NLG
2024-10-09,40.05,40.6,40.05,40.5,1227100,NLG
2024-10-10,40.55,40.75,40.15,40.15,896100,NLG
2024-10-11,40.2,40.55,40.05,40.25,699800,NLG
2024-10-14,40.15,40.5,39.7,39.7,1299800,NLG
2024-10-15,40.15,40.15,38.85,39.0,2754400,NLG
2024-10-16,39.25,39.25,38.1,38.2,2149700,NLG
2024-10-17,38.45,39.05,38.0,38.9,2658500,NLG
2024-10-18,39.3,39.45,38.9,38.9,2520800,NLG
2024-10-21,38.9,38.95,38.15,38.2,1255700,NLG
2024-10-22,38.2,38.95,37.8,38.15,2580700,NLG
2024-10-23,38.4,39.4,38.15,39.3,1594400,NLG
2024-10-24,39.3,39.4,38.6,38.9,1882800,NLG
2024-10-25,39.05,39.25,38.75,38.75,1276200,NLG
2024-10-28,38.75,39.1,38.75,39.1,972600,NLG
2024-10-29,39.3,39.5,39.0,39.1,1345500,NLG
2024-10-30,39.15,39.6,39.1,39.4,1531300,NLG
2024-10-31,39.45,40.0,39.25,39.85,1381300,NLG
2024-11-01,39.45,40.7,39.25,40.7,2477000,NLG
2024-11-04,40.0,40.05,39.05,39.5,1430300,NLG
2024-11-05,39.5,39.85,39.25,39.45,477800,NLG
2024-11-06,39.5,39.9,39.15,39.9,894300,NLG
2024-11-07,39.9,40.45,39.45,39.95,1374400,NLG
2024-11-08,39.8,39.85,39.1,39.6,1474200,NLG
2024-11-11,39.3,39.55,38.75,39.55,1250100,NLG
2024-11-12,39.55,39.6,39.0,39.45,617100,NLG
2024-11-13,39.4,39.4,38.8,39.4,1226900,NLG
2024-11-14,39.05,39.1,38.6,38.6,639600,NLG
2024-11-15,38.3,38.3,37.3,37.75,1558000,NLG
2024-11-18,37.75,37.9,36.7,37.0,1040000,NLG
2024-11-19,37.5,37.55,36.8,37.0,1074800,NLG
2024-11-20,37.0,38.5,36.9,37.8,1384600,NLG
2024-11-21,37.7,37.95,37.7,37.9,728900,NLG
2024-11-22,38.2,38.2,37.5,37.55,773500,NLG
2024-11-25,37.65,37.9,37.6,37.9,631400,NLG
2024-11-26,38.1,38.8,37.95,38.5,1022100,NLG
2024-11-27,38.35,38.35,37.8,37.9,1170400,NLG
2024-11-28,38.1,38.3,37.6,38.3,1184800,NLG
2024-11-29,38.0,38.5,38.0,38.45,674400,NLG
2024-12-02,38.2,38.55,37.7,37.95,1631500,NLG
2024-12-03,37.95,37.95,37.6,37.65,836700,NLG
2024-12-04,37.55,37.8,36.9,36.9,2126000,NLG
2024-12-05,36.9,38.4,36.85,38.3,1155600,NLG
2024-12-06,38.3,38.35,37.8,38.3,1026600,NLG
2024-12-09,38.3,38.6,38.0,38.45,1701500,NLG
2024-12-10,38.3,38.6,37.95,38.2,1196800,NLG
2024-12-11,38.05,38.35,37.7,38.1,1204100,NLG
2024-12-12,38.0,38.3,37.8,37.85,825000,NLG
2024-12-13,37.85,37.85,37.5,37.5,679000,NLG
2024-12-16,37.5,37.9,37.35,37.5,781300,NLG
2024-12-17,37.8,37.9,37.15,37.2,2432300,NLG
2024-12-18,37.4,37.4,37.05,37.3,937000,NLG
2024-12-19,36.8,37.0,36.3,36.4,2406500,NLG
2024-12-20,36.45,36.65,36.35,36.35,1068400,NLG
2024-12-23,36.45,36.65,36.2,36.25,1535000,NLG
2024-12-24,36.3,36.5,35.6,35.7,2526700,NLG
2024-12-25,35.7,36.6,35.7,36.3,2956300,NLG
2024-12-26,36.25,36.8,36.15,36.2,1556600,NLG
2024-12-27,36.2,36.4,35.75,36.4,1974000,NLG
2024-12-30,36.5,36.8,36.3,36.35,2176100,NLG
2024-12-31,36.35,36.7,36.35,36.55,1171300,NLG
2025-01-02,36.55,36.55,36.2,36.45,1029000,NLG
2025-01-03,36.35,36.4,36.0,36.05,788100,NLG
2025-01-06,36.05,36.2,34.9,35.05,1206800,NLG
2025-01-07,35.4,35.4,32.8,33.45,3763700,NLG
2025-01-08,33.05,33.65,32.75,33.1,2814800,NLG
2025-01-09,33.5,33.5,32.6,32.6,989400,NLG
2025-01-10,32.5,33.4,32.15,32.15,1343900,NLG
2025-01-13,32.05,32.55,32.05,32.4,1687900,NLG
2025-01-14,32.55,32.75,32.25,32.3,706400,NLG
2025-01-15,32.45,32.45,32.2,32.2,1271700,NLG
2025-01-16,32.2,32.75,32.2,32.7,1292300,NLG
2025-01-17,33.2,33.2,32.5,33.1,1240200,NLG
2025-01-20,33.1,33.15,32.9,32.9,354200,NLG
2025-01-21,33.0,33.1,32.65,32.85,537100,NLG
2025-01-22,32.9,33.75,32.85,33.5,1842100,NLG
2025-01-23,33.7,34.2,33.25,34.2,1103800,NLG
2025-01-24,34.2,36.5,33.9,36.45,1798500,NLG
2025-02-03,35.5,35.65,34.7,34.9,1418000,NLG
2025-02-04,35.1,35.15,34.1,34.5,1673000,NLG
2025-02-05,34.75,35.45,34.7,34.9,1110300,NLG
2025-02-06,35.0,35.05,34.3,34.45,1141500,NLG
2025-02-07,34.65,34.7,34.05,34.65,1498600,NLG
2025-02-10,34.25,34.4,33.8,33.8,1512100,NLG
2025-02-11,33.7,33.8,33.25,33.25,1733500,NLG
2025-02-12,33.6,33.8,33.0,33.0,1605500,NLG
2025-02-13,33.25,33.25,32.35,32.35,2907400,NLG
2025-02-14,32.45,32.75,32.2,32.2,2275100,NLG
2025-02-17,32.25,32.7,31.6,31.7,2448900,NLG
2025-02-18,31.7,32.45,31.6,31.6,2557500,NLG
2025-02-19,31.85,32.6,31.5,32.55,3448700,NLG
2025-02-20,32.9,33.2,32.7,32.9,2307700,NLG
2025-02-21,32.9,33.15,32.7,32.9,1540100,NLG
2025-02-24,32.85,32.9,32.35,32.7,1877100,NLG
2025-02-25,33.0,33.45,32.65,32.85,1911900,NLG
2025-02-26,32.85,33.15,32.75,32.9,1627600,NLG
2025-02-27,32.9,33.25,32.65,33.25,2604900,NLG
2025-02-28,33.45,34.8,33.4,34.7,5507200,NLG
2025-03-03,34.7,34.75,34.3,34.45,2286000,NLG
2025-03-04,34.45,34.65,33.9,34.1,2517500,NLG
2025-03-05,34.1,34.1,32.85,32.9,5278300,NLG
2025-03-06,33.1,33.4,32.55,33.05,4940500,NLG
2025-03-07,33.25,34.3,33.2,33.6,3487500,NLG
2025-03-10,34.0,34.0,33.25,33.5,2718100,NLG
2025-03-11,33.05,33.5,32.8,33.5,2002300,NLG
2025-03-12,33.6,33.9,33.0,33.1,3035400,NLG
2025-03-13,33.15,33.65,33.0,33.5,3538300,NLG
2025-03-14,33.3,34.1,33.0,33.45,6658000,NLG
2024-09-04,18.8,19.37,18.8,19.37,575006,NT2
2024-09-05,19.42,19.47,19.18,19.18,571165,NT2
2024-09-06,19.23,19.23,18.99,19.08,238959,NT2
2024-09-09,19.08,19.13,18.94,19.13,200085,NT2
2024-09-10,19.13,19.18,18.94,19.13,200618,NT2
2024-09-11,18.99,19.23,18.75,19.18,503022,NT2
2024-09-12,19.28,19.32,19.08,19.13,148121,NT2
2024-09-13,19.13,19.23,18.94,18.94,195220,NT2
2024-09-16,18.94,19.04,18.84,18.94,205032,NT2
2024-09-17,18.99,19.18,18.84,19.18,255871,NT2
2024-09-18,19.23,19.56,19.23,19.37,495332,NT2
2024-09-19,19.52,19.52,19.23,19.23,275961,NT2
2024-09-20,19.42,19.42,19.18,19.18,218679,NT2
2024-09-23,19.18,19.28,18.99,19.04,136418,NT2
2024-09-24,19.04,19.18,18.99,19.04,169026,NT2
2024-09-25,19.04,19.18,19.04,19.18,307077,NT2
2024-09-26,19.18,19.47,19.13,19.13,395047,NT2
2024-09-27,19.13,19.28,19.04,19.04,260202,NT2
2024-09-30,19.08,19.13,18.99,19.04,288238,NT2
2024-10-01,19.18,19.18,19.04,19.08,250394,NT2
2024-10-02,18.99,19.23,18.94,19.04,263552,NT2
2024-10-03,19.18,19.18,18.89,18.89,270345,NT2
2024-10-04,18.94,19.04,18.75,18.89,194228,NT2
2024-10-07,18.94,18.99,18.84,18.89,127335,NT2
2024-10-08,18.94,18.94,18.8,18.8,175483,NT2
2024-10-09,18.8,18.89,18.8,18.89,119377,NT2
2024-10-10,18.94,19.04,18.84,18.84,127778,NT2
2024-10-11,18.84,19.04,18.8,18.89,211957,NT2
2024-10-14,19.08,19.13,18.89,18.89,369048,NT2
2024-10-15,18.94,18.99,18.84,18.89,142590,NT2
2024-10-16,18.84,18.89,18.27,18.7,311616,NT2
2024-10-17,18.75,18.75,18.56,18.65,152141,NT2
2024-10-18,18.7,18.8,18.65,18.65,94723,NT2
2024-10-21,18.65,18.65,18.36,18.41,192246,NT2
2024-10-22,18.46,18.65,18.31,18.41,275756,NT2
2024-10-23,18.65,18.65,18.41,18.56,83464,NT2
2024-10-24,18.56,18.56,18.36,18.51,199690,NT2
2024-10-25,18.51,18.51,18.31,18.31,166175,NT2
2024-10-28,18.41,18.41,18.27,18.36,131550,NT2
2024-10-29,18.36,18.51,18.36,18.46,63190,NT2
2024-10-30,18.56,18.56,18.31,18.31,95678,NT2
2024-10-31,18.36,18.36,18.22,18.27,205043,NT2
2024-11-01,18.27,18.27,18.12,18.17,173323,NT2
2024-11-04,18.17,18.17,17.69,17.93,222475,NT2
2024-11-05,17.88,18.07,17.83,17.83,112711,NT2
2024-11-06,17.88,18.27,17.88,18.17,213222,NT2
2024-11-07,18.27,18.27,18.12,18.22,70567,NT2
2024-11-08,18.22,18.22,17.93,18.12,113474,NT2
2024-11-11,18.17,18.17,17.79,17.88,135286,NT2
2024-11-12,17.5,18.27,17.5,18.22,466210,NT2
2024-11-13,18.31,18.31,17.93,18.22,184206,NT2
2024-11-14,18.22,18.22,17.88,17.88,91352,NT2
2024-11-15,17.93,17.93,17.59,17.59,166839,NT2
2024-11-18,17.88,18.36,17.59,18.36,307918,NT2
2024-11-19,18.36,18.41,18.22,18.22,140416,NT2
2024-11-20,18.07,18.41,17.93,18.36,181352,NT2
2024-11-21,18.36,18.36,18.27,18.36,111259,NT2
2024-11-22,18.27,18.41,18.22,18.36,111251,NT2
2024-11-25,18.36,18.89,18.31,18.8,557924,NT2
2024-11-26,18.8,18.84,18.7,18.75,154623,NT2
2024-11-27,18.56,18.84,18.56,18.7,493941,NT2
2024-11-28,18.8,18.84,18.65,18.65,159510,NT2
2024-11-29,18.65,18.84,18.65,18.8,202928,NT2
2024-12-02,18.84,18.84,18.6,18.6,103048,NT2
2024-12-03,18.6,18.84,18.56,18.84,259696,NT2
2024-12-04,18.84,18.99,18.65,18.89,294559,NT2
2024-12-05,18.89,19.23,18.84,19.23,785170,NT2
2024-12-06,19.18,19.37,18.75,19.04,305962,NT2
2024-12-09,19.04,19.08,18.65,18.94,361134,NT2
2024-12-10,18.99,19.08,18.8,18.8,224746,NT2
2024-12-11,18.84,19.18,18.84,19.13,255417,NT2
2024-12-12,18.94,19.23,18.94,19.18,281527,NT2
2024-12-13,19.13,19.18,18.94,19.04,150421,NT2
2024-12-16,18.84,19.71,18.84,19.04,216884,NT2
2024-12-17,19.37,19.37,18.89,18.99,203998,NT2
2024-12-18,18.99,19.23,18.94,19.04,307323,NT2
2024-12-19,18.99,19.28,18.8,19.04,477465,NT2
2024-12-20,19.04,19.32,19.04,19.18,221932,NT2
2024-12-23,19.18,19.28,19.04,19.23,286359,NT2
2024-12-24,19.18,19.85,19.18,19.85,1078982,NT2
2024-12-25,19.85,20.19,19.8,20.09,641860,NT2
2024-12-26,20.09,20.19,19.9,20.09,359389,NT2
2024-12-27,20.09,20.19,19.95,20.05,346206,NT2
2024-12-30,20.14,20.14,19.8,19.9,312403,NT2
2024-12-31,19.9,20.14,19.9,20.14,682983,NT2
2025-01-02,20.09,20.38,20.0,20.19,256670,NT2
2025-01-03,20.09,20.14,19.95,20.05,537079,NT2
2025-01-06,20.0,20.05,19.76,19.85,425475,NT2
2025-01-07,19.85,19.85,19.42,19.42,410671,NT2
2025-01-08,19.37,20.09,19.32,20.09,613743,NT2
2025-01-09,20.09,20.57,20.09,20.24,559123,NT2
2025-01-10,20.24,20.43,19.85,20.05,289675,NT2
2025-01-13,20.05,20.19,19.9,20.05,399544,NT2
2025-01-14,20.29,20.29,19.95,20.05,310309,NT2
2025-01-15,19.95,20.09,19.95,20.09,225526,NT2
2025-01-16,20.14,20.29,19.9,19.95,398577,NT2
2025-01-17,19.8,20.05,19.75,19.8,182501,NT2
2025-01-20,19.7,19.95,19.7,19.95,166725,NT2
2025-01-21,19.9,19.9,19.5,19.5,383988,NT2
2025-01-22,19.5,19.6,19.4,19.45,206319,NT2
2025-01-23,19.45,19.7,19.45,19.65,106257,NT2
2025-01-24,19.7,19.7,19.5,19.6,127388,NT2
2025-02-03,19.45,19.6,19.45,19.6,137208,NT2
2025-02-04,19.6,19.7,19.35,19.7,310301,NT2
2025-02-05,19.75,20.2,19.7,19.95,401026,NT2
2025-02-06,20.0,20.0,19.8,19.9,220200,NT2
2025-02-07,19.9,20.1,19.85,19.85,377500,NT2
2025-02-10,19.8,19.8,19.55,19.55,276500,NT2
2025-02-11,19.55,19.75,19.5,19.7,234900,NT2
2025-02-12,19.8,20.0,19.7,20.0,428100,NT2
2025-02-13,20.0,21.3,20.0,21.3,1985100,NT2
2025-02-14,21.2,21.5,21.05,21.1,595400,NT2
2025-02-17,21.1,21.4,21.0,21.0,775100,NT2
2025-02-18,21.0,21.0,20.65,21.0,537100,NT2
2025-02-19,21.2,21.35,20.8,21.15,736100,NT2
2025-02-20,21.35,21.35,20.75,20.75,482800,NT2
2025-02-21,20.7,20.85,20.6,20.85,495000,NT2
2025-02-24,20.75,20.9,20.55,20.75,348400,NT2
2025-02-25,20.95,21.25,20.8,21.25,908500,NT2
2025-02-26,21.25,21.25,20.85,20.85,509500,NT2
2025-02-27,20.75,20.9,20.65,20.7,412100,NT2
2025-02-28,20.75,20.95,20.45,20.7,415600,NT2
2025-03-03,20.55,20.95,20.55,20.75,328200,NT2
2025-03-04,20.8,20.85,20.55,20.6,403200,NT2
2025-03-05,20.6,20.65,20.3,20.3,493000,NT2
2025-03-06,20.35,20.5,20.15,20.15,708600,NT2
2025-03-07,20.15,20.35,20.15,20.2,532100,NT2
2025-03-10,20.3,20.35,20.0,20.15,580600,NT2
2025-03-11,20.1,20.15,19.95,20.1,292400,NT2
2025-03-12,20.1,20.2,19.9,19.95,462100,NT2
2025-03-13,19.95,20.15,19.75,19.75,511600,NT2
2025-03-14,19.75,19.8,19.55,19.55,468000,NT2
2024-09-04,11.8,11.85,11.65,11.75,1277152,OCB
2024-09-05,11.8,11.9,11.65,11.7,1095708,OCB
2024-09-06,11.7,11.7,11.55,11.6,887378,OCB
2024-09-09,11.6,11.65,11.55,11.6,483974,OCB
2024-09-10,11.65,11.7,11.5,11.5,635003,OCB
2024-09-11,11.5,11.6,11.3,11.3,1648417,OCB
2024-09-12,11.4,11.45,11.35,11.4,563671,OCB
2024-09-13,11.4,11.45,11.35,11.4,472500,OCB
2024-09-16,11.4,11.5,11.35,11.35,907200,OCB
2024-09-17,11.45,11.6,11.3,11.6,859500,OCB
2024-09-18,11.6,11.65,11.45,11.6,1052600,OCB
2024-09-19,11.6,11.65,11.5,11.6,415900,OCB
2024-09-20,11.7,11.75,11.6,11.65,1142000,OCB
2024-09-23,11.6,11.7,11.5,11.55,751600,OCB
2024-09-24,11.6,11.7,11.5,11.65,780300,OCB
2024-09-25,11.7,11.8,11.65,11.65,3490600,OCB
2024-09-26,11.7,12.2,11.65,12.0,4932800,OCB
2024-09-27,12.15,12.35,12.0,12.05,4165700,OCB
2024-09-30,12.15,12.35,12.0,12.1,4453500,OCB
2024-10-01,12.15,12.2,12.05,12.1,3927300,OCB
2024-10-02,12.0,12.1,11.9,11.95,3068300,OCB
2024-10-03,11.95,12.75,11.95,12.75,24119100,OCB
2024-10-04,12.9,13.1,12.75,12.8,5956500,OCB
2024-10-07,12.8,12.9,12.45,12.55,8155000,OCB
2024-10-08,12.6,12.9,12.55,12.55,8625400,OCB
2024-10-09,12.5,12.65,12.45,12.65,5373900,OCB
2024-10-10,12.75,12.75,12.4,12.4,7229700,OCB
2024-10-11,12.4,12.45,12.2,12.25,5801600,OCB
2024-10-14,12.35,12.4,12.2,12.2,4118500,OCB
2024-10-15,12.25,12.5,12.2,12.25,4566200,OCB
2024-10-16,12.25,12.35,12.15,12.25,2083200,OCB
2024-10-17,12.3,12.45,12.15,12.35,4337500,OCB
2024-10-18,12.4,12.65,12.35,12.35,6574000,OCB
2024-10-21,12.35,12.4,12.2,12.2,3381300,OCB
2024-10-22,12.2,12.2,11.7,11.75,9779100,OCB
2024-10-23,11.75,11.85,11.7,11.75,2406300,OCB
2024-10-24,11.8,11.85,11.5,11.5,5021300,OCB
2024-10-25,11.6,11.65,11.4,11.4,3609600,OCB
2024-10-28,11.45,11.55,11.45,11.5,1617500,OCB
2024-10-29,11.5,11.7,11.45,11.65,2516400,OCB
2024-10-30,11.65,11.7,11.45,11.55,3280800,OCB
2024-10-31,11.6,11.65,11.45,11.45,3030500,OCB
2024-11-01,11.45,11.5,11.15,11.15,7247800,OCB
2024-11-04,11.2,11.25,10.8,10.85,7210000,OCB
2024-11-05,10.9,10.95,10.65,10.7,4587600,OCB
2024-11-06,10.75,10.85,10.7,10.8,5327900,OCB
2024-11-07,10.9,10.9,10.7,10.7,4814000,OCB
2024-11-08,10.75,10.75,10.55,10.6,4753400,OCB
2024-11-11,10.6,10.6,10.45,10.55,4495000,OCB
2024-11-12,10.6,10.85,10.55,10.75,4160000,OCB
2024-11-13,10.75,10.8,10.6,10.75,2700500,OCB
2024-11-14,10.75,10.75,10.5,10.5,3213200,OCB
2024-11-15,10.4,10.5,10.2,10.35,3785900,OCB
2024-11-18,10.3,10.6,10.3,10.5,1790300,OCB
2024-11-19,10.5,10.5,10.35,10.35,1408800,OCB
2024-11-20,10.35,10.55,10.35,10.45,1986900,OCB
2024-11-21,10.45,10.55,10.35,10.45,2507100,OCB
2024-11-22,10.45,10.5,10.4,10.4,2438000,OCB
2024-11-25,10.45,10.5,10.4,10.4,1960800,OCB
2024-11-26,10.45,10.6,10.45,10.55,2434600,OCB
2024-11-27,10.55,10.6,10.45,10.5,2229400,OCB
2024-11-28,10.5,10.6,10.45,10.5,2074200,OCB
2024-11-29,10.5,10.8,10.45,10.75,6418600,OCB
2024-12-02,10.8,10.8,10.7,10.75,1594400,OCB
2024-12-03,10.7,10.85,10.6,10.8,2496700,OCB
2024-12-04,10.8,10.8,10.65,10.65,3862500,OCB
2024-12-05,10.65,10.85,10.55,10.85,3290400,OCB
2024-12-06,10.8,10.9,10.7,10.85,3037400,OCB
2024-12-09,10.85,11.15,10.8,11.1,6175800,OCB
2024-12-10,11.1,11.2,11.0,11.2,5501200,OCB
2024-12-11,11.25,11.4,11.0,11.3,4955400,OCB
2024-12-12,11.25,11.4,11.15,11.25,3220700,OCB
2024-12-13,11.25,11.25,10.8,10.9,5802200,OCB
2024-12-16,10.9,10.95,10.8,10.9,1649600,OCB
2024-12-17,10.9,10.95,10.8,10.8,1031400,OCB
2024-12-18,10.8,10.9,10.75,10.85,1676000,OCB
2024-12-19,10.7,10.75,10.6,10.75,2498700,OCB
2024-12-20,10.75,10.75,10.65,10.7,1913300,OCB
2024-12-23,10.7,10.85,10.7,10.85,1954100,OCB
2024-12-24,10.85,10.9,10.75,10.9,949800,OCB
2024-12-25,10.85,11.15,10.8,11.0,4785000,OCB
2024-12-26,11.05,11.05,10.85,10.9,1517000,OCB
2024-12-27,11.0,11.1,10.9,10.95,2746100,OCB
2024-12-30,10.95,11.0,10.8,11.0,1462900,OCB
2024-12-31,10.9,11.4,10.9,11.4,3298900,OCB
2025-01-02,11.1,11.2,11.0,11.05,1522300,OCB
2025-01-03,11.0,11.0,10.8,10.85,1562300,OCB
2025-01-06,10.85,10.95,10.7,10.7,1443800,OCB
2025-01-07,10.7,10.8,10.65,10.65,1391100,OCB
2025-01-08,10.65,10.85,10.6,10.75,879200,OCB
2025-01-09,10.8,10.8,10.65,10.7,544900,OCB
2025-01-10,10.7,10.75,10.55,10.55,1472300,OCB
2025-01-13,10.55,10.6,10.35,10.45,2014500,OCB
2025-01-14,10.45,10.55,10.4,10.45,390100,OCB
2025-01-15,10.45,10.6,10.45,10.55,871800,OCB
2025-01-16,10.55,10.7,10.55,10.6,1282100,OCB
2025-01-17,10.6,10.75,10.6,10.65,1182800,OCB
2025-01-20,10.75,10.8,10.6,10.6,1032400,OCB
2025-01-21,10.65,10.85,10.6,10.75,1746800,OCB
2025-01-22,10.75,10.9,10.7,10.8,1679000,OCB
2025-01-23,10.85,10.95,10.75,10.9,1751200,OCB
2025-01-24,10.9,11.2,10.8,11.2,3569100,OCB
2025-02-03,11.0,11.1,10.95,11.05,1710500,OCB
2025-02-04,11.05,11.25,11.0,11.2,5605600,OCB
2025-02-05,11.25,11.55,11.15,11.4,10232300,OCB
2025-02-06,11.4,11.6,11.4,11.5,6485700,OCB
2025-02-07,11.5,11.55,11.4,11.5,4096300,OCB
2025-02-10,11.45,11.5,11.3,11.35,2058700,OCB
2025-02-11,11.35,11.5,11.35,11.4,3882600,OCB
2025-02-12,11.45,11.45,11.4,11.4,2018200,OCB
2025-02-13,11.4,11.4,11.25,11.25,1385900,OCB
2025-02-14,11.3,11.45,11.3,11.4,1993300,OCB
2025-02-17,11.45,11.5,11.35,11.45,3386700,OCB
2025-02-18,11.5,11.75,11.45,11.6,4740100,OCB
2025-02-19,11.6,11.9,11.6,11.8,4582300,OCB
2025-02-20,11.85,11.9,11.6,11.6,2036200,OCB
2025-02-21,11.7,11.7,11.45,11.55,2340600,OCB
2025-02-24,11.55,11.6,11.4,11.45,2046900,OCB
2025-02-25,11.5,11.6,11.45,11.45,1645100,OCB
2025-02-26,11.45,11.5,11.3,11.35,2405500,OCB
2025-02-27,11.4,11.45,11.3,11.35,1461100,OCB
2025-02-28,11.35,11.4,11.2,11.25,1913000,OCB
2025-03-03,11.25,11.3,11.15,11.2,1899700,OCB
2025-03-04,11.2,11.4,11.1,11.35,2466800,OCB
2025-03-05,11.3,11.55,11.3,11.3,2045800,OCB
2025-03-06,11.3,11.35,11.2,11.35,1869700,OCB
2025-03-07,11.4,11.6,11.3,11.45,4846200,OCB
2025-03-10,11.55,11.55,11.4,11.45,2907200,OCB
2025-03-11,11.4,11.4,11.25,11.35,3015600,OCB
2025-03-12,11.4,11.4,11.15,11.2,3177900,OCB
2025-03-13,11.2,11.3,11.0,11.0,5070900,OCB
2025-03-14,11.05,11.2,11.05,11.15,1984500,OCB
2024-09-04,22.7,22.75,22.45,22.75,541800,PAN
2024-09-05,22.75,23.0,22.55,22.8,474900,PAN
2024-09-06,22.55,22.7,22.45,22.65,371200,PAN
2024-09-09,22.55,22.7,22.4,22.45,296300,PAN
2024-09-10,22.45,23.6,22.45,23.05,2958400,PAN
2024-09-11,23.2,23.65,23.0,23.5,2601700,PAN
2024-09-12,23.9,23.9,23.4,23.5,1415400,PAN
2024-09-13,23.55,23.6,23.35,23.55,1085000,PAN
2024-09-16,23.7,24.0,23.4,23.45,1767200,PAN
2024-09-17,23.35,23.6,23.3,23.55,1460900,PAN
2024-09-18,23.65,23.75,23.35,23.5,1144300,PAN
2024-09-19,23.6,23.65,23.4,23.65,922700,PAN
2024-09-20,23.9,23.9,23.4,23.65,2042600,PAN
2024-09-23,23.65,23.9,23.4,23.8,966600,PAN
2024-09-24,23.7,23.85,23.65,23.75,634500,PAN
2024-09-25,23.75,24.15,23.7,24.1,2546200,PAN
2024-09-26,24.1,24.1,23.75,23.75,963800,PAN
2024-09-27,23.7,23.9,23.45,23.6,1193100,PAN
2024-09-30,23.5,23.7,23.4,23.6,1115600,PAN
2024-10-01,23.6,23.8,23.6,23.65,779200,PAN
2024-10-02,23.6,23.6,23.35,23.35,859100,PAN
2024-10-03,23.35,23.6,22.95,23.05,982800,PAN
2024-10-04,23.05,23.25,22.95,23.1,943900,PAN
2024-10-07,23.25,23.55,23.1,23.45,796900,PAN
2024-10-08,23.4,24.0,23.35,23.85,1219700,PAN
2024-10-09,24.0,24.0,23.75,23.9,726400,PAN
2024-10-10,24.0,24.8,23.9,24.5,3702900,PAN
2024-10-11,24.5,24.65,24.25,24.4,1023600,PAN
2024-10-14,24.35,24.65,24.15,24.45,861900,PAN
2024-10-15,24.5,24.8,24.3,24.6,1670000,PAN
2024-10-16,24.65,25.1,24.4,24.65,2663500,PAN
2024-10-17,24.8,24.8,24.35,24.75,700100,PAN
2024-10-18,24.8,24.8,24.15,24.5,1003100,PAN
2024-10-21,24.25,24.45,23.75,23.75,2862200,PAN
2024-10-22,23.85,23.85,23.55,23.75,1075300,PAN
2024-10-23,24.2,24.3,23.6,23.7,3667900,PAN
2024-10-24,23.7,23.85,23.5,23.5,983900,PAN
2024-10-25,23.65,23.7,23.4,23.6,556100,PAN
2024-10-28,23.6,23.85,23.5,23.8,469500,PAN
2024-10-29,23.9,24.2,23.8,24.2,1018500,PAN
2024-10-30,24.2,24.55,24.0,24.45,1497700,PAN
2024-10-31,24.45,24.5,24.25,24.45,407300,PAN
2024-11-01,24.35,24.75,24.25,24.5,1193600,PAN
2024-11-04,24.6,24.6,24.1,24.15,794800,PAN
2024-11-05,24.25,24.25,23.8,24.0,917900,PAN
2024-11-06,24.0,24.35,23.9,24.3,1101100,PAN
2024-11-07,24.35,24.35,23.95,23.95,1456100,PAN
2024-11-08,23.95,24.05,23.8,24.0,859600,PAN
2024-11-11,24.0,24.0,23.5,23.7,1249200,PAN
2024-11-12,23.65,23.75,23.4,23.6,1033900,PAN
2024-11-13,23.45,23.55,23.1,23.3,1079900,PAN
2024-11-14,23.3,23.35,22.55,22.7,1509000,PAN
2024-11-15,22.6,22.8,22.45,22.5,871700,PAN
2024-11-18,22.5,22.7,22.2,22.6,711800,PAN
2024-11-19,22.7,22.7,22.3,22.3,372600,PAN
2024-11-20,22.25,22.55,22.05,22.35,903000,PAN
2024-11-21,22.35,22.5,22.3,22.45,373500,PAN
2024-11-22,22.45,22.85,22.3,22.7,1499800,PAN
2024-11-25,22.8,22.8,22.35,22.4,1409500,PAN
2024-11-26,22.5,22.65,22.4,22.6,878700,PAN
2024-11-27,22.65,22.8,22.55,22.75,479600,PAN
2024-11-28,22.85,22.85,22.5,22.6,483800,PAN
2024-11-29,22.55,22.8,22.5,22.75,405700,PAN
2024-12-02,22.8,22.85,22.55,22.65,624300,PAN
2024-12-03,22.6,22.75,22.5,22.6,503400,PAN
2024-12-04,22.5,22.7,22.45,22.45,480600,PAN
2024-12-05,22.45,23.2,22.1,22.85,1713800,PAN
2024-12-06,22.9,23.0,22.6,22.7,635900,PAN
2024-12-09,22.7,22.7,22.45,22.5,1267000,PAN
2024-12-10,22.6,23.25,22.45,23.15,3058300,PAN
2024-12-11,23.15,23.2,22.95,23.0,737000,PAN
2024-12-12,23.0,23.05,22.8,22.8,816900,PAN
2024-12-13,22.7,23.1,22.6,22.95,1385600,PAN
2024-12-16,22.95,23.15,22.7,22.8,988700,PAN
2024-12-17,22.95,23.05,22.85,22.9,573600,PAN
2024-12-18,22.85,23.75,22.85,23.7,2464400,PAN
2024-12-19,23.4,23.6,23.3,23.5,1753900,PAN
2024-12-20,23.45,23.85,23.4,23.6,1384700,PAN
2024-12-23,23.65,23.75,23.6,23.75,885500,PAN
2024-12-24,23.8,23.8,23.45,23.6,1105500,PAN
2024-12-25,23.65,24.0,23.55,23.75,2377800,PAN
2024-12-26,23.85,23.9,23.55,23.55,870800,PAN
2024-12-27,23.55,23.75,23.45,23.55,1157200,PAN
2024-12-30,23.65,24.05,23.55,23.85,1392100,PAN
2024-12-31,23.85,23.85,23.6,23.75,702300,PAN
2025-01-02,23.75,23.85,23.6,23.8,615700,PAN
2025-01-03,23.75,23.75,23.35,23.35,1145300,PAN
2025-01-06,23.45,23.45,23.05,23.15,1312800,PAN
2025-01-07,23.15,23.35,23.1,23.2,1011000,PAN
2025-01-08,23.25,24.45,23.15,24.2,1986900,PAN
2025-01-09,24.3,24.7,24.1,24.5,2727500,PAN
2025-01-10,24.55,24.6,23.7,23.7,1193400,PAN
2025-01-13,23.6,24.25,23.55,24.1,1372700,PAN
2025-01-14,24.3,24.3,23.95,23.95,664400,PAN
2025-01-15,23.95,25.4,23.9,25.05,2530700,PAN
2025-01-16,25.2,25.2,24.8,25.0,692100,PAN
2025-01-17,24.85,25.7,24.85,25.4,1455400,PAN
2025-01-20,25.65,25.9,25.2,25.25,1337000,PAN
2025-01-21,25.4,25.55,24.7,25.05,1234000,PAN
2025-01-22,25.1,25.2,24.6,24.6,968700,PAN
2025-01-23,24.95,25.45,24.9,25.25,1062000,PAN
2025-01-24,25.3,25.7,25.1,25.1,1117100,PAN
2025-02-03,25.15,25.85,25.1,25.5,1469300,PAN
2025-02-04,25.55,27.25,25.55,26.8,4985100,PAN
2025-02-05,26.9,26.9,26.5,26.8,832400,PAN
2025-02-06,27.0,27.05,26.35,26.6,1550000,PAN
2025-02-07,26.6,27.45,26.4,26.8,2093100,PAN
2025-02-10,26.55,26.75,26.25,26.45,1809000,PAN
2025-02-11,26.4,26.75,26.4,26.7,1011600,PAN
2025-02-12,26.8,27.45,26.3,26.6,1793700,PAN
2025-02-13,26.5,27.5,26.45,27.5,1900300,PAN
2025-02-14,27.75,27.75,27.05,27.05,1391500,PAN
2025-02-17,27.05,27.15,26.7,26.85,1664600,PAN
2025-02-18,26.7,27.3,26.55,27.25,1982800,PAN
2025-02-19,27.25,28.3,27.25,28.0,3251700,PAN
2025-02-20,28.0,28.3,27.75,28.0,1715500,PAN
2025-02-21,27.95,28.2,27.8,28.2,859800,PAN
2025-02-24,28.2,28.3,27.75,28.15,1203300,PAN
2025-02-25,28.2,28.45,27.6,28.1,1309300,PAN
2025-02-26,28.05,28.5,27.85,28.3,1100200,PAN
2025-02-27,28.2,28.4,27.9,28.4,961200,PAN
2025-02-28,28.45,29.2,28.0,28.25,1404500,PAN
2025-03-03,28.25,28.25,27.5,27.75,1832700,PAN
2025-03-04,27.7,28.1,27.35,28.1,1827900,PAN
2025-03-05,28.35,28.35,27.75,28.05,866700,PAN
2025-03-06,28.05,28.4,28.0,28.35,1122400,PAN
2025-03-07,28.4,28.9,28.15,28.15,1662900,PAN
2025-03-10,28.15,28.25,27.65,27.65,1407100,PAN
2025-03-11,27.1,27.4,26.2,26.8,4528300,PAN
2025-03-12,26.8,27.3,26.45,27.3,1771700,PAN
2025-03-13,27.3,27.4,26.55,26.6,1593500,PAN
2025-03-14,26.6,26.8,26.5,26.5,1010600,PAN
2024-09-04,24.35,25.0,24.17,24.74,1312139,PC1
2024-09-05,24.78,24.83,24.39,24.39,993824,PC1
2024-09-06,24.39,24.61,24.35,24.48,1003449,PC1
2024-09-09,24.39,24.78,24.35,24.52,724924,PC1
2024-09-10,24.7,25.13,24.65,24.65,2793874,PC1
2024-09-11,24.65,25.13,24.65,25.09,3262811,PC1
2024-09-12,25.57,25.65,25.17,25.22,1883224,PC1
2024-09-13,25.31,25.31,24.91,24.91,1006712,PC1
2024-09-16,25.04,25.22,24.83,24.83,1347845,PC1
2024-09-17,24.83,25.04,24.52,25.04,1059603,PC1
2024-09-18,25.09,25.26,25.04,25.17,1854236,PC1
2024-09-19,25.04,25.17,24.83,25.04,1188726,PC1
2024-09-20,25.22,25.22,24.91,25.13,2002009,PC1
2024-09-23,25.22,25.22,24.91,25.04,1105008,PC1
2024-09-24,24.96,25.09,24.91,25.04,1343966,PC1
2024-09-25,25.22,25.61,25.09,25.61,5531717,PC1
2024-09-26,25.65,25.65,25.22,25.35,3227189,PC1
2024-09-27,25.48,25.48,24.91,25.35,2524940,PC1
2024-09-30,25.35,25.35,25.0,25.22,2189189,PC1
2024-10-01,25.39,25.39,24.96,24.96,3542487,PC1
2024-10-02,25.0,25.09,24.7,24.74,1725545,PC1
2024-10-03,24.74,25.04,24.22,24.22,3975114,PC1
2024-10-04,24.17,24.26,23.96,23.96,2482307,PC1
2024-10-07,24.17,24.26,23.87,23.96,1442640,PC1
2024-10-08,24.0,24.26,23.96,24.17,1005619,PC1
2024-10-09,24.17,24.44,24.17,24.31,882782,PC1
2024-10-10,24.44,24.57,24.39,24.48,1413604,PC1
2024-10-11,24.61,24.61,24.17,24.26,1356344,PC1
2024-10-14,24.48,24.52,24.09,24.09,1784872,PC1
2024-10-15,24.09,24.26,23.91,23.91,1571791,PC1
2024-10-16,23.91,24.04,23.78,23.83,1601992,PC1
2024-10-17,23.83,24.0,23.7,23.87,1153853,PC1
2024-10-18,23.96,24.22,23.96,23.96,945295,PC1
2024-10-21,23.96,24.17,23.91,24.0,658769,PC1
2024-10-22,24.0,24.0,23.44,23.7,1471621,PC1
2024-10-23,23.78,23.78,23.31,23.52,1866254,PC1
2024-10-24,23.52,23.7,23.31,23.31,1153275,PC1
2024-10-25,23.35,23.39,23.22,23.22,974401,PC1
2024-10-28,23.31,23.48,23.22,23.31,616911,PC1
2024-10-29,23.44,23.78,23.39,23.61,1501493,PC1
2024-10-30,23.61,23.78,23.35,23.35,1249132,PC1
2024-10-31,23.61,23.65,23.26,23.31,1750443,PC1
2024-11-01,23.48,23.74,23.31,23.35,1692742,PC1
2024-11-04,23.61,23.61,23.39,23.39,1411278,PC1
2024-11-05,23.65,23.65,23.48,23.52,1804591,PC1
2024-11-06,23.61,23.83,23.44,23.83,2632823,PC1
2024-11-07,24.2,24.2,23.8,23.8,2025267,PC1
2024-11-08,23.95,23.95,23.0,23.15,2460541,PC1
2024-11-11,23.2,23.5,23.05,23.25,1731500,PC1
2024-11-12,23.45,23.7,23.3,23.3,1662009,PC1
2024-11-13,23.25,23.5,23.2,23.4,1009860,PC1
2024-11-14,23.4,23.5,22.9,22.95,1637907,PC1
2024-11-15,22.75,22.85,22.1,22.1,2307122,PC1
2024-11-18,22.0,22.5,21.9,22.35,978735,PC1
2024-11-19,22.35,22.55,21.8,21.8,1431608,PC1
2024-11-20,21.7,22.4,21.65,22.3,1390500,PC1
2024-11-21,22.45,22.5,22.3,22.4,573400,PC1
2024-11-22,22.35,22.5,22.3,22.3,1070900,PC1
2024-11-25,22.4,23.15,22.4,22.9,1740200,PC1
2024-11-26,22.9,23.15,22.85,22.9,704400,PC1
2024-11-27,22.95,23.15,22.8,22.9,669700,PC1
2024-11-28,22.95,23.2,22.95,23.0,867500,PC1
2024-11-29,23.2,23.45,23.0,23.1,1503200,PC1
2024-12-02,23.15,23.35,23.05,23.1,1108300,PC1
2024-12-03,23.2,23.25,23.0,23.1,1039700,PC1
2024-12-04,23.2,23.2,22.85,22.85,824800,PC1
2024-12-05,22.85,23.3,22.75,23.3,1554000,PC1
2024-12-06,23.4,23.65,23.25,23.25,1173700,PC1
2024-12-09,23.3,23.3,23.15,23.15,1191800,PC1
2024-12-10,23.15,23.4,22.8,22.85,2089600,PC1
2024-12-11,23.0,23.2,22.8,22.85,1180500,PC1
2024-12-12,22.85,23.05,22.8,22.85,886400,PC1
2024-12-13,23.0,23.0,22.8,22.85,888400,PC1
2024-12-16,22.9,23.0,22.7,22.75,712100,PC1
2024-12-17,22.8,22.9,22.7,22.7,727800,PC1
2024-12-18,22.75,22.95,22.7,22.85,692300,PC1
2024-12-19,22.7,22.8,22.55,22.65,931200,PC1
2024-12-20,22.7,23.1,22.7,22.8,949100,PC1
2024-12-23,23.0,23.15,22.85,22.9,448900,PC1
2024-12-24,22.9,22.9,22.7,22.75,607800,PC1
2024-12-25,22.75,23.8,22.75,23.25,2855300,PC1
2024-12-26,23.25,23.4,23.05,23.05,603300,PC1
2024-12-27,23.1,23.3,22.8,22.8,1212400,PC1
2024-12-30,22.8,22.95,22.75,22.75,1209100,PC1
2024-12-31,22.75,22.9,22.6,22.9,849500,PC1
2025-01-02,23.1,23.15,22.7,22.75,793400,PC1
2025-01-03,22.75,23.0,22.7,22.7,1322700,PC1
2025-01-06,22.7,22.9,22.0,22.0,1656000,PC1
2025-01-07,22.1,22.2,21.9,21.95,880300,PC1
2025-01-08,22.05,22.1,21.9,22.05,410600,PC1
2025-01-09,22.05,22.2,21.9,21.9,684100,PC1
2025-01-10,21.7,21.9,21.5,21.6,2019100,PC1
2025-01-13,21.55,21.7,21.1,21.55,1993600,PC1
2025-01-14,21.6,21.8,21.55,21.65,580000,PC1
2025-01-15,21.95,22.2,21.7,22.1,1727700,PC1
2025-01-16,22.35,22.4,22.25,22.3,1131300,PC1
2025-01-17,22.4,22.65,22.3,22.55,1619100,PC1
2025-01-20,22.6,22.7,22.5,22.65,1327600,PC1
2025-01-21,22.65,22.9,22.6,22.75,1498300,PC1
2025-01-22,22.75,22.8,22.6,22.7,1346900,PC1
2025-01-23,22.5,22.85,22.5,22.85,996900,PC1
2025-01-24,22.85,23.15,22.7,23.0,1501700,PC1
2025-02-03,23.0,23.15,22.7,23.1,984100,PC1
2025-02-04,23.1,23.2,22.95,23.15,2040600,PC1
2025-02-05,23.15,23.2,22.95,23.05,1554600,PC1
2025-02-06,23.0,23.5,23.0,23.4,3929800,PC1
2025-02-07,23.5,24.4,23.45,23.95,4527600,PC1
2025-02-10,23.75,23.75,23.2,23.2,1625100,PC1
2025-02-11,23.45,23.55,23.2,23.4,1588100,PC1
2025-02-12,23.4,23.85,23.4,23.55,2120700,PC1
2025-02-13,23.55,24.2,23.55,23.8,3814600,PC1
2025-02-14,24.1,24.1,23.6,23.6,2153000,PC1
2025-02-17,23.65,24.3,23.65,23.7,4175100,PC1
2025-02-18,23.8,24.2,23.65,23.8,1986800,PC1
2025-02-19,23.85,24.1,23.65,24.1,3353800,PC1
2025-02-20,24.2,24.25,23.8,23.95,1854600,PC1
2025-02-21,23.9,23.95,23.7,23.75,1959300,PC1
2025-02-24,23.6,23.75,23.45,23.7,2981700,PC1
2025-02-25,23.7,24.3,23.65,24.05,4435700,PC1
2025-02-26,24.05,24.2,23.85,24.15,1823200,PC1
2025-02-27,24.2,24.7,24.05,24.4,4492400,PC1
2025-02-28,24.4,24.4,24.0,24.0,2438500,PC1
2025-03-03,24.0,24.25,23.85,24.0,2240800,PC1
2025-03-04,24.0,24.0,23.6,23.9,2150100,PC1
2025-03-05,23.8,24.0,23.5,23.55,1800600,PC1
2025-03-06,23.6,23.7,23.5,23.65,1731700,PC1
2025-03-07,23.75,23.85,23.55,23.6,2117300,PC1
2025-03-10,23.65,23.95,23.55,23.7,2718400,PC1
2025-03-11,23.5,24.0,23.4,24.0,2256500,PC1
2025-03-12,23.95,24.1,23.65,23.7,2138300,PC1
2025-03-13,23.75,23.75,23.1,23.1,3195500,PC1
2025-03-14,23.1,23.2,22.7,22.8,2409700,PC1
2024-09-04,21.2,22.5,21.15,22.4,16162100,PDR
2024-09-05,22.4,22.65,21.6,21.85,11841400,PDR
2024-09-06,21.8,21.85,21.35,21.6,8282600,PDR
2024-09-09,21.4,22.0,21.3,21.7,6161400,PDR
2024-09-10,21.8,21.8,20.9,20.9,14404800,PDR
2024-09-11,20.7,21.45,20.6,21.15,12505400,PDR
2024-09-12,21.45,21.45,20.95,21.15,4093800,PDR
2024-09-13,21.0,21.6,21.0,21.5,8387900,PDR
2024-09-16,21.5,21.6,20.7,20.7,7718600,PDR
2024-09-17,20.75,21.9,20.55,21.75,12212100,PDR
2024-09-18,21.8,22.1,21.7,21.75,9984300,PDR
2024-09-19,21.8,22.6,21.75,22.4,13699700,PDR
2024-09-20,22.7,22.8,22.0,22.2,12056500,PDR
2024-09-23,22.15,22.5,21.85,22.2,6402600,PDR
2024-09-24,22.2,22.55,22.05,22.55,8584600,PDR
2024-09-25,22.8,23.2,22.65,23.15,11264200,PDR
2024-09-26,23.15,23.25,22.65,22.8,7435800,PDR
2024-09-27,22.9,23.2,22.6,22.8,8919700,PDR
2024-09-30,22.6,22.65,22.3,22.5,7235300,PDR
2024-10-01,22.6,22.95,22.45,22.45,8039900,PDR
2024-10-02,22.35,22.4,21.2,21.2,18600800,PDR
2024-10-03,21.2,21.35,20.5,20.6,18046600,PDR
2024-10-04,20.95,21.15,20.75,20.8,6320000,PDR
2024-10-07,21.05,21.1,20.6,21.05,4588600,PDR
2024-10-08,20.95,21.15,20.65,21.05,5618900,PDR
2024-10-09,21.15,21.45,21.05,21.15,4562500,PDR
2024-10-10,21.3,21.4,20.55,20.8,7233400,PDR
2024-10-11,20.85,21.35,20.8,21.25,6519700,PDR
2024-10-14,21.1,21.3,20.8,20.9,5479100,PDR
2024-10-15,20.9,21.1,20.0,20.1,15949600,PDR
2024-10-16,20.05,20.3,19.55,19.7,8616900,PDR
2024-10-17,19.8,21.05,19.5,21.05,12472300,PDR
2024-10-18,21.1,21.2,20.85,20.9,6934900,PDR
2024-10-21,20.85,21.35,20.6,20.6,7718100,PDR
2024-10-22,20.6,21.4,20.5,20.9,8256200,PDR
2024-10-23,20.95,21.75,20.75,21.6,12834500,PDR
2024-10-24,21.6,21.8,21.3,21.35,8155500,PDR
2024-10-25,21.45,21.95,21.35,21.65,12361600,PDR
2024-10-28,21.65,21.75,21.4,21.6,5071800,PDR
2024-10-29,21.75,21.9,20.7,21.15,14080300,PDR
2024-10-30,21.0,21.45,20.9,21.25,5093500,PDR
2024-10-31,21.0,21.25,20.85,21.05,3242800,PDR
2024-11-01,20.95,21.25,20.75,20.9,5236200,PDR
2024-11-04,20.9,21.05,20.6,20.95,4107400,PDR
2024-11-05,20.95,21.35,20.8,21.15,5591400,PDR
2024-11-06,21.3,21.4,21.0,21.3,3969500,PDR
2024-11-07,21.4,22.2,21.2,21.7,13718000,PDR
2024-11-08,21.75,21.85,21.25,21.35,6260700,PDR
2024-11-11,21.35,21.35,20.7,20.85,7815800,PDR
2024-11-12,20.9,21.0,20.7,20.7,3897100,PDR
2024-11-13,20.6,21.15,20.55,21.1,5239800,PDR
2024-11-14,21.15,21.15,20.5,20.5,4580600,PDR
2024-11-15,20.4,20.55,19.7,19.95,7973400,PDR
2024-11-18,19.95,20.45,19.55,20.25,6009300,PDR
2024-11-19,20.25,20.45,19.9,20.1,3267700,PDR
2024-11-20,20.1,21.5,19.85,20.9,14591700,PDR
2024-11-21,20.9,21.3,20.85,21.05,3891800,PDR
2024-11-22,21.0,21.1,20.6,20.75,6158300,PDR
2024-11-25,20.75,21.1,20.65,20.95,6239800,PDR
2024-11-26,20.95,21.8,20.95,21.3,10883900,PDR
2024-11-27,21.35,21.35,21.0,21.3,4117200,PDR
2024-11-28,21.45,21.55,21.05,21.15,6171900,PDR
2024-11-29,21.05,21.25,20.9,21.2,5915200,PDR
2024-12-02,21.2,21.3,20.75,20.85,7291500,PDR
2024-12-03,20.9,20.95,20.7,20.7,5179000,PDR
2024-12-04,20.7,21.0,20.3,20.4,6438700,PDR
2024-12-05,20.4,21.8,20.25,21.8,17335400,PDR
2024-12-06,22.05,22.25,21.8,22.0,18707100,PDR
2024-12-09,22.0,22.4,21.9,22.2,13387100,PDR
2024-12-10,22.15,22.25,21.85,22.0,7540500,PDR
2024-12-11,22.0,22.15,21.7,21.85,6842200,PDR
2024-12-12,21.85,22.05,21.55,21.65,6054600,PDR
2024-12-13,21.45,21.65,21.35,21.5,6570400,PDR
2024-12-16,21.65,21.65,21.25,21.5,6328600,PDR
2024-12-17,21.5,21.65,21.3,21.3,4564600,PDR
2024-12-18,21.3,21.6,21.25,21.6,4379000,PDR
2024-12-19,21.25,21.35,20.7,21.05,15386400,PDR
2024-12-20,20.95,21.15,20.85,21.0,5673400,PDR
2024-12-23,21.05,21.15,20.8,20.8,4133200,PDR
2024-12-24,20.8,20.8,20.05,20.2,13244400,PDR
2024-12-25,20.3,20.6,20.25,20.45,5814400,PDR
2024-12-26,20.4,20.75,20.35,20.75,5478400,PDR
2024-12-27,20.75,20.75,20.4,20.6,5554300,PDR
2024-12-30,20.6,21.05,20.5,21.0,13844900,PDR
2024-12-31,20.95,20.95,20.7,20.7,2797900,PDR
2025-01-02,20.7,20.9,20.55,20.7,2221300,PDR
2025-01-03,20.65,20.85,20.35,20.45,4006400,PDR
2025-01-06,20.45,20.5,19.5,19.6,9643700,PDR
2025-01-07,19.8,19.8,18.6,18.85,10392800,PDR
2025-01-08,18.75,19.35,18.65,19.3,4402600,PDR
2025-01-09,19.3,19.45,18.95,19.0,2805600,PDR
2025-01-10,19.0,19.15,18.05,18.05,5198500,PDR
2025-01-13,18.0,18.85,17.85,18.75,6190400,PDR
2025-01-14,18.75,18.8,18.35,18.4,1855200,PDR
2025-01-15,18.45,18.8,18.45,18.8,2944600,PDR
2025-01-16,18.85,19.1,18.5,18.6,3876600,PDR
2025-01-17,18.75,18.95,18.6,18.85,2508500,PDR
2025-01-20,18.95,18.95,18.6,18.8,2510200,PDR
2025-01-21,18.75,18.8,18.4,18.4,4098100,PDR
2025-01-22,18.45,18.6,18.1,18.35,2947300,PDR
2025-01-23,18.4,18.8,18.25,18.6,3855100,PDR
2025-01-24,18.75,19.2,18.75,19.1,7554100,PDR
2025-02-03,19.0,19.2,18.7,18.7,3130200,PDR
2025-02-04,18.9,19.15,18.6,19.05,5295400,PDR
2025-02-05,19.25,20.1,19.2,19.75,11732700,PDR
2025-02-06,19.6,19.9,19.45,19.8,5441600,PDR
2025-02-07,19.8,19.8,19.45,19.45,4084900,PDR
2025-02-10,19.25,19.25,18.8,18.8,7141600,PDR
2025-02-11,18.95,18.95,18.7,18.9,3534600,PDR
2025-02-12,18.95,19.1,18.75,18.75,2564300,PDR
2025-02-13,18.8,18.95,18.6,18.95,2751000,PDR
2025-02-14,19.0,19.2,18.95,19.1,4471600,PDR
2025-02-17,19.25,19.4,19.1,19.1,5522600,PDR
2025-02-18,19.1,19.6,19.1,19.2,4763400,PDR
2025-02-19,19.3,19.7,19.2,19.55,7628400,PDR
2025-02-20,19.55,20.0,19.4,19.4,8571300,PDR
2025-02-21,19.35,19.4,19.1,19.15,6167900,PDR
2025-02-24,19.25,19.35,19.0,19.35,5894900,PDR
2025-02-25,19.55,19.85,19.35,19.45,5620300,PDR
2025-02-26,19.45,19.55,19.15,19.2,5933900,PDR
2025-02-27,19.2,19.9,19.15,19.8,10162300,PDR
2025-02-28,19.85,20.3,19.65,19.9,12338700,PDR
2025-03-03,20.0,20.3,19.9,20.1,7932800,PDR
2025-03-04,20.1,20.5,19.85,20.1,11989400,PDR
2025-03-05,20.2,20.2,19.55,19.55,7881300,PDR
2025-03-06,19.6,20.0,19.55,20.0,6933900,PDR
2025-03-07,20.15,20.8,20.1,20.3,13634200,PDR
2025-03-10,20.4,20.7,20.2,20.4,8639100,PDR
2025-03-11,20.1,20.6,19.95,20.6,8567400,PDR
2025-03-12,20.45,20.55,20.05,20.5,11558400,PDR
2025-03-13,20.45,20.6,19.8,19.8,9161500,PDR
2025-03-14,19.9,20.5,19.65,20.2,10643800,PDR
2024-09-04,56.37,56.37,55.14,55.71,270933,PHR
2024-09-05,56.09,56.28,54.09,54.09,261490,PHR
2024-09-06,54.66,56.47,54.0,54.19,172726,PHR
2024-09-09,55.04,55.33,53.52,55.33,163727,PHR
2024-09-10,55.8,55.8,51.53,54.76,142540,PHR
2024-09-11,54.57,55.04,53.81,54.85,117680,PHR
2024-09-12,54.66,55.99,54.28,55.04,69088,PHR
2024-09-13,55.14,55.14,54.38,54.95,57408,PHR
2024-09-16,54.85,55.42,54.47,54.95,149749,PHR
2024-09-17,55.23,55.23,54.85,55.23,177951,PHR
2024-09-18,55.42,56.37,55.42,56.28,427744,PHR
2024-09-19,56.18,56.37,55.71,56.28,223319,PHR
2024-09-20,56.75,56.75,55.61,55.61,198939,PHR
2024-09-23,55.99,55.99,55.8,55.99,124928,PHR
2024-09-24,55.99,57.13,55.8,57.13,383805,PHR
2024-09-25,57.41,57.41,56.66,56.94,153660,PHR
2024-09-26,57.41,57.7,56.75,57.32,260011,PHR
2024-09-27,57.13,57.13,55.99,56.56,209645,PHR
2024-09-30,56.09,56.94,55.99,56.94,157512,PHR
2024-10-01,56.85,57.7,56.56,56.94,189612,PHR
2024-10-02,56.94,57.7,56.56,57.03,216432,PHR
2024-10-03,57.41,57.41,55.14,55.71,102236,PHR
2024-10-04,55.71,56.37,55.14,55.23,140541,PHR
2024-10-07,55.23,55.23,54.28,54.95,219503,PHR
2024-10-08,55.04,55.61,54.38,55.33,96240,PHR
2024-10-09,55.33,55.9,55.04,55.71,101303,PHR
2024-10-10,55.71,56.09,55.14,55.23,75568,PHR
2024-10-11,55.33,55.71,55.04,55.71,104052,PHR
2024-10-14,55.71,56.85,55.71,56.85,207263,PHR
2024-10-15,56.85,56.85,55.52,55.99,114782,PHR
2024-10-16,55.99,55.99,54.57,55.04,190622,PHR
2024-10-17,54.95,55.04,54.38,54.95,122041,PHR
2024-10-18,54.95,55.71,54.95,54.95,79100,PHR
2024-10-21,54.19,54.76,53.62,53.71,140399,PHR
2024-10-22,53.81,54.19,52.48,52.76,194524,PHR
2024-10-23,52.76,53.43,52.76,53.33,121752,PHR
2024-10-24,53.33,53.43,52.76,52.95,92218,PHR
2024-10-25,52.95,53.05,52.2,52.48,111416,PHR
2024-10-28,52.48,52.48,52.1,52.2,102636,PHR
2024-10-29,52.2,53.05,52.2,52.86,57914,PHR
2024-10-30,53.14,53.14,52.48,52.67,34970,PHR
2024-10-31,52.67,54.09,52.38,54.09,77000,PHR
2024-11-01,53.14,53.33,52.48,52.57,50301,PHR
2024-11-04,52.67,53.05,51.91,51.91,84230,PHR
2024-11-05,51.91,52.1,51.63,51.72,101423,PHR
2024-11-06,51.72,53.71,51.72,53.62,418302,PHR
2024-11-07,53.81,53.81,53.05,53.05,86101,PHR
2024-11-08,52.95,53.43,52.86,53.05,77396,PHR
2024-11-11,53.24,54.0,53.24,53.62,322409,PHR
2024-11-12,53.62,54.09,53.05,53.43,217152,PHR
2024-11-13,53.33,53.9,53.14,53.9,194167,PHR
2024-11-14,53.62,54.0,53.14,53.33,210595,PHR
2024-11-15,52.95,52.95,52.2,52.29,168748,PHR
2024-11-18,53.05,53.05,52.1,52.48,134702,PHR
2024-11-19,52.86,53.24,52.48,52.48,155142,PHR
2024-11-20,52.48,53.14,52.2,52.48,143839,PHR
2024-11-21,52.57,53.05,52.48,53.05,62673,PHR
2024-11-22,53.05,54.28,53.05,54.28,221604,PHR
2024-11-25,54.28,54.38,53.71,54.28,145836,PHR
2024-11-26,53.71,54.38,53.71,54.09,82629,PHR
2024-11-27,54.38,54.38,53.71,53.9,84521,PHR
2024-11-28,54.19,54.38,53.62,53.62,204151,PHR
2024-11-29,53.81,54.19,53.52,53.52,149421,PHR
2024-12-02,54.0,54.47,53.71,54.0,134083,PHR
2024-12-03,54.09,54.85,54.09,54.76,244076,PHR
2024-12-04,54.76,55.04,53.81,54.09,186631,PHR
2024-12-05,54.47,55.04,54.09,55.04,266903,PHR
2024-12-06,54.76,55.9,54.76,55.42,221624,PHR
2024-12-09,55.9,56.75,55.52,56.37,554652,PHR
2024-12-10,56.47,56.47,55.9,56.09,168715,PHR
2024-12-11,56.09,56.09,55.14,55.61,305554,PHR
2024-12-12,55.61,55.99,55.52,55.8,381088,PHR
2024-12-13,54.7,55.2,54.4,54.8,317080,PHR
2024-12-16,54.5,55.2,54.5,54.6,178552,PHR
2024-12-17,54.7,54.8,54.3,54.4,149647,PHR
2024-12-18,54.4,54.4,53.7,54.2,140760,PHR
2024-12-19,54.1,54.1,53.1,53.5,200921,PHR
2024-12-20,53.6,54.1,53.3,53.8,165154,PHR
2024-12-23,54.0,54.1,53.6,53.6,113362,PHR
2024-12-24,53.5,53.9,53.3,53.6,95269,PHR
2024-12-25,53.9,54.4,53.6,53.9,198150,PHR
2024-12-26,53.6,54.3,53.5,53.9,130300,PHR
2024-12-27,53.9,53.9,53.4,53.4,108300,PHR
2024-12-30,53.2,53.4,52.6,52.8,182100,PHR
2024-12-31,53.2,53.2,52.4,53.2,108200,PHR
2025-01-02,53.1,53.5,52.9,53.0,72500,PHR
2025-01-03,53.3,53.6,52.6,52.6,106300,PHR
2025-01-06,52.2,52.6,51.3,51.9,187000,PHR
2025-01-07,51.9,52.0,51.0,51.0,141100,PHR
2025-01-08,51.0,51.8,50.3,51.8,104700,PHR
2025-01-09,51.8,51.9,51.3,51.5,31500,PHR
2025-01-10,51.4,51.5,50.0,50.0,91700,PHR
2025-01-13,50.0,50.1,49.4,49.7,99900,PHR
2025-01-14,50.0,50.8,50.0,50.4,152500,PHR
2025-01-15,50.8,51.2,50.1,50.6,29100,PHR
2025-01-16,51.0,51.0,50.4,50.8,56100,PHR
2025-01-17,51.0,51.4,51.0,51.3,50800,PHR
2025-01-20,51.5,51.7,51.3,51.5,74800,PHR
2025-01-21,51.7,51.7,51.3,51.3,44600,PHR
2025-01-22,51.3,51.3,50.8,50.8,88000,PHR
2025-01-23,50.9,52.9,50.8,52.4,144000,PHR
2025-01-24,52.7,52.7,51.7,52.0,77700,PHR
2025-02-03,52.5,52.9,52.0,52.5,164400,PHR
2025-02-04,52.5,52.5,52.1,52.4,81800,PHR
2025-02-05,52.3,53.3,52.3,52.8,174800,PHR
2025-02-06,52.5,52.8,52.4,52.5,81900,PHR
2025-02-07,52.8,52.9,52.1,52.1,117400,PHR
2025-02-10,51.9,52.5,51.3,51.3,112000,PHR
2025-02-11,51.4,51.5,50.9,51.4,122900,PHR
2025-02-12,51.7,51.9,51.4,51.5,44100,PHR
2025-02-13,51.5,52.9,51.4,52.8,301100,PHR
2025-02-14,53.1,54.7,53.0,54.4,620100,PHR
2025-02-17,55.0,57.5,54.9,55.8,862100,PHR
2025-02-18,55.8,56.8,55.7,56.7,434600,PHR
2025-02-19,56.9,57.9,56.5,57.9,825900,PHR
2025-02-20,58.0,61.9,58.0,61.6,1611500,PHR
2025-02-21,61.8,62.4,60.5,62.4,864500,PHR
2025-02-24,62.0,65.9,62.0,65.4,1113600,PHR
2025-02-25,65.5,65.6,64.2,64.9,605700,PHR
2025-02-26,65.4,66.6,64.6,64.6,851800,PHR
2025-02-27,64.6,65.9,63.0,65.9,1000400,PHR
2025-02-28,65.9,66.5,64.5,66.1,1226100,PHR
2025-03-03,66.0,66.0,63.7,64.0,699100,PHR
2025-03-04,64.6,66.6,63.9,66.0,1125200,PHR
2025-03-05,66.0,66.5,65.1,65.5,489000,PHR
2025-03-06,66.1,67.6,64.6,64.9,1222000,PHR
2025-03-07,65.3,66.5,64.8,65.0,798600,PHR
2025-03-10,65.8,66.0,64.0,64.5,1141800,PHR
2025-03-11,64.1,66.1,64.1,64.8,1555500,PHR
2025-03-12,64.9,65.3,63.2,64.2,846900,PHR
2025-03-13,64.4,66.0,64.1,65.3,1170500,PHR
2025-03-14,65.4,68.8,63.7,63.8,2102100,PHR
2024-09-04,48.3,48.3,46.9,47.0,2544400,PLX
2024-09-05,47.0,47.4,45.55,46.05,2977800,PLX
2024-09-06,45.65,47.0,45.65,46.95,1277800,PLX
2024-09-09,46.2,47.1,46.2,46.45,791500,PLX
2024-09-10,46.9,46.95,46.1,46.4,1015000,PLX
2024-09-11,46.5,46.5,45.75,45.8,836300,PLX
2024-09-12,46.25,46.3,45.4,45.4,1269800,PLX
2024-09-13,45.4,45.95,45.0,45.8,726100,PLX
2024-09-16,46.45,46.45,45.0,45.0,813500,PLX
2024-09-17,45.0,45.4,44.2,45.0,1125600,PLX
2024-09-18,45.35,45.6,44.75,45.0,895400,PLX
2024-09-19,45.05,45.35,44.55,45.35,1416300,PLX
2024-09-20,45.4,46.35,45.35,46.0,1269300,PLX
2024-09-23,46.0,46.0,45.1,45.25,964800,PLX
2024-09-24,45.3,45.6,45.0,45.2,1181700,PLX
2024-09-25,45.5,45.8,45.25,45.4,1308800,PLX
2024-09-26,45.6,46.0,45.3,45.6,1671300,PLX
2024-09-27,45.7,45.75,44.9,44.95,1565100,PLX
2024-09-30,45.05,45.05,44.5,44.5,1095700,PLX
2024-10-01,44.4,44.95,44.4,44.5,1075700,PLX
2024-10-02,44.8,45.2,44.6,44.95,957100,PLX
2024-10-03,44.7,44.9,44.25,44.4,1303600,PLX
2024-10-04,44.5,45.5,44.45,45.1,2562100,PLX
2024-10-07,45.4,45.4,44.75,44.95,795900,PLX
2024-10-08,45.1,45.45,44.65,44.65,1700400,PLX
2024-10-09,44.6,44.75,44.35,44.4,1817600,PLX
2024-10-10,44.6,45.2,44.35,44.5,748900,PLX
2024-10-11,44.9,45.15,44.6,44.7,713300,PLX
2024-10-14,44.7,44.7,44.4,44.45,712800,PLX
2024-10-15,44.35,44.45,42.5,42.85,3909500,PLX
2024-10-16,42.85,42.85,41.6,41.85,2453100,PLX
2024-10-17,42.0,42.3,41.75,42.25,1199000,PLX
2024-10-18,42.4,43.0,42.3,42.35,797800,PLX
2024-10-21,42.2,42.2,41.5,41.6,1344200,PLX
2024-10-22,41.6,42.2,41.35,41.8,1350000,PLX
2024-10-23,41.95,42.45,41.9,42.3,746200,PLX
2024-10-24,42.3,42.35,41.75,41.75,738000,PLX
2024-10-25,41.8,41.85,41.45,41.55,475900,PLX
2024-10-28,41.55,42.0,40.75,42.0,770900,PLX
2024-10-29,41.5,41.95,41.5,41.9,532900,PLX
2024-10-30,42.0,42.0,41.35,41.4,581000,PLX
2024-10-31,41.4,41.4,41.0,41.1,560300,PLX
2024-11-01,41.1,41.1,40.6,40.6,815900,PLX
2024-11-04,40.55,40.7,39.9,39.9,1077200,PLX
2024-11-05,39.7,40.35,39.7,40.05,477600,PLX
2024-11-06,40.5,40.5,40.15,40.15,554900,PLX
2024-11-07,40.3,40.65,40.25,40.3,564800,PLX
2024-11-08,40.55,40.55,40.0,40.05,608500,PLX
2024-11-11,40.0,40.2,39.1,39.25,1218300,PLX
2024-11-12,39.2,39.55,39.1,39.4,730700,PLX
2024-11-13,39.4,39.45,38.6,38.9,965100,PLX
2024-11-14,38.85,39.75,38.7,38.95,867400,PLX
2024-11-15,39.25,39.25,38.4,38.4,736000,PLX
2024-11-18,38.35,38.85,37.35,37.7,964100,PLX
2024-11-19,38.0,38.8,38.0,38.3,636100,PLX
2024-11-20,38.05,38.8,38.0,38.6,443300,PLX
2024-11-21,38.65,39.3,38.35,39.05,416500,PLX
2024-11-22,39.35,39.35,38.9,39.15,309800,PLX
2024-11-25,39.3,39.45,39.0,39.4,368000,PLX
2024-11-26,39.15,39.45,38.8,39.25,524700,PLX
2024-11-27,39.25,39.4,39.05,39.1,259900,PLX
2024-11-28,39.25,40.55,39.1,40.0,1179100,PLX
2024-11-29,40.3,40.5,40.0,40.0,462600,PLX
2024-12-02,40.0,40.15,39.45,39.75,601800,PLX
2024-12-03,39.65,40.6,39.45,40.0,762700,PLX
2024-12-04,40.05,40.9,40.05,40.3,651300,PLX
2024-12-05,40.3,40.7,40.0,40.6,716100,PLX
2024-12-06,40.6,40.75,40.1,40.45,787600,PLX
2024-12-09,40.45,40.45,40.0,40.15,573300,PLX
2024-12-10,40.15,40.45,40.1,40.3,284700,PLX
2024-12-11,40.2,40.3,39.85,39.9,546600,PLX
2024-12-12,39.85,40.15,39.4,39.4,842600,PLX
2024-12-13,39.4,39.4,38.7,38.7,1285500,PLX
2024-12-16,39.0,39.0,38.65,38.7,647300,PLX
2024-12-17,38.65,38.9,38.65,38.9,438400,PLX
2024-12-18,38.7,39.75,38.7,39.3,791700,PLX
2024-12-19,38.9,40.0,38.7,39.4,776300,PLX
2024-12-20,39.6,39.75,38.65,39.0,592000,PLX
2024-12-23,39.1,39.4,38.75,38.75,526800,PLX
2024-12-24,38.85,38.85,38.25,38.45,603500,PLX
2024-12-25,38.45,38.9,38.45,38.6,740200,PLX
2024-12-26,38.8,39.1,38.45,38.45,756200,PLX
2024-12-27,38.6,38.7,38.25,38.5,1059900,PLX
2024-12-30,38.55,38.7,38.2,38.2,613600,PLX
2024-12-31,38.25,38.4,37.5,37.5,710600,PLX
2025-01-02,37.95,38.4,37.95,38.15,546600,PLX
2025-01-03,38.55,38.6,38.1,38.45,786900,PLX
2025-01-06,38.45,38.75,38.15,38.35,671000,PLX
2025-01-07,38.65,38.65,37.9,37.9,859500,PLX
2025-01-08,37.95,38.3,37.3,38.3,914900,PLX
2025-01-09,38.5,39.3,38.3,39.0,1723700,PLX
2025-01-10,38.85,39.05,38.0,38.1,715700,PLX
2025-01-13,38.55,38.9,38.35,38.9,988600,PLX
2025-01-14,39.05,40.1,39.05,39.75,1717100,PLX
2025-01-15,39.9,40.25,39.6,40.0,1316400,PLX
2025-01-16,40.35,40.35,39.75,40.0,1053800,PLX
2025-01-17,39.95,40.0,39.6,40.0,771900,PLX
2025-01-20,40.0,40.0,39.75,39.85,402200,PLX
2025-01-21,39.95,40.35,39.4,39.85,873000,PLX
2025-01-22,39.9,39.9,39.15,39.15,873000,PLX
2025-01-23,39.2,39.7,38.95,39.6,505800,PLX
2025-01-24,39.1,39.55,39.1,39.5,570100,PLX
2025-02-03,39.2,39.4,38.85,39.3,540700,PLX
2025-02-04,39.4,40.2,39.4,40.0,946300,PLX
2025-02-05,40.15,40.2,39.7,39.9,623200,PLX
2025-02-06,40.0,40.0,39.6,39.9,601300,PLX
2025-02-07,39.9,39.9,39.7,39.85,734700,PLX
2025-02-10,39.8,40.75,39.6,40.4,2002500,PLX
2025-02-11,40.5,41.3,40.4,41.2,2096000,PLX
2025-02-12,41.2,41.45,41.1,41.35,1136400,PLX
2025-02-13,41.35,42.2,40.95,42.0,2400000,PLX
2025-02-14,42.4,42.75,42.0,42.35,2154600,PLX
2025-02-17,42.4,43.1,41.9,42.05,2503600,PLX
2025-02-18,42.0,42.75,41.9,42.6,1697200,PLX
2025-02-19,43.0,43.3,42.8,43.2,2234800,PLX
2025-02-20,43.35,43.35,42.9,43.1,1277000,PLX
2025-02-21,42.8,43.5,42.7,43.2,1857100,PLX
2025-02-24,43.1,43.15,42.65,43.0,1506700,PLX
2025-02-25,43.0,43.6,43.0,43.3,1837800,PLX
2025-02-26,43.3,43.45,43.0,43.25,1081700,PLX
2025-02-27,43.2,43.4,42.85,42.95,1384900,PLX
2025-02-28,42.95,43.7,42.95,43.55,1736700,PLX
2025-03-03,43.4,44.3,43.25,44.2,2398400,PLX
2025-03-04,44.2,44.55,43.7,44.5,2099000,PLX
2025-03-05,44.5,44.5,43.75,43.75,1231500,PLX
2025-03-06,43.7,43.8,42.7,43.65,2031600,PLX
2025-03-07,43.6,43.6,42.55,42.85,3052600,PLX
2025-03-10,43.0,43.0,42.2,43.0,2077400,PLX
2025-03-11,42.6,43.3,42.4,43.3,1582300,PLX
2025-03-12,43.25,43.25,42.6,42.9,1183400,PLX
2025-03-13,42.85,42.85,41.7,41.7,2540000,PLX
2025-03-14,41.6,41.8,41.0,41.4,1679700,PLX
2024-09-04,99.06,99.74,98.08,99.15,1173773,PNJ
2024-09-05,99.84,100.43,98.08,98.08,1095454,PNJ
2024-09-06,97.98,98.57,97.1,97.59,1144558,PNJ
2024-09-09,97.29,97.98,96.41,97.49,921562,PNJ
2024-09-10,97.49,98.37,96.9,97.0,742642,PNJ
2024-09-11,96.7,97.39,96.51,97.19,653910,PNJ
2024-09-12,97.88,98.17,97.29,97.39,664356,PNJ
2024-09-13,97.59,97.88,97.29,97.78,584918,PNJ
2024-09-16,97.98,99.35,97.49,97.49,974198,PNJ
2024-09-17,97.19,97.98,97.19,97.98,525101,PNJ
2024-09-18,98.17,98.47,97.49,97.98,1006197,PNJ
2024-09-19,97.98,97.98,96.51,96.9,1494055,PNJ
2024-09-20,97.29,97.78,96.7,96.8,1660957,PNJ
2024-09-23,97.0,97.49,96.51,97.1,562085,PNJ
2024-09-24,97.1,98.57,97.1,97.39,847219,PNJ
2024-09-25,97.78,97.88,97.0,97.59,1192442,PNJ
2024-09-26,97.78,98.37,97.29,97.29,1364861,PNJ
2024-09-27,97.59,97.59,96.61,97.0,1089361,PNJ
2024-09-30,97.1,97.19,96.51,96.8,968967,PNJ
2024-10-01,97.0,97.19,96.41,96.41,1511766,PNJ
2024-10-02,96.91,98.1,96.71,97.4,1827761,PNJ
2024-10-03,97.4,97.8,96.51,96.61,712881,PNJ
2024-10-04,96.61,96.71,94.82,94.82,1484719,PNJ
2024-10-07,94.92,95.81,94.62,94.82,791533,PNJ
2024-10-08,94.82,94.82,93.92,94.22,876330,PNJ
2024-10-09,94.22,94.42,93.72,93.82,777259,PNJ
2024-10-10,93.63,95.51,93.63,94.92,1211355,PNJ
2024-10-11,94.82,94.82,94.22,94.82,487899,PNJ
2024-10-14,94.42,94.82,93.82,94.12,776119,PNJ
2024-10-15,94.12,94.32,93.53,93.53,646576,PNJ
2024-10-16,93.72,94.32,93.72,94.02,479543,PNJ
2024-10-17,94.12,94.62,94.02,94.52,498252,PNJ
2024-10-18,94.92,94.92,94.32,94.32,436080,PNJ
2024-10-21,94.42,94.62,93.92,94.02,401551,PNJ
2024-10-22,93.82,94.02,92.04,92.43,1333740,PNJ
2024-10-23,92.73,93.33,92.53,93.23,822645,PNJ
2024-10-24,93.33,93.53,92.83,93.43,752047,PNJ
2024-10-25,93.53,93.63,93.33,93.53,439565,PNJ
2024-10-28,93.63,94.32,92.04,94.32,704779,PNJ
2024-10-29,94.42,95.81,94.42,95.71,1063542,PNJ
2024-10-30,95.81,95.91,94.72,94.92,278335,PNJ
2024-10-31,95.22,95.22,94.12,94.22,476314,PNJ
2024-11-01,93.63,93.63,90.84,90.84,3489753,PNJ
2024-11-04,91.44,92.63,91.14,92.13,1228895,PNJ
2024-11-05,92.13,93.33,92.04,92.93,740213,PNJ
2024-11-06,93.03,94.32,92.63,93.72,712154,PNJ
2024-11-07,93.72,93.82,92.33,92.73,781417,PNJ
2024-11-08,92.73,92.73,92.04,92.43,523881,PNJ
2024-11-11,92.23,92.43,91.34,92.33,749734,PNJ
2024-11-12,91.94,92.63,91.54,92.63,371581,PNJ
2024-11-13,92.53,92.53,92.13,92.43,286238,PNJ
2024-11-14,92.43,93.03,92.33,92.43,384074,PNJ
2024-11-15,92.33,92.33,90.54,90.84,900191,PNJ
2024-11-18,91.64,91.74,90.05,91.34,696573,PNJ
2024-11-19,91.64,91.64,90.25,91.14,402964,PNJ
2024-11-20,91.04,92.23,90.44,92.23,707838,PNJ
2024-11-21,92.23,93.43,91.54,93.43,797461,PNJ
2024-11-22,93.53,93.53,91.74,92.33,380604,PNJ
2024-11-25,92.63,92.73,92.04,92.33,269008,PNJ
2024-11-26,92.33,92.43,91.94,92.23,381435,PNJ
2024-11-27,92.23,92.73,92.13,92.43,287513,PNJ
2024-11-28,93.13,93.13,92.23,92.23,245638,PNJ
2024-11-29,92.63,92.73,92.23,92.33,846286,PNJ
2024-12-02,92.43,93.72,92.43,93.43,1201256,PNJ
2024-12-03,93.43,93.63,93.03,93.03,347632,PNJ
2024-12-04,93.13,93.72,92.93,93.63,655259,PNJ
2024-12-05,93.82,96.11,93.82,95.41,1301746,PNJ
2024-12-06,95.81,95.91,95.12,95.81,726236,PNJ
2024-12-09,96.11,96.81,96.01,96.21,920739,PNJ
2024-12-10,96.41,97.0,95.71,96.41,741282,PNJ
2024-12-11,96.11,96.41,95.61,96.21,1068472,PNJ
2024-12-12,96.21,97.5,95.61,96.21,1427497,PNJ
2024-12-13,96.41,96.51,96.01,96.41,645797,PNJ
2024-12-16,96.91,98.5,96.91,97.6,1233393,PNJ
2024-12-17,97.4,97.5,96.91,97.2,249179,PNJ
2024-12-18,97.0,97.2,96.41,96.91,334522,PNJ
2024-12-19,96.01,96.81,95.81,96.81,602202,PNJ
2024-12-20,96.61,96.81,96.21,96.41,181340,PNJ
2024-12-23,96.41,97.2,96.31,96.71,344801,PNJ
2024-12-24,96.71,96.71,95.41,96.61,508759,PNJ
2024-12-25,96.91,97.3,96.41,97.0,506724,PNJ
2024-12-26,97.3,97.4,96.51,96.91,415523,PNJ
2024-12-27,97.0,97.0,96.41,97.0,414274,PNJ
2024-12-30,96.91,97.9,96.61,96.91,807591,PNJ
2024-12-31,96.91,97.3,96.91,97.3,495628,PNJ
2025-01-02,97.4,97.4,96.91,97.3,357487,PNJ
2025-01-03,96.91,97.3,95.61,96.01,456442,PNJ
2025-01-06,96.31,96.31,95.51,96.21,448964,PNJ
2025-01-07,95.61,96.01,94.02,94.02,683861,PNJ
2025-01-08,94.02,96.01,93.72,95.41,286411,PNJ
2025-01-09,95.41,95.41,94.52,94.52,166577,PNJ
2025-01-10,94.92,94.92,93.23,93.23,309166,PNJ
2025-01-13,93.13,94.32,92.93,93.82,364065,PNJ
2025-01-14,95.02,95.02,93.82,94.82,415145,PNJ
2025-01-15,94.42,95.22,93.03,93.72,415032,PNJ
2025-01-16,93.53,95.12,93.53,94.42,340619,PNJ
2025-01-17,94.92,94.92,94.32,94.62,96595,PNJ
2025-01-20,95.12,95.51,94.62,95.51,347684,PNJ
2025-01-21,95.71,95.71,93.43,95.02,135215,PNJ
2025-01-22,95.32,95.41,95.02,95.22,235743,PNJ
2025-01-23,96.21,96.51,95.61,96.51,561313,PNJ
2025-01-24,96.71,97.4,96.61,97.0,461741,PNJ
2025-02-03,97.3,98.0,97.0,97.5,488289,PNJ
2025-02-04,97.7,97.9,97.3,97.6,449792,PNJ
2025-02-05,97.5,97.7,97.3,97.6,392818,PNJ
2025-02-06,97.8,99.39,97.7,98.99,1463353,PNJ
2025-02-07,98.2,98.89,97.2,97.7,559729,PNJ
2025-02-10,97.5,97.5,95.0,95.2,639192,PNJ
2025-02-11,95.3,95.9,94.5,94.5,291187,PNJ
2025-02-12,95.1,95.5,94.6,95.0,172552,PNJ
2025-02-13,95.5,95.6,94.6,95.0,230923,PNJ
2025-02-14,96.0,96.2,95.0,95.6,235608,PNJ
2025-02-17,95.2,95.5,93.9,95.4,552128,PNJ
2025-02-18,95.2,95.2,93.6,93.6,706299,PNJ
2025-02-19,93.6,95.0,93.6,95.0,323274,PNJ
2025-02-20,94.8,94.9,94.0,94.1,345866,PNJ
2025-02-21,94.1,94.9,94.1,94.3,246200,PNJ
2025-02-24,94.5,95.1,94.4,94.6,195900,PNJ
2025-02-25,94.9,95.8,94.7,95.5,371600,PNJ
2025-02-26,95.5,95.6,94.8,95.6,621300,PNJ
2025-02-27,95.7,95.8,94.7,94.7,244200,PNJ
2025-02-28,94.7,94.8,93.5,94.0,578000,PNJ
2025-03-03,94.0,94.7,93.8,94.1,226000,PNJ
2025-03-04,94.1,94.6,93.9,94.2,258500,PNJ
2025-03-05,94.0,94.3,93.0,93.0,693200,PNJ
2025-03-06,94.6,94.6,93.5,93.7,280100,PNJ
2025-03-07,93.5,94.2,93.1,93.9,352400,PNJ
2025-03-10,93.9,93.9,93.3,93.3,318800,PNJ
2025-03-11,93.4,93.4,92.8,93.4,279600,PNJ
2025-03-12,93.4,93.4,91.0,91.0,1268500,PNJ
2025-03-13,91.7,91.8,90.0,90.0,1102700,PNJ
2025-03-14,90.1,91.0,87.0,87.4,1711300,PNJ
2024-09-04,13.35,13.4,13.2,13.2,6585700,POW
2024-09-05,13.2,13.3,12.9,13.05,7870400,POW
2024-09-06,13.15,13.15,12.8,13.1,5592800,POW
2024-09-09,13.1,13.15,12.9,13.05,2527900,POW
2024-09-10,13.25,13.25,12.95,13.0,3367500,POW
2024-09-11,12.95,13.05,12.8,12.85,3784500,POW
2024-09-12,12.9,13.05,12.9,12.9,1649200,POW
2024-09-13,12.95,13.0,12.8,12.8,2316200,POW
2024-09-16,12.85,12.95,12.25,12.3,9058900,POW
2024-09-17,12.35,12.55,12.25,12.55,4649700,POW
2024-09-18,12.6,12.75,12.45,12.75,7347900,POW
2024-09-19,12.75,12.8,12.55,12.55,3166200,POW
2024-09-20,12.6,12.75,12.5,12.55,5232400,POW
2024-09-23,12.65,12.7,12.5,12.5,3154700,POW
2024-09-24,12.55,12.65,12.5,12.6,2322200,POW
2024-09-25,12.7,13.05,12.6,13.05,15412500,POW
2024-09-26,13.05,13.15,12.95,13.05,6034400,POW
2024-09-27,13.0,13.25,13.0,13.05,7500100,POW
2024-09-30,13.05,13.1,12.9,13.1,4604100,POW
2024-10-01,13.1,13.25,13.05,13.2,7410900,POW
2024-10-02,13.2,13.2,13.05,13.15,3963100,POW
2024-10-03,13.1,13.3,12.8,12.8,7901200,POW
2024-10-04,12.9,13.0,12.8,12.95,3379200,POW
2024-10-07,13.05,13.1,12.75,12.75,4623000,POW
2024-10-08,12.8,12.95,12.7,12.8,2874100,POW
2024-10-09,12.85,12.95,12.75,12.95,4342900,POW
2024-10-10,13.0,13.1,12.85,12.9,3054900,POW
2024-10-11,13.0,13.0,12.6,12.6,8909600,POW
2024-10-14,12.8,13.1,12.8,12.8,8349200,POW
2024-10-15,12.8,12.95,12.5,12.6,5122800,POW
2024-10-16,12.7,12.75,12.5,12.6,2941300,POW
2024-10-17,12.5,12.65,12.4,12.55,4008500,POW
2024-10-18,12.55,12.7,12.5,12.5,3456000,POW
2024-10-21,12.5,12.55,12.4,12.45,2880300,POW
2024-10-22,12.45,12.45,12.05,12.2,8762300,POW
2024-10-23,12.25,12.4,12.15,12.25,3239400,POW
2024-10-24,12.25,12.35,12.1,12.1,3452700,POW
2024-10-25,12.2,12.2,11.9,11.9,4369300,POW
2024-10-28,11.95,12.0,11.85,11.95,2600000,POW
2024-10-29,11.95,12.15,11.95,12.05,3469900,POW
2024-10-30,12.05,12.1,11.95,12.05,2282000,POW
2024-10-31,12.2,12.2,11.95,11.95,5657100,POW
2024-11-01,12.0,12.0,11.6,11.6,7503200,POW
2024-11-04,11.7,11.7,11.45,11.45,5064300,POW
2024-11-05,11.45,11.6,11.45,11.55,3472300,POW
2024-11-06,11.6,11.85,11.6,11.8,5947200,POW
2024-11-07,11.9,11.9,11.7,11.7,2648000,POW
2024-11-08,11.7,11.9,11.65,11.7,4359000,POW
2024-11-11,11.7,11.8,11.55,11.7,3695400,POW
2024-11-12,11.75,11.9,11.7,11.7,6230000,POW
2024-11-13,11.7,11.75,11.55,11.7,3429600,POW
2024-11-14,11.7,11.75,11.45,11.5,5168600,POW
2024-11-15,11.45,11.5,11.25,11.25,7686000,POW
2024-11-18,11.25,11.4,11.2,11.3,4207200,POW
2024-11-19,11.35,11.4,11.2,11.2,3538300,POW
2024-11-20,11.15,11.5,11.15,11.35,4157400,POW
2024-11-21,11.35,11.45,11.3,11.45,2166800,POW
2024-11-22,11.45,11.5,11.3,11.4,3114200,POW
2024-11-25,11.4,12.15,11.4,12.15,18614000,POW
2024-11-26,12.2,12.5,12.2,12.35,10904000,POW
2024-11-27,12.25,12.65,12.15,12.55,13053100,POW
2024-11-28,12.65,12.65,12.45,12.45,4779600,POW
2024-11-29,12.45,12.55,12.4,12.4,6650000,POW
2024-12-02,12.5,12.6,12.25,12.4,4981200,POW
2024-12-03,12.4,12.75,12.2,12.65,13626600,POW
2024-12-04,12.65,12.65,12.25,12.3,5774600,POW
2024-12-05,12.3,12.55,12.25,12.5,8789400,POW
2024-12-06,12.55,12.65,12.4,12.45,6590400,POW
2024-12-09,12.45,12.55,12.35,12.5,5185000,POW
2024-12-10,12.55,13.0,12.55,12.65,12759200,POW
2024-12-11,12.65,12.7,12.35,12.4,5617700,POW
2024-12-12,12.5,12.55,12.3,12.3,5484900,POW
2024-12-13,12.35,12.35,12.2,12.25,3419000,POW
2024-12-16,12.3,12.4,12.25,12.4,3610800,POW
2024-12-17,12.4,12.45,12.25,12.35,2391700,POW
2024-12-18,12.35,12.6,12.3,12.6,7025600,POW
2024-12-19,12.45,12.5,12.3,12.4,5092100,POW
2024-12-20,12.5,12.5,12.2,12.2,7568400,POW
2024-12-23,12.25,12.3,12.1,12.1,6143100,POW
2024-12-24,12.1,12.15,11.85,12.05,8756900,POW
2024-12-25,11.95,12.25,11.95,12.15,4582200,POW
2024-12-26,12.15,12.25,12.05,12.15,3522100,POW
2024-12-27,12.2,12.2,12.0,12.0,4154400,POW
2024-12-30,12.0,12.15,11.95,12.15,3269500,POW
2024-12-31,12.15,12.15,12.0,12.0,1844800,POW
2025-01-02,12.0,12.15,11.95,12.0,3025300,POW
2025-01-03,12.0,12.0,11.75,11.8,4994500,POW
2025-01-06,11.8,11.95,11.5,11.55,5442900,POW
2025-01-07,11.6,11.65,11.45,11.45,4024800,POW
2025-01-08,11.45,11.75,11.45,11.65,2851600,POW
2025-01-09,11.7,11.75,11.6,11.7,2021700,POW
2025-01-10,11.7,12.1,11.65,11.65,4739700,POW
2025-01-13,11.7,11.9,11.7,11.8,3323800,POW
2025-01-14,11.85,11.9,11.65,11.65,2465100,POW
2025-01-15,11.75,11.9,11.65,11.9,2611100,POW
2025-01-16,12.0,12.0,11.75,11.85,2709300,POW
2025-01-17,11.85,11.85,11.7,11.75,2601900,POW
2025-01-20,11.75,11.8,11.6,11.6,3735400,POW
2025-01-21,11.7,11.7,11.35,11.4,5406100,POW
2025-01-22,11.45,11.55,11.3,11.3,3798400,POW
2025-01-23,11.35,11.5,11.35,11.45,3587200,POW
2025-01-24,11.5,11.5,11.35,11.5,5915500,POW
2025-02-03,11.55,11.65,11.5,11.55,3584300,POW
2025-02-04,11.6,11.8,11.55,11.75,5117100,POW
2025-02-05,11.9,11.9,11.75,11.75,3443100,POW
2025-02-06,11.8,11.95,11.75,11.8,2868200,POW
2025-02-07,11.85,12.2,11.8,11.95,9583500,POW
2025-02-10,11.95,12.0,11.8,11.8,3341800,POW
2025-02-11,11.85,12.0,11.8,11.95,3703300,POW
2025-02-12,11.95,12.05,11.8,11.9,2947600,POW
2025-02-13,11.85,12.25,11.85,12.15,7204700,POW
2025-02-14,12.15,12.3,12.1,12.15,3849600,POW
2025-02-17,12.25,12.5,12.1,12.25,9982800,POW
2025-02-18,12.35,12.4,12.2,12.25,2380100,POW
2025-02-19,12.25,12.5,12.25,12.4,7539800,POW
2025-02-20,12.45,12.45,12.2,12.2,6509400,POW
2025-02-21,12.2,12.45,12.2,12.35,6170900,POW
2025-02-24,12.3,12.4,12.25,12.35,3680600,POW
2025-02-25,12.4,12.45,12.2,12.25,6294900,POW
2025-02-26,12.3,12.3,12.05,12.1,4522700,POW
2025-02-27,12.1,12.15,11.9,12.0,6221600,POW
2025-02-28,12.05,12.4,12.05,12.25,8478300,POW
2025-03-03,12.3,12.55,12.25,12.3,6075800,POW
2025-03-04,12.25,12.35,12.1,12.15,5233200,POW
2025-03-05,12.2,12.25,11.95,11.95,7218100,POW
2025-03-06,12.0,12.1,11.95,12.1,3485100,POW
2025-03-07,12.1,12.15,12.0,12.1,3976100,POW
2025-03-10,12.15,12.2,12.05,12.05,5285000,POW
2025-03-11,11.95,12.05,11.9,12.05,3274700,POW
2025-03-12,12.0,12.15,12.0,12.1,4648900,POW
2025-03-13,12.1,12.2,11.9,11.95,5811100,POW
2025-03-14,11.95,12.0,11.8,12.0,8341200,POW
2024-09-04,12.04,12.08,11.9,11.94,253254,PPC
2024-09-05,11.94,12.04,11.94,11.94,198289,PPC
2024-09-06,11.94,11.94,11.76,11.8,229075,PPC
2024-09-09,11.76,11.85,11.71,11.71,184483,PPC
2024-09-10,11.71,11.9,11.66,11.66,223011,PPC
2024-09-11,11.71,11.71,11.48,11.52,224004,PPC
2024-09-12,11.62,11.71,11.43,11.48,269801,PPC
2024-09-13,11.48,11.52,11.38,11.48,131040,PPC
2024-09-16,11.48,11.52,11.43,11.43,214615,PPC
2024-09-17,11.48,11.57,11.43,11.57,105298,PPC
2024-09-18,11.62,11.62,11.52,11.52,112133,PPC
2024-09-19,11.52,11.62,11.48,11.48,124578,PPC
2024-09-20,11.52,11.57,11.43,11.48,261753,PPC
2024-09-23,11.43,11.48,11.38,11.48,183050,PPC
2024-09-24,11.48,11.57,11.43,11.48,194207,PPC
2024-09-25,11.48,11.76,11.48,11.71,413851,PPC
2024-09-26,11.71,11.71,11.62,11.62,245552,PPC
2024-09-27,11.62,11.8,11.57,11.62,226107,PPC
2024-09-30,11.62,11.62,11.52,11.52,165904,PPC
2024-10-01,11.52,11.76,11.52,11.76,251476,PPC
2024-10-02,11.71,11.76,11.62,11.71,140742,PPC
2024-10-03,11.71,11.76,11.57,11.57,236517,PPC
2024-10-04,11.57,11.66,11.52,11.52,116622,PPC
2024-10-07,11.62,11.62,11.48,11.48,126008,PPC
2024-10-08,11.57,11.57,11.34,11.43,353756,PPC
2024-10-09,11.48,11.76,11.48,11.71,250104,PPC
2024-10-10,11.8,11.8,11.71,11.71,192111,PPC
2024-10-11,11.85,12.22,11.8,11.99,777419,PPC
2024-10-14,11.99,12.13,11.94,12.04,283274,PPC
2024-10-15,12.08,12.13,11.94,11.94,160978,PPC
2024-10-16,12.08,12.08,11.8,11.85,182500,PPC
2024-10-17,11.76,11.99,11.76,11.9,102547,PPC
2024-10-18,11.9,11.94,11.76,11.8,195393,PPC
2024-10-21,11.71,11.76,11.62,11.62,388935,PPC
2024-10-22,11.66,11.66,11.48,11.57,453973,PPC
2024-10-23,11.57,11.57,11.43,11.48,324000,PPC
2024-10-24,11.48,11.62,11.48,11.57,294255,PPC
2024-10-25,11.57,11.62,11.48,11.48,246071,PPC
2024-10-28,11.52,11.52,11.38,11.38,368027,PPC
2024-10-29,11.52,11.62,11.43,11.52,208575,PPC
2024-10-30,11.57,11.57,11.43,11.48,169103,PPC
2024-10-31,11.48,11.52,11.43,11.48,168909,PPC
2024-11-01,11.48,11.52,11.43,11.48,275349,PPC
2024-11-04,11.48,11.62,11.48,11.62,222915,PPC
2024-11-05,11.59,11.79,11.54,11.54,271675,PPC
2024-11-06,11.54,11.59,11.4,11.54,226911,PPC
2024-11-07,11.54,11.54,11.35,11.4,156531,PPC
2024-11-08,11.4,11.49,11.35,11.35,133022,PPC
2024-11-11,11.35,11.54,11.3,11.3,255000,PPC
2024-11-12,11.3,11.49,11.3,11.35,209476,PPC
2024-11-13,11.35,11.35,11.2,11.2,212129,PPC
2024-11-14,11.2,11.25,11.1,11.1,170822,PPC
2024-11-15,11.0,11.15,10.95,11.0,187525,PPC
2024-11-18,10.86,11.0,10.86,10.95,219923,PPC
2024-11-19,10.95,11.05,10.86,10.9,300405,PPC
2024-11-20,11.1,11.1,10.9,10.9,138912,PPC
2024-11-21,10.9,11.0,10.9,10.95,154080,PPC
2024-11-22,10.95,11.05,10.86,10.86,229900,PPC
2024-11-25,10.86,11.05,10.86,11.0,316662,PPC
2024-11-26,11.0,11.05,10.95,11.0,171915,PPC
2024-11-27,10.95,11.05,10.95,10.95,212552,PPC
2024-11-28,10.95,11.0,10.71,10.86,444905,PPC
2024-11-29,10.9,10.95,10.9,10.9,103246,PPC
2024-12-02,10.9,11.0,10.86,10.86,162900,PPC
2024-12-03,10.86,10.95,10.81,10.86,221122,PPC
2024-12-04,10.86,11.15,10.86,11.05,399600,PPC
2024-12-05,11.0,11.1,10.95,11.05,164100,PPC
2024-12-06,11.05,11.25,11.05,11.25,401147,PPC
2024-12-09,11.25,11.25,11.15,11.2,207366,PPC
2024-12-10,11.25,11.4,11.25,11.3,402917,PPC
2024-12-11,11.4,11.4,11.3,11.3,227747,PPC
2024-12-12,11.4,11.4,11.2,11.2,156006,PPC
2024-12-13,11.3,11.44,11.2,11.2,143710,PPC
2024-12-16,11.2,11.3,11.15,11.15,141320,PPC
2024-12-17,11.15,11.2,11.15,11.15,180458,PPC
2024-12-18,11.1,11.25,11.1,11.2,269237,PPC
2024-12-19,11.15,11.2,11.1,11.15,164082,PPC
2024-12-20,11.15,11.2,11.1,11.15,156701,PPC
2024-12-23,11.15,11.2,11.1,11.15,151014,PPC
2024-12-24,11.2,11.2,11.15,11.2,113485,PPC
2024-12-25,11.2,11.4,11.2,11.25,208789,PPC
2024-12-26,11.35,11.35,11.25,11.3,103347,PPC
2024-12-27,11.3,11.4,11.25,11.25,172719,PPC
2024-12-30,11.25,11.3,11.2,11.2,146397,PPC
2024-12-31,11.3,11.3,11.15,11.15,183178,PPC
2025-01-02,11.2,11.25,11.1,11.15,124817,PPC
2025-01-03,11.15,11.2,11.05,11.05,145879,PPC
2025-01-06,11.05,11.1,10.95,10.95,170939,PPC
2025-01-07,11.0,11.1,10.9,10.9,179300,PPC
2025-01-08,10.95,10.95,10.85,10.9,229000,PPC
2025-01-09,10.9,11.0,10.9,10.9,106800,PPC
2025-01-10,10.9,11.05,10.9,11.0,237200,PPC
2025-01-13,11.0,11.05,10.95,11.0,267300,PPC
2025-01-14,11.0,11.1,11.0,11.0,127300,PPC
2025-01-15,11.05,11.1,11.0,11.0,137200,PPC
2025-01-16,11.1,11.1,11.0,11.0,99400,PPC
2025-01-17,11.05,11.25,11.0,11.15,213800,PPC
2025-01-20,11.2,11.4,11.2,11.25,196700,PPC
2025-01-21,11.25,11.5,11.2,11.35,339300,PPC
2025-01-22,11.4,11.4,11.3,11.35,151300,PPC
2025-01-23,11.4,11.45,11.3,11.3,147900,PPC
2025-01-24,11.35,11.4,11.25,11.3,215600,PPC
2025-02-03,11.45,11.45,11.3,11.35,202800,PPC
2025-02-04,11.45,11.75,11.35,11.65,587000,PPC
2025-02-05,11.75,11.75,11.5,11.55,204400,PPC
2025-02-06,11.6,11.6,11.45,11.6,315200,PPC
2025-02-07,11.6,11.7,11.55,11.7,444800,PPC
2025-02-10,11.65,11.7,11.45,11.45,416400,PPC
2025-02-11,11.45,11.55,11.45,11.55,298100,PPC
2025-02-12,11.6,11.6,11.45,11.55,402600,PPC
2025-02-13,11.6,11.8,11.5,11.8,890600,PPC
2025-02-14,11.9,12.1,11.75,11.75,733200,PPC
2025-02-17,11.75,11.9,11.75,11.75,408500,PPC
2025-02-18,11.8,12.05,11.8,11.9,439800,PPC
2025-02-19,11.9,12.0,11.85,11.85,518900,PPC
2025-02-20,11.95,11.95,11.75,11.75,449000,PPC
2025-02-21,11.8,11.8,11.65,11.7,407300,PPC
2025-02-24,11.7,11.95,11.65,11.85,508600,PPC
2025-02-25,11.9,11.95,11.75,11.75,283000,PPC
2025-02-26,11.8,11.85,11.7,11.7,371500,PPC
2025-02-27,11.8,11.8,11.65,11.7,284400,PPC
2025-02-28,11.7,11.8,11.65,11.7,203800,PPC
2025-03-03,11.75,11.8,11.6,11.65,317700,PPC
2025-03-04,11.65,11.65,11.5,11.55,326200,PPC
2025-03-05,11.5,11.65,11.5,11.55,243000,PPC
2025-03-06,11.55,11.65,11.5,11.55,112100,PPC
2025-03-07,11.6,11.6,11.45,11.55,331600,PPC
2025-03-10,11.5,11.6,11.45,11.45,386100,PPC
2025-03-11,11.45,11.65,11.4,11.55,236600,PPC
2025-03-12,11.55,11.7,11.55,11.7,364700,PPC
2025-03-13,11.75,11.9,11.6,11.6,489300,PPC
2025-03-14,11.6,11.7,11.5,11.55,255600,PPC
2024-09-04,64.33,64.33,63.54,63.64,39469,PTB
2024-09-05,63.54,63.83,62.95,63.05,94793,PTB
2024-09-06,63.05,63.05,62.36,63.05,67741,PTB
2024-09-09,62.55,63.44,62.06,62.36,20914,PTB
2024-09-10,62.06,62.46,60.78,60.78,78477,PTB
2024-09-11,61.86,61.86,60.58,60.98,44531,PTB
2024-09-12,62.46,62.46,61.27,61.27,37595,PTB
2024-09-13,61.27,62.06,61.27,61.27,39610,PTB
2024-09-16,61.27,62.06,60.88,60.88,55786,PTB
2024-09-17,60.39,64.13,60.39,61.67,25449,PTB
2024-09-18,62.36,62.55,61.17,61.47,38303,PTB
2024-09-19,62.06,62.06,61.08,61.08,20991,PTB
2024-09-20,61.37,62.06,60.98,61.08,78700,PTB
2024-09-23,61.57,61.57,61.08,61.08,23424,PTB
2024-09-24,61.96,61.96,60.98,61.08,96957,PTB
2024-09-25,61.86,61.86,60.98,61.08,105980,PTB
2024-09-26,61.47,61.47,60.88,60.88,72780,PTB
2024-09-27,60.98,60.98,60.09,60.68,43696,PTB
2024-09-30,61.08,61.08,59.8,59.8,93190,PTB
2024-10-01,59.7,60.98,59.11,59.4,273866,PTB
2024-10-02,59.4,60.58,59.4,59.89,107586,PTB
2024-10-03,59.6,59.89,59.3,59.5,146094,PTB
2024-10-04,59.3,59.5,58.22,58.22,215922,PTB
2024-10-07,59.99,62.06,58.61,59.89,164946,PTB
2024-10-08,59.89,61.96,59.7,59.89,108650,PTB
2024-10-09,59.89,60.68,59.7,60.68,320955,PTB
2024-10-10,61.27,61.27,60.68,60.88,57727,PTB
2024-10-11,60.88,61.08,60.29,60.88,127540,PTB
2024-10-14,60.88,60.88,60.19,60.88,122868,PTB
2024-10-15,60.88,60.88,60.09,60.09,122290,PTB
2024-10-16,60.19,60.68,59.99,60.58,65442,PTB
2024-10-17,60.58,60.68,60.19,60.68,67349,PTB
2024-10-18,60.78,60.88,60.29,60.39,69944,PTB
2024-10-21,60.19,60.58,59.5,59.5,88242,PTB
2024-10-22,59.2,59.5,59.01,59.11,101320,PTB
2024-10-23,58.71,59.01,58.02,59.01,81012,PTB
2024-10-24,59.01,59.01,57.92,57.92,160442,PTB
2024-10-25,57.92,58.61,57.92,58.12,58451,PTB
2024-10-28,58.12,58.81,57.63,58.61,82968,PTB
2024-10-29,59.01,60.88,59.01,60.88,281942,PTB
2024-10-30,60.98,61.08,60.09,61.08,133753,PTB
2024-10-31,61.77,62.36,60.58,62.06,239657,PTB
2024-11-01,62.06,62.06,60.09,61.27,124915,PTB
2024-11-04,60.98,60.98,60.09,60.29,101367,PTB
2024-11-05,59.8,60.78,59.8,60.29,71403,PTB
2024-11-06,60.29,62.06,60.29,61.96,162284,PTB
2024-11-07,62.26,62.85,61.47,61.57,187178,PTB
2024-11-08,61.37,63.93,61.08,63.74,543708,PTB
2024-11-11,64.13,64.72,63.83,64.62,274455,PTB
2024-11-12,64.62,64.62,63.14,63.34,168510,PTB
2024-11-13,62.95,64.92,62.85,64.03,235418,PTB
2024-11-14,63.74,64.52,61.27,61.27,297154,PTB
2024-11-15,61.67,62.55,61.37,62.06,311733,PTB
2024-11-18,62.06,62.95,61.77,62.55,168460,PTB
2024-11-19,62.36,62.95,59.11,59.89,155425,PTB
2024-11-20,59.99,63.05,59.2,61.08,288837,PTB
2024-11-21,61.86,61.86,60.29,61.47,36982,PTB
2024-11-22,61.57,61.57,60.88,61.08,70485,PTB
2024-11-25,60.68,61.47,60.49,61.08,44508,PTB
2024-11-26,61.08,62.06,61.08,61.08,131836,PTB
2024-11-27,61.96,61.96,60.58,61.08,137520,PTB
2024-11-28,61.27,61.47,60.88,61.17,42645,PTB
2024-11-29,61.37,62.95,61.17,62.95,277402,PTB
2024-12-02,62.95,63.14,62.75,63.14,154114,PTB
2024-12-03,63.24,63.83,62.95,63.34,136491,PTB
2024-12-04,63.34,63.34,62.36,62.36,120823,PTB
2024-12-05,62.26,63.74,62.26,63.14,200909,PTB
2024-12-06,63.14,64.33,63.14,63.44,178474,PTB
2024-12-09,63.44,63.83,62.95,63.44,83833,PTB
2024-12-10,63.44,63.44,63.05,63.05,93341,PTB
2024-12-11,62.85,63.44,62.36,62.36,174699,PTB
2024-12-12,62.36,63.34,62.26,62.65,139579,PTB
2024-12-13,62.65,62.75,62.36,62.46,32907,PTB
2024-12-16,62.95,62.95,62.06,62.36,108804,PTB
2024-12-17,62.36,62.55,61.57,61.77,60226,PTB
2024-12-18,62.06,63.24,61.96,62.95,101249,PTB
2024-12-19,62.55,63.14,62.46,62.85,107678,PTB
2024-12-20,62.75,63.74,62.55,62.95,110112,PTB
2024-12-23,63.64,63.64,62.46,63.14,52838,PTB
2024-12-24,62.95,66.1,62.85,65.21,385557,PTB
2024-12-25,65.02,66.1,65.02,65.21,179831,PTB
2024-12-26,65.21,65.8,64.82,65.12,172686,PTB
2024-12-27,65.12,65.51,64.23,64.72,138102,PTB
2024-12-30,64.13,64.62,64.03,64.13,117910,PTB
2024-12-31,65.02,67.77,64.23,66.3,867279,PTB
2025-01-02,66.3,67.5,65.8,66.2,49922,PTB
2025-01-03,65.8,66.3,65.0,65.0,82941,PTB
2025-01-06,65.0,65.0,63.5,63.5,156912,PTB
2025-01-07,63.5,63.6,62.7,63.6,130813,PTB
2025-01-08,63.0,64.2,62.6,63.5,75630,PTB
2025-01-09,63.5,64.2,62.8,63.4,32615,PTB
2025-01-10,63.9,63.9,62.6,62.6,50002,PTB
2025-01-13,61.5,62.0,60.2,62.0,135807,PTB
2025-01-14,61.7,62.0,60.7,61.2,55010,PTB
2025-01-15,60.7,61.2,60.1,61.0,95800,PTB
2025-01-16,62.0,62.0,60.5,61.0,55500,PTB
2025-01-17,61.0,62.5,60.6,62.5,74500,PTB
2025-01-20,63.4,63.4,61.5,62.5,76500,PTB
2025-01-21,62.5,62.6,62.0,62.3,82100,PTB
2025-01-22,62.0,62.1,61.0,61.0,225800,PTB
2025-01-23,61.8,61.8,60.7,61.2,178400,PTB
2025-01-24,61.2,62.4,60.7,62.4,189200,PTB
2025-02-03,62.4,62.5,61.7,62.1,48400,PTB
2025-02-04,61.8,62.8,61.8,62.1,48200,PTB
2025-02-05,62.5,64.2,62.5,63.4,199000,PTB
2025-02-06,63.8,63.9,63.1,63.6,73800,PTB
2025-02-07,63.5,63.7,62.0,62.1,208500,PTB
2025-02-10,62.1,62.1,60.5,60.5,183300,PTB
2025-02-11,60.2,61.4,60.2,61.2,79600,PTB
2025-02-12,61.6,61.6,60.3,60.5,213500,PTB
2025-02-13,60.8,61.0,60.5,61.0,38800,PTB
2025-02-14,60.7,61.2,60.5,60.6,93300,PTB
2025-02-17,60.6,61.3,60.4,60.5,161000,PTB
2025-02-18,60.5,60.6,59.9,59.9,198400,PTB
2025-02-19,60.0,61.3,59.9,60.9,72700,PTB
2025-02-20,60.9,62.0,60.6,61.0,66800,PTB
2025-02-21,60.9,61.1,60.4,60.4,81500,PTB
2025-02-24,60.4,61.0,60.0,60.6,87600,PTB
2025-02-25,60.6,61.0,59.9,60.4,167900,PTB
2025-02-26,60.4,60.5,60.0,60.1,57700,PTB
2025-02-27,60.1,60.6,59.1,60.1,294400,PTB
2025-02-28,59.8,61.4,59.6,61.4,233600,PTB
2025-03-03,60.8,61.3,60.5,60.8,79000,PTB
2025-03-04,60.7,60.7,59.8,60.0,171100,PTB
2025-03-05,60.2,60.2,59.1,59.1,87300,PTB
2025-03-06,59.6,60.0,59.2,59.3,99500,PTB
2025-03-07,59.9,60.0,59.0,59.0,109900,PTB
2025-03-10,59.5,59.5,58.5,59.0,143100,PTB
2025-03-11,58.8,59.3,58.3,58.5,197100,PTB
2025-03-12,59.0,59.0,57.5,57.9,370400,PTB
2025-03-13,58.4,59.3,58.0,58.3,286700,PTB
2025-03-14,58.3,58.3,57.2,57.2,241400,PTB
2024-09-04,26.95,27.1,26.65,26.7,4934600,PVD
2024-09-05,26.75,26.95,26.1,26.25,2901900,PVD
2024-09-06,26.4,26.75,26.1,26.6,3236900,PVD
2024-09-09,26.5,27.1,26.45,26.8,2385600,PVD
2024-09-10,27.0,27.0,26.3,26.65,2353200,PVD
2024-09-11,26.25,26.5,26.1,26.4,2888200,PVD
2024-09-12,26.7,26.7,26.15,26.4,1598000,PVD
2024-09-13,26.55,26.55,25.9,26.0,3328900,PVD
2024-09-16,26.0,26.3,25.1,25.4,3597500,PVD
2024-09-17,25.55,25.55,25.05,25.4,3697600,PVD
2024-09-18,25.6,26.05,25.6,25.6,3050000,PVD
2024-09-19,25.75,25.95,25.6,25.75,2155700,PVD
2024-09-20,25.9,27.1,25.9,27.05,11017100,PVD
2024-09-23,27.15,27.2,26.8,26.85,2838300,PVD
2024-09-24,26.9,27.55,26.8,27.55,6765900,PVD
2024-09-25,27.7,27.7,27.4,27.6,4968300,PVD
2024-09-26,27.6,28.0,27.15,27.7,5720100,PVD
2024-09-27,27.45,27.5,27.15,27.25,3876100,PVD
2024-09-30,27.45,27.75,27.2,27.7,4697100,PVD
2024-10-01,27.75,27.85,27.4,27.4,4242900,PVD
2024-10-02,27.75,27.85,27.55,27.55,3877700,PVD
2024-10-03,27.7,27.8,26.9,27.25,4894500,PVD
2024-10-04,27.4,28.1,27.3,27.7,9041100,PVD
2024-10-07,28.0,28.2,27.7,27.95,2876900,PVD
2024-10-08,28.2,28.55,27.8,28.05,6923000,PVD
2024-10-09,28.0,28.0,27.45,27.7,4810900,PVD
2024-10-10,27.7,27.8,27.3,27.35,4092700,PVD
2024-10-11,27.6,27.75,27.35,27.55,2490400,PVD
2024-10-14,27.55,27.6,27.1,27.1,3957600,PVD
2024-10-15,27.05,27.15,26.1,26.6,7649300,PVD
2024-10-16,26.55,26.65,26.25,26.3,1705000,PVD
2024-10-17,26.4,26.55,25.85,26.55,3417100,PVD
2024-10-18,26.6,26.65,26.25,26.25,2185600,PVD
2024-10-21,26.15,26.25,25.8,25.8,3072500,PVD
2024-10-22,25.85,25.95,25.5,25.6,2652300,PVD
2024-10-23,25.9,26.0,25.55,25.85,1866600,PVD
2024-10-24,25.95,26.3,25.9,25.9,2752200,PVD
2024-10-25,26.15,26.15,25.6,25.65,2771800,PVD
2024-10-28,25.4,26.15,25.4,25.8,2076400,PVD
2024-10-29,25.9,26.0,25.7,25.75,1947600,PVD
2024-10-30,25.8,26.0,25.6,25.6,3256700,PVD
2024-10-31,25.85,25.9,25.6,25.65,1937300,PVD
2024-11-01,25.7,26.15,25.55,25.75,2817100,PVD
2024-11-04,25.9,25.9,25.1,25.2,3248000,PVD
2024-11-05,25.3,25.4,25.1,25.15,1978600,PVD
2024-11-06,25.5,25.5,25.1,25.35,2881100,PVD
2024-11-07,25.45,25.75,25.4,25.5,2454600,PVD
2024-11-08,25.7,25.95,25.4,25.5,3602600,PVD
2024-11-11,25.55,25.65,25.1,25.35,2404600,PVD
2024-11-12,25.4,25.45,24.1,24.2,9291000,PVD
2024-11-13,24.2,24.2,23.2,23.8,8253400,PVD
2024-11-14,23.7,23.75,23.2,23.2,2559800,PVD
2024-11-15,23.1,23.55,23.0,23.2,4622500,PVD
2024-11-18,23.2,23.55,23.0,23.4,2171800,PVD
2024-11-19,23.65,23.7,23.1,23.1,2323700,PVD
2024-11-20,23.2,23.5,22.55,23.2,3635000,PVD
2024-11-21,23.3,23.75,23.15,23.6,3000000,PVD
2024-11-22,23.5,23.95,23.5,23.55,2749600,PVD
2024-11-25,23.7,23.95,23.5,23.9,2507000,PVD
2024-11-26,23.65,23.95,23.5,23.85,2525300,PVD
2024-11-27,23.75,23.8,23.5,23.5,2135700,PVD
2024-11-28,23.7,24.0,23.45,23.6,2898100,PVD
2024-11-29,23.75,23.75,23.5,23.7,2020800,PVD
2024-12-02,23.8,23.8,23.4,23.55,2601800,PVD
2024-12-03,23.6,23.6,23.25,23.25,2670700,PVD
2024-12-04,23.4,23.6,23.1,23.15,2536100,PVD
2024-12-05,23.15,23.8,23.0,23.8,3564600,PVD
2024-12-06,23.95,24.3,23.85,24.0,3628700,PVD
2024-12-09,24.0,24.2,24.0,24.1,1810000,PVD
2024-12-10,24.2,24.2,23.8,23.9,2622900,PVD
2024-12-11,23.9,24.05,23.7,23.75,1796300,PVD
2024-12-12,23.85,24.1,23.8,23.95,2114800,PVD
2024-12-13,23.3,23.9,23.3,23.6,1570900,PVD
2024-12-16,23.6,24.0,23.6,23.9,2224600,PVD
2024-12-17,23.9,23.95,23.35,23.45,3156800,PVD
2024-12-18,23.45,24.35,23.4,24.15,3391600,PVD
2024-12-19,23.8,24.4,23.65,24.2,4597500,PVD
2024-12-20,24.2,24.2,23.85,23.9,2328700,PVD
2024-12-23,24.0,24.2,23.7,23.7,2342600,PVD
2024-12-24,23.7,23.8,23.45,23.6,2630000,PVD
2024-12-25,23.75,24.2,23.75,23.95,3549400,PVD
2024-12-26,24.1,24.5,24.05,24.05,3791000,PVD
2024-12-27,24.15,24.2,23.65,24.1,3087900,PVD
2024-12-30,24.1,24.1,23.6,23.7,2306200,PVD
2024-12-31,23.75,23.9,23.4,23.4,2082600,PVD
2025-01-02,23.5,23.65,23.4,23.45,1618100,PVD
2025-01-03,23.65,23.9,23.4,23.5,3512100,PVD
2025-01-06,23.65,23.8,22.9,22.95,3178300,PVD
2025-01-07,23.0,23.15,21.95,22.15,5499300,PVD
2025-01-08,22.15,22.4,21.7,22.15,3840400,PVD
2025-01-09,22.2,22.45,22.15,22.15,2175200,PVD
2025-01-10,22.2,22.8,22.1,22.15,3918200,PVD
2025-01-13,22.45,22.85,22.45,22.75,2567300,PVD
2025-01-14,22.85,22.9,22.35,22.4,1912900,PVD
2025-01-15,22.4,22.55,22.1,22.4,2454600,PVD
2025-01-16,22.7,22.9,22.35,22.55,2036700,PVD
2025-01-17,22.65,23.3,22.45,23.3,4046100,PVD
2025-01-20,23.3,23.6,23.2,23.45,2718000,PVD
2025-01-21,23.45,23.7,23.15,23.5,4150400,PVD
2025-01-22,23.5,23.6,23.1,23.15,2401200,PVD
2025-01-23,23.1,23.6,23.1,23.55,2008400,PVD
2025-01-24,23.55,23.6,23.25,23.6,2188800,PVD
2025-02-03,23.5,23.5,22.95,23.4,3914700,PVD
2025-02-04,23.4,23.6,23.25,23.6,2540300,PVD
2025-02-05,23.75,24.1,23.65,23.65,4008000,PVD
2025-02-06,23.65,24.0,23.6,23.75,3263400,PVD
2025-02-07,23.75,23.85,23.45,23.65,2017400,PVD
2025-02-10,23.65,23.7,23.3,23.4,2437000,PVD
2025-02-11,23.55,23.6,23.15,23.25,2310100,PVD
2025-02-12,23.45,23.6,23.25,23.45,2311600,PVD
2025-02-13,23.45,23.55,23.25,23.5,1799700,PVD
2025-02-14,23.6,24.65,23.55,24.25,11694600,PVD
2025-02-17,24.25,24.6,24.05,24.35,5677000,PVD
2025-02-18,24.45,24.6,24.3,24.4,3736300,PVD
2025-02-19,24.55,24.55,24.3,24.5,4571800,PVD
2025-02-20,24.55,24.8,24.25,24.35,4492300,PVD
2025-02-21,24.35,24.4,24.05,24.1,3416600,PVD
2025-02-24,24.1,24.6,24.0,24.6,4061300,PVD
2025-02-25,24.75,24.9,24.5,24.6,4015000,PVD
2025-02-26,24.65,24.65,24.25,24.25,3150000,PVD
2025-02-27,24.25,24.55,24.0,24.55,4265900,PVD
2025-02-28,24.9,25.2,24.7,24.75,7419600,PVD
2025-03-03,24.75,24.95,24.6,24.6,4120700,PVD
2025-03-04,24.55,24.75,24.25,24.35,3335600,PVD
2025-03-05,24.45,24.45,23.85,23.85,4501000,PVD
2025-03-06,23.85,23.9,23.5,23.7,5255200,PVD
2025-03-07,23.9,24.0,23.7,23.7,2771900,PVD
2025-03-10,23.7,24.0,23.65,23.85,3689700,PVD
2025-03-11,23.7,23.85,23.35,23.65,2907900,PVD
2025-03-12,23.7,24.05,23.55,23.7,4267800,PVD
2025-03-13,23.8,23.8,23.4,23.5,3317700,PVD
2025-03-14,23.4,23.5,23.0,23.05,6444500,PVD
2024-09-04,27.99,28.24,27.85,27.94,964487,PVT
2024-09-05,27.99,28.14,27.75,27.75,1353027,PVT
2024-09-06,27.7,28.04,27.5,27.94,1338650,PVT
2024-09-09,27.9,27.99,27.75,27.75,888452,PVT
2024-09-10,27.85,27.99,27.2,27.35,1886099,PVT
2024-09-11,27.2,27.65,27.2,27.5,980153,PVT
2024-09-12,27.65,27.94,27.6,27.7,885510,PVT
2024-09-13,27.75,27.94,27.55,27.75,567575,PVT
2024-09-16,27.75,27.9,26.36,27.2,1191716,PVT
2024-09-17,27.25,27.4,26.81,27.3,1487404,PVT
2024-09-18,27.45,27.7,27.35,27.6,1001636,PVT
2024-09-19,27.6,27.85,27.6,27.7,650938,PVT
2024-09-20,28.0,28.25,27.9,27.9,1909915,PVT
2024-09-23,27.95,28.2,27.65,27.7,772824,PVT
2024-09-24,27.65,28.0,27.65,28.0,739419,PVT
2024-09-25,28.15,28.3,28.05,28.15,1547113,PVT
2024-09-26,28.25,28.6,28.25,28.5,1790469,PVT
2024-09-27,28.5,28.6,28.2,28.2,1486855,PVT
2024-09-30,28.25,28.25,27.95,27.95,1052868,PVT
2024-10-01,28.05,28.35,27.95,28.1,1359505,PVT
2024-10-02,28.35,28.6,28.25,28.3,1261900,PVT
2024-10-03,28.3,28.45,27.7,27.75,2149700,PVT
2024-10-04,27.95,28.2,27.75,27.75,1219100,PVT
2024-10-07,27.85,28.55,27.8,28.25,2173000,PVT
2024-10-08,28.45,29.2,28.35,29.2,6254500,PVT
2024-10-09,29.2,29.3,28.95,29.3,2385800,PVT
2024-10-10,29.4,29.45,29.0,29.05,1852500,PVT
2024-10-11,29.1,29.5,28.75,28.75,2776300,PVT
2024-10-14,28.95,29.15,28.6,29.0,2285300,PVT
2024-10-15,29.0,29.25,28.3,28.3,2734600,PVT
2024-10-16,28.4,28.4,28.0,28.1,1824300,PVT
2024-10-17,28.2,28.4,27.7,28.15,2216900,PVT
2024-10-18,28.15,28.3,27.95,27.95,1151200,PVT
2024-10-21,27.85,27.95,27.5,27.5,1926900,PVT
2024-10-22,27.6,27.65,27.25,27.35,1588100,PVT
2024-10-23,27.4,27.8,27.3,27.8,771300,PVT
2024-10-24,27.75,27.8,27.35,27.35,1238000,PVT
2024-10-25,27.1,27.5,27.1,27.3,965800,PVT
2024-10-28,27.45,27.55,27.25,27.3,939200,PVT
2024-10-29,27.4,27.65,27.35,27.5,1088600,PVT
2024-10-30,27.7,27.8,27.3,27.5,2182100,PVT
2024-10-31,28.1,28.25,27.85,28.1,2246900,PVT
2024-11-01,28.0,28.05,27.45,27.55,1180800,PVT
2024-11-04,27.4,27.7,27.4,27.5,1007100,PVT
2024-11-05,27.5,27.7,27.4,27.45,881000,PVT
2024-11-06,27.55,28.1,27.55,28.1,1251300,PVT
2024-11-07,28.15,28.2,27.75,27.95,1322300,PVT
2024-11-08,27.95,28.75,27.8,28.4,2672100,PVT
2024-11-11,28.75,29.1,28.45,28.6,3991000,PVT
2024-11-12,28.85,28.85,28.25,28.3,1447100,PVT
2024-11-13,28.3,28.3,27.5,28.1,2338600,PVT
2024-11-14,28.15,28.55,27.5,27.9,3284900,PVT
2024-11-15,27.8,27.85,27.45,27.55,1794400,PVT
2024-11-18,27.55,27.65,27.25,27.35,1294100,PVT
2024-11-19,27.45,27.65,26.6,26.6,2050700,PVT
2024-11-20,26.65,27.15,26.55,26.9,1457900,PVT
2024-11-21,26.9,27.25,26.85,27.05,1028500,PVT
2024-11-22,27.2,27.3,27.0,27.3,1276100,PVT
2024-11-25,27.3,27.4,27.15,27.15,1798200,PVT
2024-11-26,27.2,27.4,27.2,27.25,802400,PVT
2024-11-27,27.25,27.3,26.75,26.8,2668700,PVT
2024-11-28,27.05,27.1,26.75,26.8,1213000,PVT
2024-11-29,26.8,27.25,26.7,27.0,1336300,PVT
2024-12-02,27.05,27.15,26.8,26.9,1297100,PVT
2024-12-03,26.95,27.7,26.85,27.1,2271600,PVT
2024-12-04,27.1,27.25,26.95,26.95,1046600,PVT
2024-12-05,27.0,27.45,26.7,27.35,1647000,PVT
2024-12-06,27.35,27.6,27.2,27.2,1574700,PVT
2024-12-09,27.3,27.45,27.15,27.2,998000,PVT
2024-12-10,27.3,27.65,27.25,27.4,2031700,PVT
2024-12-11,27.4,27.65,27.2,27.35,1447000,PVT
2024-12-12,27.4,27.55,27.1,27.1,1510800,PVT
2024-12-13,27.2,27.2,27.0,27.0,937500,PVT
2024-12-16,27.05,27.2,26.85,26.95,1488300,PVT
2024-12-17,27.0,27.45,26.9,27.15,1064800,PVT
2024-12-18,27.25,27.9,27.2,27.7,2904100,PVT
2024-12-19,27.45,28.2,27.35,27.55,2525700,PVT
2024-12-20,27.7,28.25,27.6,27.8,2691000,PVT
2024-12-23,28.0,28.1,27.55,27.6,1432800,PVT
2024-12-24,27.65,28.5,27.55,28.5,5317900,PVT
2024-12-25,28.6,28.6,28.2,28.2,2108300,PVT
2024-12-26,28.2,28.3,27.95,28.0,2064400,PVT
2024-12-27,28.05,28.1,27.6,27.7,2393900,PVT
2024-12-30,27.7,28.1,27.6,27.95,1406500,PVT
2024-12-31,27.95,28.0,27.7,27.7,1069200,PVT
2025-01-02,27.75,27.95,27.7,27.95,646700,PVT
2025-01-03,27.8,28.4,27.75,27.75,2346800,PVT
2025-01-06,27.8,27.85,26.6,26.9,2729400,PVT
2025-01-07,26.9,27.05,26.0,26.4,3053000,PVT
2025-01-08,26.5,26.7,26.15,26.7,1505600,PVT
2025-01-09,26.7,26.7,26.3,26.4,868000,PVT
2025-01-10,26.4,26.8,25.85,25.85,1639100,PVT
2025-01-13,25.7,26.1,25.7,25.95,1333300,PVT
2025-01-14,26.2,26.2,25.9,25.95,766700,PVT
2025-01-15,25.95,26.65,25.95,26.5,1618000,PVT
2025-01-16,26.75,26.85,26.4,26.4,1047600,PVT
2025-01-17,26.6,26.95,26.4,26.7,1793900,PVT
2025-01-20,26.75,26.85,26.5,26.5,838500,PVT
2025-01-21,26.55,26.75,26.0,26.2,1758700,PVT
2025-01-22,26.3,26.5,26.1,26.1,891200,PVT
2025-01-23,26.2,26.45,26.1,26.35,806200,PVT
2025-01-24,26.4,26.45,26.1,26.1,1087900,PVT
2025-02-03,25.85,26.0,25.4,25.4,4103600,PVT
2025-02-04,25.8,26.05,25.6,26.05,1431200,PVT
2025-02-05,26.15,26.5,26.1,26.3,1815200,PVT
2025-02-06,26.4,26.75,26.25,26.65,1953300,PVT
2025-02-07,26.6,26.8,26.5,26.55,1959200,PVT
2025-02-10,26.45,26.45,25.85,25.9,2378400,PVT
2025-02-11,26.2,26.2,25.75,25.75,1473100,PVT
2025-02-12,25.9,26.1,25.8,25.85,504700,PVT
2025-02-13,25.85,26.0,25.75,25.75,1410000,PVT
2025-02-14,25.9,26.35,25.9,26.1,1668000,PVT
2025-02-17,26.3,26.4,26.05,26.1,1484300,PVT
2025-02-18,26.3,26.4,26.15,26.15,1151100,PVT
2025-02-19,26.15,26.35,26.1,26.2,1932200,PVT
2025-02-20,26.25,26.65,26.25,26.55,2575900,PVT
2025-02-21,26.6,26.65,26.35,26.4,1326400,PVT
2025-02-24,26.35,26.5,26.25,26.3,1564400,PVT
2025-02-25,26.35,26.55,26.3,26.35,1740600,PVT
2025-02-26,26.3,26.85,26.3,26.35,1990400,PVT
2025-02-27,26.45,26.55,26.3,26.45,1227400,PVT
2025-02-28,26.45,27.15,26.45,26.7,4052000,PVT
2025-03-03,26.8,26.85,26.6,26.65,1659800,PVT
2025-03-04,26.7,26.75,26.25,26.3,2564200,PVT
2025-03-05,26.3,26.35,26.0,26.0,2037600,PVT
2025-03-06,26.05,26.25,26.0,26.1,1271700,PVT
2025-03-07,26.35,26.35,26.0,26.05,2405100,PVT
2025-03-10,26.1,26.3,26.0,26.0,1252000,PVT
2025-03-11,25.9,26.1,25.8,26.1,1427600,PVT
2025-03-12,26.1,26.25,25.9,25.9,1704200,PVT
2025-03-13,26.0,26.1,25.6,25.6,2133600,PVT
2025-03-14,25.6,25.8,25.3,25.4,2595600,PVT
2024-09-04,67.08,67.17,66.09,66.09,771476,REE
2024-09-05,66.19,66.58,64.21,64.41,1122537,REE
2024-09-06,64.12,65.0,62.93,64.71,934374,REE
2024-09-09,64.81,65.89,64.71,65.2,510059,REE
2024-09-10,65.4,65.6,64.02,64.12,656484,REE
2024-09-11,64.12,65.1,64.02,64.21,493269,REE
2024-09-12,65.0,65.0,64.21,64.81,281840,REE
2024-09-13,64.81,65.1,64.61,64.81,261429,REE
2024-09-16,64.91,64.91,63.82,63.82,567485,REE
2024-09-17,64.12,64.12,63.23,64.02,834652,REE
2024-09-18,64.12,65.1,64.12,64.91,638386,REE
2024-09-19,65.1,65.6,64.91,65.2,478001,REE
2024-09-20,65.6,66.29,65.6,65.69,846625,REE
2024-09-23,65.89,66.09,65.69,65.79,492915,REE
2024-09-24,65.79,66.09,65.5,65.69,459452,REE
2024-09-25,65.99,66.88,65.69,66.58,689545,REE
2024-09-26,66.98,67.27,66.48,66.48,567073,REE
2024-09-27,66.58,67.08,65.69,65.79,483680,REE
2024-09-30,65.5,65.99,65.3,65.69,369025,REE
2024-10-01,65.79,66.29,65.69,65.79,444815,REE
2024-10-02,65.5,66.88,65.5,66.48,674129,REE
2024-10-03,66.88,67.08,65.69,65.89,476916,REE
2024-10-04,66.09,66.09,65.4,65.4,340230,REE
2024-10-07,65.6,66.38,64.91,64.91,525314,REE
2024-10-08,65.2,65.4,64.51,64.71,421215,REE
2024-10-09,64.71,64.71,64.41,64.71,520281,REE
2024-10-10,64.71,65.0,64.51,64.61,662405,REE
2024-10-11,64.81,65.2,64.51,64.71,639222,REE
2024-10-14,65.6,65.69,64.81,65.0,412849,REE
2024-10-15,65.0,65.3,64.31,64.31,373611,REE
2024-10-16,64.12,64.61,63.72,64.02,424100,REE
2024-10-17,64.02,64.31,63.92,64.02,336606,REE
2024-10-18,64.02,64.61,63.92,63.92,288718,REE
2024-10-21,63.82,63.92,63.13,63.23,381578,REE
2024-10-22,63.13,63.23,62.14,62.24,641849,REE
2024-10-23,62.14,62.64,62.04,62.44,373224,REE
2024-10-24,62.44,62.64,62.14,62.64,457866,REE
2024-10-25,63.03,63.03,62.14,62.14,271438,REE
2024-10-28,62.34,62.64,62.04,62.44,285878,REE
2024-10-29,62.44,63.72,62.34,63.72,561516,REE
2024-10-30,64.02,64.31,63.82,64.12,644230,REE
2024-10-31,63.82,63.92,61.75,63.23,392046,REE
2024-11-01,63.13,63.13,61.16,61.16,3433664,REE
2024-11-04,61.45,63.23,61.16,63.13,1288748,REE
2024-11-05,62.44,63.92,62.44,62.74,560724,REE
2024-11-06,62.93,63.52,62.54,63.03,680225,REE
2024-11-07,63.33,63.82,62.83,63.62,696362,REE
2024-11-08,64.02,64.02,63.43,63.72,701768,REE
2024-11-11,63.72,64.12,63.13,64.12,551658,REE
2024-11-12,64.51,65.1,64.21,64.91,753078,REE
2024-11-13,64.71,64.71,63.92,64.51,547539,REE
2024-11-14,64.71,65.1,64.12,64.12,527937,REE
2024-11-15,63.82,64.31,63.72,64.12,834415,REE
2024-11-18,64.02,64.21,62.74,62.83,495632,REE
2024-11-19,63.13,63.13,61.95,61.95,439051,REE
2024-11-20,61.95,62.93,60.96,62.93,891973,REE
2024-11-21,63.33,64.12,62.93,64.12,583013,REE
2024-11-22,64.12,64.31,63.43,63.82,447065,REE
2024-11-25,63.92,66.38,63.33,65.99,1600690,REE
2024-11-26,65.99,66.19,65.5,65.79,494663,REE
2024-11-27,65.79,66.58,65.4,66.09,969244,REE
2024-11-28,66.19,66.29,65.69,66.09,643178,REE
2024-11-29,66.29,66.29,65.89,66.29,499804,REE
2024-12-02,66.38,66.88,65.69,65.89,520063,REE
2024-12-03,66.19,67.57,65.6,66.88,1035645,REE
2024-12-04,67.08,67.08,66.29,66.29,492089,REE
2024-12-05,66.29,67.67,66.29,67.47,1133528,REE
2024-12-06,67.47,67.57,66.88,66.88,544436,REE
2024-12-09,67.37,67.37,66.58,66.88,565276,REE
2024-12-10,67.08,67.57,66.48,66.48,444921,REE
2024-12-11,66.48,66.68,65.6,65.69,700559,REE
2024-12-12,65.69,66.19,65.1,65.1,444534,REE
2024-12-13,65.2,65.99,65.0,65.6,299749,REE
2024-12-16,65.6,65.89,65.1,65.3,234786,REE
2024-12-17,65.3,65.99,65.1,65.6,275875,REE
2024-12-18,65.6,66.88,65.5,66.88,807547,REE
2024-12-19,66.09,67.27,65.89,66.38,732751,REE
2024-12-20,66.38,67.27,66.29,66.78,583062,REE
2024-12-23,67.47,67.47,66.88,67.08,443423,REE
2024-12-24,67.08,67.08,66.48,66.58,445862,REE
2024-12-25,66.58,68.75,66.58,67.77,1078560,REE
2024-12-26,67.86,67.96,67.08,67.08,372493,REE
2024-12-27,67.47,67.47,66.78,67.08,413683,REE
2024-12-30,66.58,67.17,66.09,66.09,412076,REE
2024-12-31,66.29,66.98,65.69,66.98,402044,REE
2025-01-02,66.98,66.98,65.89,66.09,341740,REE
2025-01-03,66.38,66.38,64.12,64.51,662457,REE
2025-01-06,64.51,64.81,63.03,63.13,842876,REE
2025-01-07,63.52,64.12,62.83,63.92,465093,REE
2025-01-08,63.92,63.92,63.03,63.23,434273,REE
2025-01-09,63.23,63.72,62.93,63.52,156123,REE
2025-01-10,63.92,63.92,63.03,63.43,338632,REE
2025-01-13,63.43,64.12,62.93,64.12,323039,REE
2025-01-14,64.21,64.51,63.72,64.51,230548,REE
2025-01-15,64.12,64.51,63.92,64.02,357840,REE
2025-01-16,64.02,64.71,63.92,64.71,234809,REE
2025-01-17,64.71,65.99,64.61,65.79,567028,REE
2025-01-20,65.79,66.09,64.51,65.99,387124,REE
2025-01-21,66.09,66.09,65.1,65.1,278404,REE
2025-01-22,65.3,65.3,64.41,64.51,411778,REE
2025-01-23,64.51,65.0,64.41,65.0,339998,REE
2025-01-24,65.1,65.1,64.12,64.12,1194291,REE
2025-02-03,64.31,64.41,63.72,64.41,186608,REE
2025-02-04,64.81,65.5,64.51,65.1,397373,REE
2025-02-05,65.2,65.79,65.1,65.6,338249,REE
2025-02-06,65.89,65.89,65.1,65.1,394631,REE
2025-02-07,65.3,66.48,65.3,65.89,810050,REE
2025-02-10,65.99,65.99,65.5,65.89,513605,REE
2025-02-11,66.09,66.58,65.79,66.58,576757,REE
2025-02-12,66.88,67.47,66.58,67.08,664358,REE
2025-02-13,67.08,67.47,66.58,66.98,520505,REE
2025-02-14,66.98,67.27,66.48,66.58,617785,REE
2025-02-17,66.48,66.88,65.79,65.79,499798,REE
2025-02-18,65.69,66.68,65.69,66.58,445520,REE
2025-02-19,66.78,71.22,66.58,71.22,3066720,REE
2025-02-20,72.5,72.5,71.12,71.12,799005,REE
2025-02-21,71.12,71.81,69.94,71.02,1309705,REE
2025-02-24,70.82,74.97,70.43,73.98,2335081,REE
2025-02-25,73.98,74.28,72.89,73.29,799075,REE
2025-02-26,73.29,73.98,72.3,72.6,1091093,REE
2025-02-27,73.0,74.7,72.5,74.0,837089,REE
2025-02-28,74.0,74.2,72.0,72.4,1058788,REE
2025-03-03,72.9,72.9,71.9,72.6,754001,REE
2025-03-04,72.0,73.6,71.6,73.1,1102229,REE
2025-03-05,73.2,74.4,72.3,73.1,818652,REE
2025-03-06,73.5,74.8,73.1,73.7,726275,REE
2025-03-07,73.9,73.9,73.0,73.3,558584,REE
2025-03-10,73.6,75.7,72.7,75.0,1791200,REE
2025-03-11,73.8,74.9,73.8,74.6,698079,REE
2025-03-12,74.6,75.0,73.6,73.8,557900,REE
2025-03-13,74.2,74.2,72.1,72.2,1058800,REE
2025-03-14,72.0,72.5,70.6,70.9,1005000,REE
2024-09-04,55.21,55.69,55.02,55.21,698805,SAB
2024-09-05,55.31,56.17,54.73,55.02,824912,SAB
2024-09-06,55.02,55.31,54.73,54.73,454555,SAB
2024-09-09,54.73,54.92,53.67,54.24,1130284,SAB
2024-09-10,54.63,54.92,53.38,53.38,1290342,SAB
2024-09-11,53.76,53.76,53.09,53.47,650046,SAB
2024-09-12,54.44,54.53,53.38,53.47,626039,SAB
2024-09-13,53.57,54.34,53.57,54.15,538500,SAB
2024-09-16,53.76,54.44,53.76,53.86,567335,SAB
2024-09-17,53.76,54.53,53.76,54.53,361624,SAB
2024-09-18,54.53,54.63,54.15,54.15,467194,SAB
2024-09-19,54.34,54.73,54.24,54.53,359188,SAB
2024-09-20,54.82,55.4,54.53,55.4,946980,SAB
2024-09-23,55.5,55.79,55.11,55.4,647059,SAB
2024-09-24,55.69,55.79,55.21,55.5,598950,SAB
2024-09-25,55.5,55.69,55.31,55.4,337827,SAB
2024-09-26,55.5,56.46,55.5,56.08,1092122,SAB
2024-09-27,56.27,56.75,55.89,56.46,794975,SAB
2024-09-30,56.75,56.75,55.69,55.79,551979,SAB
2024-10-01,55.98,55.98,55.6,55.79,559796,SAB
2024-10-02,55.79,55.79,54.82,54.92,635976,SAB
2024-10-03,55.21,55.69,54.82,54.82,606980,SAB
2024-10-04,54.82,55.02,54.63,54.63,381631,SAB
2024-10-07,54.63,55.11,54.53,54.73,415370,SAB
2024-10-08,54.73,54.92,54.15,54.34,515238,SAB
2024-10-09,54.44,54.63,53.95,54.44,614267,SAB
2024-10-10,54.63,55.89,54.53,55.69,686131,SAB
2024-10-11,55.89,56.17,55.4,55.5,379916,SAB
2024-10-14,55.6,55.69,55.11,55.21,335870,SAB
2024-10-15,55.21,56.17,55.11,55.11,643033,SAB
2024-10-16,55.11,55.79,55.11,55.79,532258,SAB
2024-10-17,55.98,55.98,54.92,55.31,295177,SAB
2024-10-18,55.5,56.08,55.31,55.4,245623,SAB
2024-10-21,55.4,55.6,54.53,54.63,646129,SAB
2024-10-22,54.44,54.53,53.95,54.05,646802,SAB
2024-10-23,54.05,54.53,53.67,54.05,369549,SAB
2024-10-24,54.05,54.05,53.76,53.95,228441,SAB
2024-10-25,53.95,54.05,53.28,53.57,449639,SAB
2024-10-28,53.67,53.67,53.38,53.57,239241,SAB
2024-10-29,53.57,53.76,53.28,53.47,258706,SAB
2024-10-30,53.57,53.76,53.18,53.28,357569,SAB
2024-10-31,53.38,54.24,53.28,53.28,486669,SAB
2024-11-01,53.67,54.15,53.38,53.38,437469,SAB
2024-11-04,53.95,54.15,53.57,53.57,457210,SAB
2024-11-05,53.95,54.15,53.47,53.57,271783,SAB
2024-11-06,53.76,54.05,53.57,53.86,391840,SAB
2024-11-07,54.05,54.15,53.67,53.67,294992,SAB
2024-11-08,53.76,53.95,53.28,53.28,516840,SAB
2024-11-11,53.38,53.86,53.28,53.38,446755,SAB
2024-11-12,53.47,55.4,53.47,54.63,1042873,SAB
2024-11-13,54.73,55.02,54.34,54.82,314754,SAB
2024-11-14,54.82,54.82,54.05,54.15,298923,SAB
2024-11-15,54.05,54.15,53.57,53.57,386405,SAB
2024-11-18,54.34,54.34,53.38,53.57,471821,SAB
2024-11-19,54.05,54.05,53.09,53.09,497799,SAB
2024-11-20,52.8,53.57,52.8,53.57,414956,SAB
2024-11-21,53.67,53.67,53.18,53.38,243542,SAB
2024-11-22,53.38,54.05,53.38,53.47,382698,SAB
2024-11-25,53.95,54.05,53.57,53.57,389157,SAB
2024-11-26,53.67,54.34,53.67,54.15,718632,SAB
2024-11-27,54.15,54.63,54.15,54.15,433356,SAB
2024-11-28,54.44,54.53,53.57,53.57,342689,SAB
2024-11-29,53.57,54.15,53.28,54.15,436443,SAB
2024-12-02,54.24,54.92,54.05,54.24,355817,SAB
2024-12-03,54.24,54.34,53.86,54.24,374807,SAB
2024-12-04,54.24,55.98,54.05,55.4,1382180,SAB
2024-12-05,55.6,55.98,54.92,55.5,677051,SAB
2024-12-06,55.69,56.46,55.31,55.69,1070661,SAB
2024-12-09,55.69,55.89,55.21,55.5,462824,SAB
2024-12-10,55.5,56.27,55.4,56.08,735884,SAB
2024-12-11,56.17,56.37,55.6,55.6,817854,SAB
2024-12-12,55.6,56.08,55.5,55.5,507667,SAB
2024-12-13,55.5,55.69,55.21,55.4,462050,SAB
2024-12-16,55.4,55.6,55.21,55.31,206963,SAB
2024-12-17,55.5,55.6,55.02,55.31,340000,SAB
2024-12-18,55.31,55.6,55.31,55.4,270169,SAB
2024-12-19,55.02,55.31,54.44,54.92,770702,SAB
2024-12-20,54.92,55.11,54.44,54.53,778955,SAB
2024-12-23,55.02,56.08,54.73,55.21,588678,SAB
2024-12-24,55.31,55.5,55.02,55.21,511338,SAB
2024-12-25,55.5,55.79,55.21,55.4,845934,SAB
2024-12-26,55.2,56.0,55.2,55.7,867303,SAB
2024-12-27,55.8,55.8,55.1,55.8,633109,SAB
2024-12-30,55.7,56.1,55.2,56.1,479261,SAB
2024-12-31,55.9,55.9,55.5,55.5,366340,SAB
2025-01-02,55.8,55.8,55.1,55.6,359447,SAB
2025-01-03,55.6,55.7,55.0,55.0,367540,SAB
2025-01-06,54.9,55.7,53.6,53.6,942417,SAB
2025-01-07,53.7,54.2,53.7,53.7,403696,SAB
2025-01-08,53.7,53.9,53.6,53.7,496812,SAB
2025-01-09,53.7,54.0,53.5,53.6,411400,SAB
2025-01-10,53.6,54.0,53.6,53.6,475600,SAB
2025-01-13,53.4,54.4,53.3,54.1,462200,SAB
2025-01-14,54.0,54.5,54.0,54.5,329200,SAB
2025-01-15,55.0,55.0,54.4,55.0,331800,SAB
2025-01-16,54.8,55.4,53.8,54.0,572400,SAB
2025-01-17,53.9,55.0,53.2,53.4,637800,SAB
2025-01-20,53.6,54.2,53.6,54.1,200400,SAB
2025-01-21,54.4,54.4,53.5,53.6,257900,SAB
2025-01-22,53.9,54.1,53.6,53.7,201200,SAB
2025-01-23,54.0,54.1,53.6,54.0,235100,SAB
2025-01-24,53.7,54.1,53.7,53.8,302900,SAB
2025-02-03,53.6,53.8,52.6,52.7,598200,SAB
2025-02-04,52.8,53.0,52.4,52.7,438000,SAB
2025-02-05,52.8,53.1,52.7,53.1,269800,SAB
2025-02-06,53.2,53.2,52.7,52.7,352600,SAB
2025-02-07,52.7,52.8,52.3,52.4,768400,SAB
2025-02-10,52.2,52.4,52.0,52.2,645100,SAB
2025-02-11,52.1,52.2,51.5,51.6,747000,SAB
2025-02-12,51.7,52.0,51.7,51.9,90500,SAB
2025-02-13,51.9,52.0,51.7,51.7,274800,SAB
2025-02-14,52.4,52.4,51.5,51.6,668700,SAB
2025-02-17,51.5,51.6,51.0,51.1,1115900,SAB
2025-02-18,51.1,51.5,51.0,51.2,489700,SAB
2025-02-19,51.2,51.4,51.1,51.3,871100,SAB
2025-02-20,51.5,51.6,51.3,51.4,580300,SAB
2025-02-21,51.6,52.2,51.4,51.8,751900,SAB
2025-02-24,51.8,52.4,51.8,52.4,713800,SAB
2025-02-25,53.5,53.5,52.1,52.4,484400,SAB
2025-02-26,52.5,52.5,52.0,52.2,647800,SAB
2025-02-27,52.2,52.3,51.8,52.2,457200,SAB
2025-02-28,52.0,52.3,51.5,51.5,928900,SAB
2025-03-03,52.0,52.0,51.5,51.7,580400,SAB
2025-03-04,51.7,52.1,51.5,52.0,736100,SAB
2025-03-05,52.0,52.1,51.6,51.8,480300,SAB
2025-03-06,51.8,51.9,51.3,51.4,1209600,SAB
2025-03-07,51.9,52.0,51.1,51.2,1424200,SAB
2025-03-10,51.5,51.7,51.0,51.4,1214300,SAB
2025-03-11,51.3,51.4,50.9,51.2,1571800,SAB
2025-03-12,51.0,51.5,51.0,51.1,1576300,SAB
2025-03-13,51.1,51.5,51.0,51.1,1125100,SAB
2025-03-14,51.3,52.4,51.2,51.6,1387600,SAB
2024-09-04,11.32,11.36,11.14,11.18,1409919,SBT
2024-09-05,11.18,11.41,11.18,11.32,1454107,SBT
2024-09-06,11.32,11.41,11.18,11.41,743663,SBT
2024-09-09,11.32,11.5,11.23,11.45,1409653,SBT
2024-09-10,11.5,11.55,11.32,11.45,1980153,SBT
2024-09-11,11.27,11.5,11.27,11.45,1576116,SBT
2024-09-12,11.41,12.18,11.41,12.18,5451419,SBT
2024-09-13,12.14,12.59,11.86,12.36,5294940,SBT
2024-09-16,12.32,12.32,12.05,12.05,1739883,SBT
2024-09-17,12.05,12.5,12.05,12.32,3080642,SBT
2024-09-18,12.32,12.5,12.18,12.41,3098785,SBT
2024-09-19,12.32,12.32,11.95,12.0,4781770,SBT
2024-09-20,12.09,12.14,11.82,12.05,4485344,SBT
2024-09-23,12.09,12.27,12.05,12.14,1972469,SBT
2024-09-24,12.18,12.23,12.0,12.05,1601350,SBT
2024-09-25,12.09,12.27,12.0,12.23,2793014,SBT
2024-09-26,12.23,12.41,12.0,12.0,2425008,SBT
2024-09-27,12.05,12.09,11.82,11.91,1779542,SBT
2024-09-30,11.91,11.95,11.68,11.73,2457494,SBT
2024-10-01,11.68,11.91,11.68,11.77,1181575,SBT
2024-10-02,11.73,11.86,11.64,11.64,1547452,SBT
2024-10-03,11.64,11.73,11.55,11.59,1584776,SBT
2024-10-04,11.59,11.77,11.55,11.59,820760,SBT
2024-10-07,11.64,11.86,11.59,11.73,1063716,SBT
2024-10-08,11.73,11.82,11.64,11.73,470490,SBT
2024-10-09,11.77,11.77,11.55,11.59,1853350,SBT
2024-10-10,11.64,11.68,11.55,11.59,954560,SBT
2024-10-11,11.59,11.68,11.55,11.55,913921,SBT
2024-10-14,11.59,11.64,11.45,11.5,1125506,SBT
2024-10-15,11.5,11.64,11.32,11.32,2200108,SBT
2024-10-16,11.32,11.45,11.27,11.32,650250,SBT
2024-10-17,11.36,11.41,11.18,11.27,1049842,SBT
2024-10-18,11.41,11.41,11.27,11.27,421736,SBT
2024-10-21,11.27,11.32,11.18,11.23,879457,SBT
2024-10-22,11.23,11.23,10.95,11.18,1772527,SBT
2024-10-23,11.18,11.23,11.09,11.23,811206,SBT
2024-10-24,11.23,11.45,11.23,11.36,1339810,SBT
2024-10-25,11.45,11.45,11.32,11.41,1253765,SBT
2024-10-28,11.41,11.45,11.27,11.45,916024,SBT
2024-10-29,11.36,11.45,11.32,11.45,732202,SBT
2024-10-30,11.36,11.41,11.27,11.36,626667,SBT
2024-10-31,11.36,11.36,11.14,11.27,546529,SBT
2024-11-01,11.23,11.27,11.0,11.0,1695330,SBT
2024-11-04,11.09,11.09,10.68,10.73,1460333,SBT
2024-11-05,10.68,10.86,10.68,10.86,572243,SBT
2024-11-06,10.86,11.05,10.73,11.05,699211,SBT
2024-11-07,11.0,11.09,10.91,11.09,597410,SBT
2024-11-08,11.0,11.09,10.91,11.09,680589,SBT
2024-11-11,11.0,11.14,10.77,11.14,1165400,SBT
2024-11-12,11.09,11.14,11.0,11.14,578405,SBT
2024-11-13,11.0,11.14,10.86,11.14,989009,SBT
2024-11-14,11.05,11.09,10.91,11.09,1055871,SBT
2024-11-15,10.91,11.0,10.82,10.91,920189,SBT
2024-11-18,10.86,10.95,10.73,10.91,927495,SBT
2024-11-19,10.95,10.95,10.73,10.91,791251,SBT
2024-11-20,10.86,11.0,10.77,10.77,1531144,SBT
2024-11-21,10.77,11.05,10.77,10.77,1155411,SBT
2024-11-22,10.77,10.91,10.73,10.73,691166,SBT
2024-11-25,10.77,10.91,10.73,10.73,1354426,SBT
2024-11-26,10.77,11.05,10.77,10.95,1098716,SBT
2024-11-27,10.91,11.14,10.91,11.09,1038698,SBT
2024-11-28,11.09,11.18,11.0,11.18,962618,SBT
2024-11-29,11.14,11.36,11.09,11.18,1173275,SBT
2024-12-02,11.23,11.27,11.09,11.18,436930,SBT
2024-12-03,11.18,11.32,11.14,11.27,1215983,SBT
2024-12-04,11.18,11.36,11.18,11.23,881850,SBT
2024-12-05,11.23,11.36,11.14,11.36,967583,SBT
2024-12-06,11.41,11.64,11.32,11.59,1359179,SBT
2024-12-09,11.59,11.77,11.55,11.68,1744960,SBT
2024-12-10,11.68,11.68,11.55,11.64,1009980,SBT
2024-12-11,11.64,11.82,11.41,11.73,1816351,SBT
2024-12-12,11.73,11.86,11.64,11.82,1894284,SBT
2024-12-13,11.73,11.73,11.55,11.73,879344,SBT
2024-12-16,11.68,11.73,11.5,11.73,1077686,SBT
2024-12-17,11.73,11.73,11.5,11.68,881269,SBT
2024-12-18,11.59,11.68,11.55,11.68,1037272,SBT
2024-12-19,11.55,11.64,11.45,11.64,670560,SBT
2024-12-20,11.5,11.68,11.5,11.64,1521100,SBT
2024-12-23,11.64,11.68,11.55,11.64,958492,SBT
2024-12-24,11.68,11.68,11.55,11.64,395006,SBT
2024-12-25,11.64,11.73,11.55,11.73,887754,SBT
2024-12-26,11.77,11.82,11.64,11.77,583635,SBT
2024-12-27,11.73,11.82,11.68,11.82,887914,SBT
2024-12-30,11.82,11.82,11.64,11.82,885829,SBT
2024-12-31,11.68,11.91,11.64,11.91,2148611,SBT
2025-01-02,11.91,11.91,11.68,11.68,461535,SBT
2025-01-03,11.68,11.73,11.41,11.41,717322,SBT
2025-01-06,11.45,11.55,11.0,11.05,1081107,SBT
2025-01-07,10.86,11.23,10.86,11.05,683311,SBT
2025-01-08,11.0,11.18,10.95,11.18,350300,SBT
2025-01-09,11.18,11.45,11.09,11.45,1094943,SBT
2025-01-10,11.8,11.8,11.55,11.7,1190777,SBT
2025-01-13,11.7,11.8,11.55,11.8,999851,SBT
2025-01-14,11.8,11.85,11.7,11.8,943614,SBT
2025-01-15,11.7,11.85,11.7,11.85,1131209,SBT
2025-01-16,11.85,11.9,11.7,11.9,767060,SBT
2025-01-17,11.9,11.9,11.75,11.85,1023322,SBT
2025-01-20,11.8,11.9,11.7,11.9,660481,SBT
2025-01-21,11.9,11.9,11.75,11.9,1063903,SBT
2025-01-22,11.9,11.95,11.8,11.95,1409925,SBT
2025-01-23,11.95,12.3,11.85,12.25,4122700,SBT
2025-01-24,12.3,12.3,12.0,12.3,3884900,SBT
2025-02-03,12.35,12.45,12.2,12.4,1492500,SBT
2025-02-04,12.3,12.65,12.3,12.65,1661400,SBT
2025-02-05,12.75,12.8,12.65,12.8,2568200,SBT
2025-02-06,12.8,13.5,12.8,13.5,5443900,SBT
2025-02-07,13.5,13.55,13.35,13.5,4240300,SBT
2025-02-10,13.5,13.5,13.3,13.5,2911900,SBT
2025-02-11,13.55,13.65,13.5,13.6,4544000,SBT
2025-02-12,13.6,13.6,13.3,13.4,2264100,SBT
2025-02-13,13.4,13.5,13.15,13.5,2076000,SBT
2025-02-14,13.5,13.55,13.3,13.4,2293100,SBT
2025-02-17,13.4,13.5,13.35,13.5,2519000,SBT
2025-02-18,13.5,13.8,13.35,13.65,2328500,SBT
2025-02-19,13.65,13.75,13.6,13.75,3438800,SBT
2025-02-20,13.75,13.75,13.4,13.6,3428400,SBT
2025-02-21,13.5,13.6,13.3,13.6,3774400,SBT
2025-02-24,13.55,13.65,13.35,13.65,1649500,SBT
2025-02-25,13.65,13.7,13.3,13.65,4929700,SBT
2025-02-26,13.6,13.7,13.45,13.65,2384000,SBT
2025-02-27,13.65,13.7,13.4,13.55,2817000,SBT
2025-02-28,13.55,13.8,13.45,13.55,2091300,SBT
2025-03-03,13.65,13.7,13.55,13.65,1550000,SBT
2025-03-04,13.6,13.65,13.35,13.65,1637200,SBT
2025-03-05,13.65,14.4,13.6,14.4,7283800,SBT
2025-03-06,14.45,14.45,14.0,14.4,4131700,SBT
2025-03-07,14.2,14.6,14.2,14.6,2556200,SBT
2025-03-10,14.6,15.0,14.55,15.0,3825100,SBT
2025-03-11,14.7,15.0,14.55,14.95,2542700,SBT
2025-03-12,14.95,15.1,14.8,15.0,2196300,SBT
2025-03-13,14.95,15.0,14.8,14.9,3314300,SBT
2025-03-14,14.9,15.0,14.8,15.0,2229800,SBT
2024-09-04,79.21,80.17,79.01,79.3,52544,SCS
2024-09-05,79.3,79.69,79.01,79.01,68711,SCS
2024-09-06,79.11,79.11,78.34,78.53,89418,SCS
2024-09-09,78.44,78.44,77.57,77.95,115533,SCS
2024-09-10,78.34,78.34,77.09,77.18,56026,SCS
2024-09-11,77.47,77.47,76.03,76.41,111909,SCS
2024-09-12,75.26,79.11,75.26,78.05,97428,SCS
2024-09-13,78.53,78.72,78.05,78.53,14614,SCS
2024-09-16,78.53,78.92,77.57,77.57,54004,SCS
2024-09-17,77.57,77.95,77.09,77.76,47810,SCS
2024-09-18,78.44,79.01,78.05,78.72,43682,SCS
2024-09-19,78.72,78.72,78.15,78.63,39516,SCS
2024-09-20,79.01,79.01,77.76,77.76,132526,SCS
2024-09-23,77.86,78.34,76.13,77.38,62960,SCS
2024-09-24,77.47,77.57,76.99,77.18,125017,SCS
2024-09-25,77.28,77.47,76.8,76.8,124084,SCS
2024-09-26,76.99,76.99,75.93,76.03,252944,SCS
2024-09-27,76.03,76.22,75.74,76.03,96880,SCS
2024-09-30,76.61,76.61,75.84,76.03,63841,SCS
2024-10-01,75.84,76.41,75.74,75.74,106783,SCS
2024-10-02,75.64,76.03,74.87,74.87,200108,SCS
2024-10-03,75.07,76.32,72.66,72.76,313258,SCS
2024-10-04,73.05,73.62,72.37,72.37,158910,SCS
2024-10-07,72.95,73.91,72.47,72.85,88712,SCS
2024-10-08,74.01,74.01,72.85,73.14,205263,SCS
2024-10-09,73.33,73.33,72.85,72.95,166784,SCS
2024-10-10,74.1,74.1,72.95,73.14,298677,SCS
2024-10-11,73.24,73.82,73.14,73.53,290420,SCS
2024-10-14,74.1,75.55,74.01,74.2,165975,SCS
2024-10-15,75.07,76.13,74.59,74.68,517152,SCS
2024-10-16,74.87,74.97,73.53,73.53,192398,SCS
2024-10-17,73.62,74.1,73.43,73.91,143402,SCS
2024-10-18,74.01,74.01,73.14,73.53,114797,SCS
2024-10-21,74.1,75.64,73.72,74.39,444640,SCS
2024-10-22,75.07,76.41,74.49,74.59,629034,SCS
2024-10-23,75.07,75.36,74.59,75.07,153735,SCS
2024-10-24,75.07,75.07,73.62,74.39,249485,SCS
2024-10-25,74.1,74.1,72.18,72.18,445956,SCS
2024-10-28,72.28,72.76,71.41,71.6,253589,SCS
2024-10-29,71.89,72.18,70.16,70.54,589999,SCS
2024-10-30,70.74,72.18,70.74,71.51,307368,SCS
2024-10-31,71.99,72.76,71.99,72.37,405547,SCS
2024-11-01,71.99,74.97,71.99,74.97,918831,SCS
2024-11-04,75.26,76.03,74.3,75.36,331886,SCS
2024-11-05,75.07,76.41,74.87,75.84,244752,SCS
2024-11-06,76.51,76.51,75.36,75.84,189849,SCS
2024-11-07,76.03,78.63,75.45,78.24,462773,SCS
2024-11-08,78.24,78.72,77.86,78.34,248429,SCS
2024-11-11,78.34,78.92,76.41,77.47,366018,SCS
2024-11-12,77.47,79.4,76.99,78.44,299615,SCS
2024-11-13,78.34,78.34,76.32,76.99,273547,SCS
2024-11-14,76.9,77.95,76.61,76.99,323016,SCS
2024-11-15,76.9,76.9,73.14,73.33,662037,SCS
2024-11-18,73.53,75.16,73.43,74.2,254168,SCS
2024-11-19,74.2,75.36,72.37,72.37,205848,SCS
2024-11-20,72.56,74.59,71.31,74.1,563107,SCS
2024-11-21,74.3,75.07,73.91,74.87,147600,SCS
2024-11-22,74.68,75.16,74.1,74.59,183989,SCS
2024-11-25,74.97,75.07,74.3,74.87,113290,SCS
2024-11-26,74.78,75.64,74.78,75.07,167475,SCS
2024-11-27,74.97,75.07,74.49,74.59,113604,SCS
2024-11-28,74.97,75.45,74.1,74.59,148219,SCS
2024-11-29,74.68,75.16,74.39,75.07,99371,SCS
2024-12-02,75.26,75.26,74.39,74.59,120657,SCS
2024-12-03,74.59,77.95,74.1,77.18,467710,SCS
2024-12-04,77.47,77.47,76.13,76.61,146994,SCS
2024-12-05,76.61,78.72,76.51,77.18,400678,SCS
2024-12-06,77.67,77.86,76.03,76.61,146106,SCS
2024-12-09,76.9,77.18,76.03,76.7,211101,SCS
2024-12-10,76.7,77.76,76.32,76.9,137964,SCS
2024-12-11,77.57,78.82,76.99,77.09,298906,SCS
2024-12-12,77.57,77.57,76.41,76.41,340702,SCS
2024-12-13,76.51,77.47,76.13,76.9,170430,SCS
2024-12-16,77.38,77.76,76.99,77.67,241066,SCS
2024-12-17,77.95,78.72,77.47,77.47,256181,SCS
2024-12-18,77.86,77.95,76.99,77.18,178152,SCS
2024-12-19,76.99,76.99,76.03,76.22,385456,SCS
2024-12-20,76.32,77.18,76.32,76.7,248415,SCS
2024-12-23,77.3,77.3,76.6,76.7,213840,SCS
2024-12-24,76.8,81.5,76.8,81.5,1098028,SCS
2024-12-25,82.6,83.3,81.2,81.8,492263,SCS
2024-12-26,81.9,82.3,80.3,80.3,298616,SCS
2024-12-27,80.4,85.0,80.0,85.0,564554,SCS
2024-12-30,83.9,83.9,81.8,83.9,520413,SCS
2024-12-31,82.4,82.5,80.0,80.0,360616,SCS
2025-01-02,80.6,81.5,80.1,80.4,273439,SCS
2025-01-03,81.0,81.0,79.4,79.5,312711,SCS
2025-01-06,79.6,80.1,77.6,78.5,338800,SCS
2025-01-07,78.8,78.8,78.0,78.1,228800,SCS
2025-01-08,78.4,78.9,78.0,78.9,133200,SCS
2025-01-09,79.0,80.1,79.0,79.2,210600,SCS
2025-01-10,79.5,79.5,77.1,77.1,192900,SCS
2025-01-13,77.0,78.5,76.5,78.3,205000,SCS
2025-01-14,78.3,78.4,77.7,78.0,77600,SCS
2025-01-15,78.0,78.7,78.0,78.6,101300,SCS
2025-01-16,79.0,79.4,78.2,78.4,148400,SCS
2025-01-17,78.7,81.3,78.7,81.2,608300,SCS
2025-01-20,81.9,81.9,80.2,80.6,255100,SCS
2025-01-21,81.2,81.6,79.2,79.5,309900,SCS
2025-01-22,80.5,83.5,80.0,82.5,1079200,SCS
2025-01-23,83.1,83.1,81.3,82.2,283000,SCS
2025-01-24,82.2,82.2,80.3,80.9,345000,SCS
2025-02-03,80.8,80.8,79.0,79.2,572800,SCS
2025-02-04,79.5,80.2,79.4,79.9,450500,SCS
2025-02-05,79.9,82.6,79.7,81.0,787800,SCS
2025-02-06,81.9,81.9,80.5,80.6,290200,SCS
2025-02-07,81.3,81.4,79.8,80.0,477500,SCS
2025-02-10,79.8,79.8,77.6,77.7,946200,SCS
2025-02-11,77.7,78.2,77.4,77.4,291200,SCS
2025-02-12,77.4,78.5,77.2,77.7,276900,SCS
2025-02-13,77.5,78.1,77.1,77.7,248700,SCS
2025-02-14,78.2,78.3,77.3,77.4,407000,SCS
2025-02-17,77.4,77.4,74.8,75.2,1133900,SCS
2025-02-18,75.7,75.7,74.8,75.2,347500,SCS
2025-02-19,75.5,76.4,75.5,75.7,232700,SCS
2025-02-20,76.0,76.3,74.9,75.5,477300,SCS
2025-02-21,75.6,75.7,75.1,75.3,272700,SCS
2025-02-24,75.3,75.6,75.0,75.4,411000,SCS
2025-02-25,75.0,77.2,75.0,77.0,582600,SCS
2025-02-26,77.4,77.6,76.2,76.5,215900,SCS
2025-02-27,76.8,76.8,75.6,76.0,186700,SCS
2025-02-28,75.8,75.8,75.0,75.3,280400,SCS
2025-03-03,75.4,75.4,75.0,75.2,305100,SCS
2025-03-04,75.6,75.6,74.2,74.2,585400,SCS
2025-03-05,74.4,74.4,73.3,73.4,468100,SCS
2025-03-06,73.3,74.5,73.3,74.5,355300,SCS
2025-03-07,74.7,75.0,74.3,74.5,170300,SCS
2025-03-10,74.4,74.7,74.0,74.4,135100,SCS
2025-03-11,73.8,73.9,73.4,73.6,302700,SCS
2025-03-12,73.8,74.0,73.2,74.0,233100,SCS
2025-03-13,74.0,74.6,73.6,73.8,183200,SCS
2025-03-14,73.9,74.4,73.1,73.1,176900,SCS
2024-09-04,9.5,9.5,9.32,9.37,16236547,SHB
2024-09-05,9.41,9.46,9.32,9.37,11363304,SHB
2024-09-06,9.37,9.41,9.28,9.32,12275788,SHB
2024-09-09,9.32,9.37,9.28,9.32,9614612,SHB
2024-09-10,9.37,9.41,9.23,9.28,12427280,SHB
2024-09-11,9.28,9.32,9.23,9.28,8877474,SHB
2024-09-12,9.32,9.37,9.28,9.32,5351436,SHB
2024-09-13,9.32,9.37,9.28,9.28,3784988,SHB
2024-09-16,9.28,9.32,9.23,9.23,7835768,SHB
2024-09-17,9.23,9.37,9.19,9.37,11337087,SHB
2024-09-18,9.37,9.37,9.28,9.32,9900619,SHB
2024-09-19,9.37,9.37,9.28,9.32,7196089,SHB
2024-09-20,9.37,9.46,9.32,9.41,17904717,SHB
2024-09-23,9.41,9.46,9.32,9.32,7554762,SHB
2024-09-24,9.32,9.41,9.32,9.41,9962200,SHB
2024-09-25,9.46,9.55,9.41,9.5,19417085,SHB
2024-09-26,9.5,9.82,9.5,9.68,38987110,SHB
2024-09-27,9.77,10.14,9.77,9.91,49219781,SHB
2024-09-30,9.91,10.0,9.82,9.91,24500823,SHB
2024-10-01,9.95,10.09,9.91,9.95,27377011,SHB
2024-10-02,9.91,9.91,9.77,9.82,21233400,SHB
2024-10-03,9.82,10.18,9.77,9.86,46190516,SHB
2024-10-04,9.86,9.91,9.77,9.77,16309215,SHB
2024-10-07,9.82,9.91,9.68,9.77,15381789,SHB
2024-10-08,9.73,9.82,9.64,9.68,20417757,SHB
2024-10-09,9.68,9.77,9.68,9.73,11122280,SHB
2024-10-10,9.82,9.86,9.68,9.68,12856877,SHB
2024-10-11,9.73,9.77,9.64,9.73,9673340,SHB
2024-10-14,9.77,9.82,9.68,9.73,14634092,SHB
2024-10-15,9.77,9.86,9.68,9.73,17909551,SHB
2024-10-16,9.73,9.77,9.64,9.68,9059358,SHB
2024-10-17,9.73,9.77,9.64,9.73,15744411,SHB
2024-10-18,9.82,9.86,9.77,9.77,19549881,SHB
2024-10-21,9.82,9.82,9.68,9.73,11405365,SHB
2024-10-22,9.68,9.73,9.59,9.64,19812978,SHB
2024-10-23,9.64,9.68,9.55,9.59,12084871,SHB
2024-10-24,9.59,9.68,9.5,9.5,13645956,SHB
2024-10-25,9.5,9.55,9.37,9.37,12074969,SHB
2024-10-28,9.41,9.46,9.37,9.41,6936509,SHB
2024-10-29,9.5,9.5,9.41,9.46,7129372,SHB
2024-10-30,9.46,9.5,9.41,9.46,7096702,SHB
2024-10-31,9.46,9.64,9.41,9.55,12641337,SHB
2024-11-01,9.55,9.59,9.46,9.5,6611607,SHB
2024-11-04,9.5,9.5,9.37,9.41,9522220,SHB
2024-11-05,9.41,9.5,9.37,9.5,5930928,SHB
2024-11-06,9.55,9.59,9.5,9.59,6774713,SHB
2024-11-07,9.64,9.68,9.5,9.55,9016712,SHB
2024-11-08,9.59,9.59,9.46,9.5,6326756,SHB
2024-11-11,9.5,9.5,9.37,9.46,12679159,SHB
2024-11-12,9.46,9.55,9.41,9.41,8802689,SHB
2024-11-13,9.41,9.46,9.37,9.41,7482373,SHB
2024-11-14,9.41,9.46,9.28,9.32,9473487,SHB
2024-11-15,9.28,9.32,9.19,9.19,15437560,SHB
2024-11-18,9.19,9.28,9.1,9.19,13045854,SHB
2024-11-19,9.19,9.23,9.1,9.1,8851763,SHB
2024-11-20,9.1,9.28,9.1,9.19,9066739,SHB
2024-11-21,9.23,9.23,9.14,9.23,7648310,SHB
2024-11-22,9.23,9.28,9.19,9.23,5397601,SHB
2024-11-25,9.28,9.28,9.23,9.28,6717691,SHB
2024-11-26,9.28,9.37,9.28,9.32,7059965,SHB
2024-11-27,9.32,9.37,9.28,9.28,3414333,SHB
2024-11-28,9.32,9.32,9.23,9.23,7447243,SHB
2024-11-29,9.28,9.28,9.23,9.28,4770298,SHB
2024-12-02,9.32,9.32,9.23,9.28,6317129,SHB
2024-12-03,9.28,9.32,9.19,9.28,7221924,SHB
2024-12-04,9.23,9.28,9.19,9.19,6402710,SHB
2024-12-05,9.19,9.46,9.14,9.46,14899394,SHB
2024-12-06,9.46,9.46,9.28,9.32,11010152,SHB
2024-12-09,9.32,9.37,9.28,9.32,8372539,SHB
2024-12-10,9.32,9.41,9.32,9.32,7618947,SHB
2024-12-11,9.37,9.68,9.37,9.55,31688164,SHB
2024-12-12,9.59,9.64,9.46,9.46,14786677,SHB
2024-12-13,9.41,9.5,9.37,9.37,7683820,SHB
2024-12-16,9.37,9.41,9.28,9.37,6698012,SHB
2024-12-17,9.32,9.37,9.28,9.32,5358500,SHB
2024-12-18,9.32,9.37,9.28,9.32,3929513,SHB
2024-12-19,9.28,9.32,9.14,9.19,22189793,SHB
2024-12-20,9.19,9.23,9.14,9.14,13998940,SHB
2024-12-23,9.14,9.28,9.14,9.23,6549038,SHB
2024-12-24,9.19,9.28,9.14,9.23,7123224,SHB
2024-12-25,9.23,9.41,9.19,9.28,11199957,SHB
2024-12-26,9.32,9.37,9.23,9.28,8693157,SHB
2024-12-27,9.28,9.37,9.28,9.28,8486149,SHB
2024-12-30,9.28,9.32,9.23,9.23,6306341,SHB
2024-12-31,9.23,9.28,9.19,9.23,7212402,SHB
2025-01-02,9.28,9.32,9.23,9.23,6489598,SHB
2025-01-03,9.23,9.28,9.19,9.23,11360771,SHB
2025-01-06,9.28,9.41,9.23,9.28,9699372,SHB
2025-01-07,9.28,9.32,9.23,9.23,7887043,SHB
2025-01-08,9.23,9.28,9.19,9.28,3783055,SHB
2025-01-09,9.28,9.32,9.19,9.23,6106373,SHB
2025-01-10,9.23,9.28,9.14,9.14,10958092,SHB
2025-01-13,9.14,9.19,9.05,9.14,10600838,SHB
2025-01-14,9.14,9.19,9.1,9.1,9055809,SHB
2025-01-15,9.14,9.19,9.1,9.14,5032681,SHB
2025-01-16,9.19,9.28,9.1,9.14,6943881,SHB
2025-01-17,9.14,9.23,9.14,9.19,6911108,SHB
2025-01-20,9.19,9.23,9.14,9.19,5470853,SHB
2025-01-21,9.23,9.28,9.19,9.19,9736173,SHB
2025-01-22,9.23,9.23,9.14,9.14,7150836,SHB
2025-01-23,9.19,9.32,9.14,9.23,9941038,SHB
2025-01-24,9.28,9.32,9.23,9.28,8915089,SHB
2025-02-03,9.37,9.5,9.32,9.41,18132912,SHB
2025-02-04,9.5,9.55,9.41,9.5,13525191,SHB
2025-02-05,9.55,9.59,9.41,9.41,11060633,SHB
2025-02-06,9.46,9.55,9.41,9.46,11602481,SHB
2025-02-07,9.5,9.59,9.46,9.5,13527522,SHB
2025-02-10,9.5,9.55,9.46,9.5,14524814,SHB
2025-02-11,9.5,9.82,9.5,9.68,29843561,SHB
2025-02-12,9.73,9.73,9.59,9.59,7496651,SHB
2025-02-13,9.59,9.68,9.55,9.68,12122791,SHB
2025-02-14,9.77,9.86,9.73,9.73,19447069,SHB
2025-02-17,9.77,10.0,9.73,9.91,29571759,SHB
2025-02-18,9.91,9.95,9.86,9.86,14563216,SHB
2025-02-19,9.86,9.95,9.82,9.91,12381717,SHB
2025-02-20,9.91,10.0,9.86,9.86,16510749,SHB
2025-02-21,9.91,10.0,9.86,9.91,23026866,SHB
2025-02-24,9.91,10.09,9.91,10.05,22499653,SHB
2025-02-25,10.09,10.09,9.91,10.05,30139442,SHB
2025-02-26,10.15,10.25,10.05,10.1,28400819,SHB
2025-02-27,10.1,10.15,9.99,10.05,19455654,SHB
2025-02-28,10.05,10.05,9.98,10.0,16593570,SHB
2025-03-03,10.05,10.05,9.92,9.92,23305321,SHB
2025-03-04,9.92,10.0,9.86,9.97,20534442,SHB
2025-03-05,9.99,10.1,9.98,9.99,16627255,SHB
2025-03-06,10.05,10.05,9.97,10.0,15906656,SHB
2025-03-07,10.0,10.1,9.98,10.0,18718879,SHB
2025-03-10,10.05,10.1,9.99,10.0,19187059,SHB
2025-03-11,9.94,10.0,9.92,9.99,16056800,SHB
2025-03-12,9.99,10.05,9.98,9.98,12846700,SHB
2025-03-13,10.0,10.0,9.94,10.0,22768900,SHB
2025-03-14,10.05,10.7,10.05,10.7,132319500,SHB
2024-09-04,75.39,75.49,74.4,75.29,489704,SIP
2024-09-05,75.49,75.49,73.32,73.32,234588,SIP
2024-09-06,72.72,73.51,72.13,73.32,236598,SIP
2024-09-09,72.92,73.32,71.83,72.72,284033,SIP
2024-09-10,73.02,73.02,71.14,71.14,271704,SIP
2024-09-11,71.14,71.83,71.04,71.74,159568,SIP
2024-09-12,71.93,72.63,71.83,72.33,543119,SIP
2024-09-13,72.72,72.82,72.13,72.63,538981,SIP
2024-09-16,72.63,73.22,72.13,72.53,134056,SIP
2024-09-17,72.53,73.12,72.13,73.12,120496,SIP
2024-09-18,72.82,73.61,72.82,73.51,101432,SIP
2024-09-19,73.81,73.81,73.02,73.71,116816,SIP
2024-09-20,74.21,74.4,72.63,72.63,151362,SIP
2024-09-23,73.12,73.12,71.83,71.83,686623,SIP
2024-09-24,71.64,73.12,71.64,72.13,148476,SIP
2024-09-25,72.23,73.22,72.23,73.02,583643,SIP
2024-09-26,73.02,73.12,71.74,71.74,256263,SIP
2024-09-27,71.83,72.33,71.54,71.64,219754,SIP
2024-09-30,71.44,71.64,70.55,70.55,239312,SIP
2024-10-01,70.65,71.64,70.55,71.14,168963,SIP
2024-10-02,71.14,72.33,70.65,72.13,216358,SIP
2024-10-03,71.64,72.53,70.16,71.34,308587,SIP
2024-10-04,71.44,71.44,70.65,71.04,351010,SIP
2024-10-07,71.04,71.34,70.65,70.65,450853,SIP
2024-10-08,70.65,72.92,70.55,72.23,611989,SIP
2024-10-09,72.13,72.63,71.93,72.43,258522,SIP
2024-10-10,72.43,73.12,72.23,72.43,135488,SIP
2024-10-11,72.43,73.02,72.43,72.63,100421,SIP
2024-10-14,72.63,74.4,72.63,73.42,436015,SIP
2024-10-15,73.42,74.5,73.12,73.12,438279,SIP
2024-10-16,73.22,74.11,72.13,72.43,142497,SIP
2024-10-17,72.63,72.63,71.54,72.23,178033,SIP
2024-10-18,72.33,73.22,72.33,72.33,102756,SIP
2024-10-21,72.82,72.82,71.44,71.44,367973,SIP
2024-10-22,71.24,71.83,70.75,70.75,152055,SIP
2024-10-23,70.85,70.95,70.16,70.75,98412,SIP
2024-10-24,70.75,71.14,70.55,70.65,84971,SIP
2024-10-25,70.65,70.75,69.27,69.27,151323,SIP
2024-10-28,69.46,70.06,69.17,69.66,47601,SIP
2024-10-29,69.66,70.65,69.66,70.16,79014,SIP
2024-10-30,72.13,74.11,71.74,73.32,630363,SIP
2024-10-31,73.32,73.42,72.92,73.22,141757,SIP
2024-11-01,72.53,73.51,72.23,72.82,139431,SIP
2024-11-04,73.42,73.42,71.14,71.24,406339,SIP
2024-11-05,71.74,73.12,71.14,73.12,935391,SIP
2024-11-06,73.51,78.16,73.51,78.16,1795007,SIP
2024-11-07,77.57,79.44,77.37,78.46,683404,SIP
2024-11-08,78.46,80.23,77.47,80.23,835861,SIP
2024-11-11,80.33,81.42,79.25,81.42,644269,SIP
2024-11-12,81.32,81.32,80.33,80.93,274345,SIP
2024-11-13,80.53,82.51,80.23,81.81,622811,SIP
2024-11-14,81.42,81.81,80.13,81.02,405815,SIP
2024-11-15,80.04,85.57,78.95,80.93,921993,SIP
2024-11-18,80.93,80.93,76.97,76.97,745991,SIP
2024-11-19,77.57,77.76,73.61,73.61,770000,SIP
2024-11-20,74.11,75.1,72.13,74.11,393936,SIP
2024-11-21,74.21,75.29,72.92,74.8,419924,SIP
2024-11-22,74.6,75.19,73.61,74.6,412320,SIP
2024-11-25,74.6,76.38,74.6,76.38,373800,SIP
2024-11-26,76.38,77.17,76.08,77.07,333930,SIP
2024-11-27,77.07,77.17,75.69,76.08,215570,SIP
2024-11-28,76.08,77.57,76.08,77.47,315211,SIP
2024-11-29,77.66,78.36,76.87,77.66,245799,SIP
2024-12-02,77.96,81.72,77.17,81.22,1067931,SIP
2024-12-03,81.22,82.8,81.02,82.7,989783,SIP
2024-12-04,82.7,84.38,82.21,83.0,1218237,SIP
2024-12-05,82.61,83.3,81.22,83.3,546181,SIP
2024-12-06,84.48,85.77,82.51,83.0,924920,SIP
2024-12-09,83.0,83.49,82.31,83.0,938696,SIP
2024-12-10,82.9,83.69,81.62,82.61,643010,SIP
2024-12-11,83.2,83.2,82.01,83.0,359474,SIP
2024-12-12,83.1,85.4,82.6,83.5,750125,SIP
2024-12-13,83.5,83.5,81.9,82.4,295374,SIP
2024-12-16,82.4,86.9,82.4,84.7,2106031,SIP
2024-12-17,84.8,85.2,84.0,84.5,799860,SIP
2024-12-18,84.1,84.2,81.5,83.7,1049059,SIP
2024-12-19,82.4,83.0,81.7,83.0,662570,SIP
2024-12-20,83.0,84.4,82.3,84.4,2324661,SIP
2024-12-23,84.3,84.4,83.0,84.0,414527,SIP
2024-12-24,84.0,86.2,83.6,84.5,1410081,SIP
2024-12-25,84.5,85.6,84.1,85.4,826800,SIP
2024-12-26,85.6,86.1,84.0,85.0,549300,SIP
2024-12-27,85.0,85.0,82.3,83.1,1055200,SIP
2024-12-30,83.1,83.1,81.8,83.0,521900,SIP
2024-12-31,83.0,83.1,81.9,83.1,428100,SIP
2025-01-02,82.6,82.9,81.0,82.0,669500,SIP
2025-01-03,81.5,82.1,81.1,81.2,599900,SIP
2025-01-06,81.2,81.8,78.5,79.0,696200,SIP
2025-01-07,79.2,80.5,78.7,80.2,550100,SIP
2025-01-08,80.3,80.9,79.0,80.9,295300,SIP
2025-01-09,80.5,81.2,80.0,80.5,242300,SIP
2025-01-10,80.2,80.4,78.0,78.0,592400,SIP
2025-01-13,77.1,79.0,76.5,78.8,346600,SIP
2025-01-14,78.8,79.8,78.6,78.6,316200,SIP
2025-01-15,79.3,80.4,78.6,80.4,528500,SIP
2025-01-16,80.8,80.8,79.5,79.6,148200,SIP
2025-01-17,79.6,81.2,79.6,81.2,302400,SIP
2025-01-20,82.0,82.1,80.6,81.7,329100,SIP
2025-01-21,81.8,81.8,80.5,80.5,191600,SIP
2025-01-22,80.6,82.0,80.4,80.6,350300,SIP
2025-01-23,81.1,82.0,80.6,82.0,393700,SIP
2025-01-24,82.4,82.5,81.1,81.5,246400,SIP
2025-02-03,81.5,81.5,80.2,81.0,286200,SIP
2025-02-04,81.0,82.5,80.5,82.3,559300,SIP
2025-02-05,82.8,83.8,81.8,82.8,536100,SIP
2025-02-06,83.0,83.5,81.8,82.8,342100,SIP
2025-02-07,82.8,82.8,81.5,81.5,419600,SIP
2025-02-10,81.4,81.4,79.8,79.8,565000,SIP
2025-02-11,79.8,80.3,79.5,80.2,410000,SIP
2025-02-12,80.8,83.3,80.8,81.2,1017500,SIP
2025-02-13,81.9,81.9,80.4,80.8,221000,SIP
2025-02-14,81.1,82.5,80.8,81.2,478300,SIP
2025-02-17,81.2,81.2,80.5,80.6,349700,SIP
2025-02-18,80.1,81.0,80.1,81.0,248700,SIP
2025-02-19,80.8,86.6,80.8,86.6,3386500,SIP
2025-02-20,86.6,86.7,85.4,85.7,778100,SIP
2025-02-21,85.7,88.8,85.4,87.5,1049000,SIP
2025-02-24,87.9,90.0,86.5,90.0,1198800,SIP
2025-02-25,90.0,90.1,89.3,89.9,707000,SIP
2025-02-26,89.9,91.7,88.8,88.8,1005600,SIP
2025-02-27,88.8,90.5,87.5,90.5,739400,SIP
2025-02-28,90.5,91.4,89.7,91.0,401700,SIP
2025-03-03,91.2,92.4,90.2,92.2,838800,SIP
2025-03-04,92.2,92.4,90.0,92.0,672900,SIP
2025-03-05,91.8,91.8,89.7,89.7,689700,SIP
2025-03-06,90.0,91.0,89.4,91.0,453400,SIP
2025-03-07,91.1,91.1,89.5,89.6,610900,SIP
2025-03-10,90.5,93.0,90.2,91.1,961800,SIP
2025-03-11,90.0,92.5,89.5,92.0,562900,SIP
2025-03-12,92.0,92.7,91.2,91.5,607400,SIP
2025-03-13,91.5,92.2,89.9,90.1,768700,SIP
2025-03-14,90.4,91.3,89.7,91.3,598700,SIP
2024-09-04,70.2,71.3,70.0,70.5,90400,SJS
2024-09-05,70.8,70.8,69.4,70.3,38200,SJS
2024-09-06,67.2,70.0,67.1,70.0,42200,SJS
2024-09-09,68.1,69.4,68.0,69.4,17900,SJS
2024-09-10,70.0,70.0,67.7,68.6,15800,SJS
2024-09-11,68.0,68.8,67.7,67.9,13800,SJS
2024-09-12,68.1,68.8,67.8,67.8,23900,SJS
2024-09-13,67.1,68.0,66.7,68.0,18800,SJS
2024-09-16,69.6,69.6,67.8,67.8,1700,SJS
2024-09-17,67.2,68.0,67.0,68.0,25800,SJS
2024-09-18,68.0,68.0,67.0,67.4,39000,SJS
2024-09-19,67.4,67.8,67.0,67.4,19200,SJS
2024-09-20,67.2,67.7,66.9,67.5,22100,SJS
2024-09-23,67.0,67.5,67.0,67.5,2600,SJS
2024-09-24,67.0,67.5,67.0,67.5,7900,SJS
2024-09-25,66.3,67.5,66.3,67.5,10700,SJS
2024-09-26,67.9,68.0,67.0,67.5,13700,SJS
2024-09-27,67.5,68.7,67.5,68.7,27700,SJS
2024-09-30,68.1,69.5,68.1,69.2,15300,SJS
2024-10-01,69.2,69.2,68.0,68.3,18400,SJS
2024-10-02,68.6,68.6,67.5,67.5,11200,SJS
2024-10-03,67.5,67.5,66.0,67.1,28100,SJS
2024-10-04,67.1,67.1,65.6,66.3,11300,SJS
2024-10-07,66.3,68.0,66.0,66.3,12800,SJS
2024-10-08,65.5,66.3,65.0,66.2,8700,SJS
2024-10-09,65.4,66.4,65.4,66.0,3900,SJS
2024-10-10,66.0,66.0,65.4,66.0,8800,SJS
2024-10-11,66.5,67.0,66.0,67.0,14100,SJS
2024-10-14,67.0,67.3,66.7,67.0,9700,SJS
2024-10-15,65.6,67.4,65.2,66.0,4900,SJS
2024-10-16,66.0,66.7,65.8,66.3,7400,SJS
2024-10-17,65.5,66.3,65.5,65.8,4800,SJS
2024-10-18,66.0,66.0,65.8,65.8,10800,SJS
2024-10-21,65.3,66.6,65.2,66.6,2000,SJS
2024-10-22,65.3,66.5,65.1,65.3,15900,SJS
2024-10-23,65.3,65.3,64.2,65.0,17000,SJS
2024-10-24,64.8,65.2,64.7,65.2,4300,SJS
2024-10-25,64.5,65.5,62.7,65.5,8700,SJS
2024-10-28,65.5,65.5,64.5,64.5,200,SJS
2024-10-29,64.2,65.0,64.0,64.3,11100,SJS
2024-10-30,64.5,65.0,64.0,64.8,4400,SJS
2024-10-31,65.0,65.0,64.0,64.1,6500,SJS
2024-11-01,63.1,64.2,63.1,64.2,11800,SJS
2024-11-04,64.0,64.0,63.5,63.7,19400,SJS
2024-11-05,62.7,63.7,62.7,63.5,10700,SJS
2024-11-06,62.6,63.1,62.4,63.0,38000,SJS
2024-11-07,62.6,63.7,62.5,63.5,26400,SJS
2024-11-08,62.5,63.0,61.6,61.9,32200,SJS
2024-11-11,61.2,62.0,61.2,61.6,7800,SJS
2024-11-12,61.9,62.1,61.9,62.0,3100,SJS
2024-11-13,62.0,62.0,61.3,61.8,2900,SJS
2024-11-14,61.3,61.8,61.3,61.8,4900,SJS
2024-11-15,65.0,65.0,61.5,61.9,5400,SJS
2024-11-18,61.4,62.0,60.9,61.0,19400,SJS
2024-11-19,61.2,62.0,61.0,61.0,9200,SJS
2024-11-20,60.6,62.7,60.5,62.7,8100,SJS
2024-11-21,62.0,62.5,62.0,62.5,400,SJS
2024-11-22,62.3,62.3,62.0,62.0,10300,SJS
2024-11-25,61.2,61.2,60.5,60.6,7100,SJS
2024-11-26,61.0,62.4,61.0,62.3,5900,SJS
2024-11-27,61.0,62.2,60.7,62.0,1800,SJS
2024-11-28,61.9,62.0,60.9,60.9,17200,SJS
2024-11-29,61.0,61.0,60.8,61.0,5500,SJS
2024-12-02,60.5,61.5,60.5,60.8,13700,SJS
2024-12-03,60.9,61.9,60.8,61.9,3800,SJS
2024-12-04,61.0,61.2,61.0,61.0,8500,SJS
2024-12-05,61.0,62.9,60.8,61.9,11600,SJS
2024-12-06,62.0,62.9,62.0,62.2,29600,SJS
2024-12-09,62.9,64.5,62.9,64.0,25800,SJS
2024-12-10,64.0,64.1,63.0,63.0,13100,SJS
2024-12-11,64.2,66.6,63.0,66.6,130000,SJS
2024-12-12,65.6,66.7,65.6,66.5,4500,SJS
2024-12-13,66.5,66.5,63.5,66.3,8700,SJS
2024-12-16,63.9,65.0,63.7,64.0,6400,SJS
2024-12-17,63.3,64.5,63.3,64.1,2700,SJS
2024-12-18,64.1,64.3,64.0,64.3,7500,SJS
2024-12-19,64.0,64.5,63.5,64.0,30700,SJS
2024-12-20,65.4,67.4,65.4,67.4,64400,SJS
2024-12-23,65.3,68.0,65.3,67.4,17600,SJS
2024-12-24,67.0,68.1,66.5,68.1,30800,SJS
2024-12-25,68.1,69.8,68.0,69.8,67300,SJS
2024-12-26,69.8,70.5,69.8,70.0,69100,SJS
2024-12-27,69.0,71.0,69.0,69.5,73900,SJS
2024-12-30,69.5,72.5,69.5,72.5,97700,SJS
2024-12-31,71.5,74.0,71.0,74.0,62300,SJS
2025-01-02,74.9,74.9,68.9,72.5,73900,SJS
2025-01-03,72.5,72.5,71.2,71.2,17500,SJS
2025-01-06,70.5,73.0,70.1,73.0,67200,SJS
2025-01-07,73.5,75.8,73.1,75.8,117800,SJS
2025-01-08,75.8,80.9,75.8,79.0,83000,SJS
2025-01-09,80.0,83.2,78.1,82.6,156100,SJS
2025-01-10,82.9,84.9,82.0,84.9,114100,SJS
2025-01-13,82.0,87.9,81.2,87.9,166800,SJS
2025-01-14,91.1,92.5,85.0,92.5,70800,SJS
2025-01-15,90.5,95.0,90.0,95.0,99100,SJS
2025-01-16,93.0,95.0,90.9,90.9,118500,SJS
2025-01-17,90.9,90.9,85.1,85.7,61700,SJS
2025-01-20,85.7,85.7,81.1,81.1,40000,SJS
2025-01-21,81.3,85.0,81.3,81.5,25600,SJS
2025-01-22,82.0,86.0,81.5,85.7,61400,SJS
2025-01-23,88.0,90.1,86.0,88.4,38900,SJS
2025-01-24,86.8,90.0,86.8,87.0,16500,SJS
2025-02-03,87.5,89.0,83.0,89.0,43600,SJS
2025-02-04,86.5,89.5,86.5,87.9,12700,SJS
2025-02-05,87.0,92.2,87.0,90.0,39800,SJS
2025-02-06,91.2,93.5,90.0,90.2,16800,SJS
2025-02-07,90.5,93.5,90.5,92.0,38900,SJS
2025-02-10,91.5,92.0,90.7,90.7,14900,SJS
2025-02-11,92.0,94.2,91.5,93.1,37900,SJS
2025-02-12,91.2,93.2,91.2,92.6,6300,SJS
2025-02-13,92.6,93.3,91.2,92.9,25300,SJS
2025-02-14,92.9,93.3,92.4,92.4,30800,SJS
2025-02-17,92.2,98.8,92.2,98.8,64300,SJS
2025-02-18,99.0,104.6,99.0,101.8,29600,SJS
2025-02-19,103.3,103.3,98.1,99.5,19600,SJS
2025-02-20,99.9,100.1,98.1,99.4,12500,SJS
2025-02-21,99.4,99.4,97.1,99.0,7200,SJS
2025-02-24,96.5,99.9,96.5,99.8,9700,SJS
2025-02-25,99.8,99.8,97.1,98.8,6600,SJS
2025-02-26,98.8,98.8,98.0,98.1,6500,SJS
2025-02-27,98.0,101.0,98.0,100.4,10200,SJS
2025-02-28,100.4,100.8,99.0,100.0,17400,SJS
2025-03-03,100.0,105.1,100.0,103.3,138700,SJS
2025-03-04,102.8,104.5,102.8,104.0,6700,SJS
2025-03-05,105.0,109.9,104.0,108.0,38700,SJS
2025-03-06,107.9,109.8,105.0,108.0,12400,SJS
2025-03-07,106.4,107.9,106.4,107.9,16500,SJS
2025-03-10,108.3,108.3,100.4,101.1,37600,SJS
2025-03-11,101.0,103.0,99.9,101.0,24600,SJS
2025-03-12,103.0,103.0,99.0,100.1,22000,SJS
2025-03-13,98.0,100.8,97.3,100.6,15700,SJS
2025-03-14,100.7,101.9,100.0,100.0,7400,SJS
2024-09-04,18.75,19.2,18.5,18.5,2612254,SSB
2024-09-05,18.5,18.7,18.4,18.5,2496388,SSB
2024-09-06,18.55,18.55,18.0,18.0,1716016,SSB
2024-09-09,18.0,18.1,17.75,18.1,809600,SSB
2024-09-10,17.9,18.1,17.0,17.0,2494800,SSB
2024-09-11,17.0,17.5,16.0,16.0,2221300,SSB
2024-09-12,16.1,16.5,15.05,15.05,5282900,SSB
2024-09-13,15.5,15.7,15.2,15.25,2204100,SSB
2024-09-16,15.4,15.9,15.2,15.25,2986500,SSB
2024-09-17,15.5,15.7,15.25,15.45,1635400,SSB
2024-09-18,15.6,15.8,15.6,15.6,1747600,SSB
2024-09-19,15.8,16.65,15.75,16.65,2750200,SSB
2024-09-20,16.85,17.3,16.45,16.55,2707200,SSB
2024-09-23,16.7,16.7,15.95,15.95,2009000,SSB
2024-09-24,16.0,16.65,15.9,16.5,1049400,SSB
2024-09-25,17.0,17.0,16.55,16.65,1935700,SSB
2024-09-26,16.65,17.05,16.65,17.0,2563400,SSB
2024-09-27,17.0,17.15,16.85,17.0,1643800,SSB
2024-09-30,17.0,17.05,16.85,17.05,1546400,SSB
2024-10-01,17.05,17.55,17.0,17.45,2012200,SSB
2024-10-02,17.3,17.6,17.2,17.55,1753500,SSB
2024-10-03,17.5,18.0,17.5,17.8,2634500,SSB
2024-10-04,17.8,17.8,17.45,17.5,2103800,SSB
2024-10-07,17.45,17.5,17.1,17.1,1635800,SSB
2024-10-08,17.1,17.2,16.95,17.1,2261400,SSB
2024-10-09,17.1,18.0,16.95,17.5,2214700,SSB
2024-10-10,17.6,17.8,17.5,17.5,2135500,SSB
2024-10-11,17.65,17.7,17.5,17.6,1601800,SSB
2024-10-14,17.75,17.75,17.4,17.4,2022200,SSB
2024-10-15,17.1,17.6,17.1,17.4,1610900,SSB
2024-10-16,17.0,17.3,16.7,16.7,1669500,SSB
2024-10-17,16.7,16.8,16.2,16.75,2139900,SSB
2024-10-18,16.75,17.15,16.7,16.7,1700300,SSB
2024-10-21,16.45,16.75,16.45,16.7,2019800,SSB
2024-10-22,16.65,16.7,16.45,16.7,1849500,SSB
2024-10-23,16.7,16.7,16.45,16.65,1855300,SSB
2024-10-24,16.6,16.65,16.4,16.65,1717700,SSB
2024-10-25,16.65,16.65,16.35,16.65,1739600,SSB
2024-10-28,16.4,16.65,16.4,16.65,1894000,SSB
2024-10-29,16.65,16.7,16.45,16.6,1841000,SSB
2024-10-30,16.5,16.5,16.25,16.5,3265100,SSB
2024-10-31,16.45,16.55,16.25,16.55,1930400,SSB
2024-11-01,16.35,16.95,16.35,16.95,2696400,SSB
2024-11-04,16.8,16.8,16.4,16.7,2028700,SSB
2024-11-05,16.6,16.75,16.35,16.75,1757500,SSB
2024-11-06,16.75,16.95,16.65,16.9,1858600,SSB
2024-11-07,16.9,17.0,16.65,16.85,1616800,SSB
2024-11-08,16.85,16.9,16.5,16.75,1735000,SSB
2024-11-11,16.75,16.8,16.4,16.7,1706700,SSB
2024-11-12,16.7,16.7,16.45,16.65,1717000,SSB
2024-11-13,16.4,16.7,16.35,16.7,1860900,SSB
2024-11-14,16.4,16.75,16.4,16.75,1872500,SSB
2024-11-15,16.7,16.8,16.55,16.8,1783500,SSB
2024-11-18,16.6,16.85,16.4,16.85,3545400,SSB
2024-11-19,16.55,17.0,16.5,16.9,3297900,SSB
2024-11-20,16.55,16.9,16.55,16.9,1905200,SSB
2024-11-21,16.7,16.9,16.55,16.9,2243100,SSB
2024-11-22,16.85,16.9,16.7,16.9,1697400,SSB
2024-11-25,16.85,16.9,16.7,16.85,1972900,SSB
2024-11-26,16.8,16.9,16.75,16.9,1845000,SSB
2024-11-27,16.75,16.95,16.75,16.95,1939200,SSB
2024-11-28,17.0,17.1,16.8,17.0,1942700,SSB
2024-11-29,17.0,17.0,16.8,17.0,2162800,SSB
2024-12-02,17.0,17.05,16.85,16.95,1740600,SSB
2024-12-03,16.95,17.0,16.75,17.0,1829200,SSB
2024-12-04,16.8,16.95,16.75,16.95,1748200,SSB
2024-12-05,16.95,17.2,16.8,17.2,2301900,SSB
2024-12-06,17.0,17.6,17.0,17.25,1856600,SSB
2024-12-09,17.1,17.4,17.0,17.3,2470500,SSB
2024-12-10,17.3,17.45,17.25,17.35,2288800,SSB
2024-12-11,17.35,17.4,17.1,17.35,2086500,SSB
2024-12-12,17.35,17.4,17.15,17.4,1754100,SSB
2024-12-13,17.25,17.4,17.1,17.35,1793700,SSB
2024-12-16,17.35,17.35,17.1,17.3,1704900,SSB
2024-12-17,17.25,17.3,16.95,17.3,2372600,SSB
2024-12-18,17.1,17.25,17.1,17.25,1526600,SSB
2024-12-19,17.05,17.1,16.5,16.5,2264900,SSB
2024-12-20,16.8,16.9,16.5,16.7,1581500,SSB
2024-12-23,16.65,16.95,16.6,16.95,1748500,SSB
2024-12-24,16.9,17.05,16.75,17.05,1701000,SSB
2024-12-25,16.85,17.25,16.85,17.25,1924800,SSB
2024-12-26,17.25,17.3,16.9,16.9,1693500,SSB
2024-12-27,17.05,17.2,16.9,16.9,1741800,SSB
2024-12-30,16.8,16.95,16.7,16.7,1727400,SSB
2024-12-31,16.85,16.85,16.6,16.75,1631400,SSB
2025-01-02,16.9,16.9,16.45,16.75,1644600,SSB
2025-01-03,16.75,16.8,16.5,16.8,1760500,SSB
2025-01-06,16.65,16.75,16.6,16.75,1709400,SSB
2025-01-07,16.75,16.8,16.55,16.8,3200600,SSB
2025-01-08,16.65,17.1,16.6,17.1,2124100,SSB
2025-01-09,17.3,17.3,16.9,17.05,1946700,SSB
2025-01-10,17.05,17.4,16.95,17.4,2155900,SSB
2025-01-13,17.05,17.6,17.05,17.5,2534200,SSB
2025-01-14,17.15,17.45,17.15,17.45,1885900,SSB
2025-01-15,17.25,17.7,17.1,17.7,3355300,SSB
2025-01-16,17.7,17.8,17.3,17.8,2524600,SSB
2025-01-17,17.6,17.9,17.6,17.9,2076800,SSB
2025-01-20,17.65,18.0,17.65,18.0,1936100,SSB
2025-01-21,18.0,18.45,17.95,18.45,2690900,SSB
2025-01-22,18.6,18.75,18.35,18.75,1963400,SSB
2025-01-23,18.75,18.95,18.6,18.75,2134900,SSB
2025-01-24,18.6,18.8,18.1,18.75,2277800,SSB
2025-02-03,18.3,18.7,17.6,18.7,2092500,SSB
2025-02-04,18.7,18.8,18.1,18.8,1935400,SSB
2025-02-05,18.55,18.8,18.5,18.65,1994200,SSB
2025-02-06,18.8,18.8,18.35,18.65,2183600,SSB
2025-02-07,18.2,18.75,18.2,18.7,2242800,SSB
2025-02-10,18.5,18.7,18.1,18.7,2478900,SSB
2025-02-11,18.65,18.95,18.45,18.95,2694000,SSB
2025-02-12,18.95,18.95,18.7,18.95,2281200,SSB
2025-02-13,18.9,19.05,18.65,19.05,1660800,SSB
2025-02-14,19.2,19.5,19.15,19.5,2370900,SSB
2025-02-17,19.35,19.9,19.25,19.85,2083400,SSB
2025-02-18,19.9,19.9,19.6,19.75,1975300,SSB
2025-02-19,19.6,19.8,19.5,19.6,1772200,SSB
2025-02-20,19.4,19.75,19.3,19.6,2215100,SSB
2025-02-21,19.5,19.6,19.3,19.55,1843000,SSB
2025-02-24,19.3,19.65,19.15,19.65,2045600,SSB
2025-02-25,19.65,19.7,19.4,19.6,1774600,SSB
2025-02-26,19.7,19.7,19.3,19.3,1780700,SSB
2025-02-27,19.3,19.5,19.05,19.5,1773800,SSB
2025-02-28,19.55,19.55,19.05,19.4,2261100,SSB
2025-03-03,19.4,19.6,19.1,19.45,1711300,SSB
2025-03-04,19.15,19.45,19.15,19.45,1911600,SSB
2025-03-05,19.45,19.5,19.3,19.45,1802100,SSB
2025-03-06,19.5,19.75,19.4,19.45,1879100,SSB
2025-03-07,19.45,19.65,19.3,19.65,1792000,SSB
2025-03-10,19.7,19.85,19.65,19.8,1858800,SSB
2025-03-11,19.8,19.8,19.45,19.8,1855300,SSB
2025-03-12,19.8,19.9,19.55,19.85,1620700,SSB
2025-03-13,19.85,19.85,19.55,19.8,1847300,SSB
2025-03-14,19.8,19.8,19.6,19.8,1681100,SSB
2024-09-04,25.88,26.11,25.76,25.88,10060700,SSI
2024-09-05,26.15,26.35,25.69,25.84,9861126,SSI
2024-09-06,25.84,26.08,25.61,26.08,9540780,SSI
2024-09-09,25.92,26.04,25.65,25.69,10106839,SSI
2024-09-10,25.84,26.04,24.98,25.29,13282489,SSI
2024-09-11,25.29,25.45,24.87,25.37,8914278,SSI
2024-09-12,25.53,25.57,25.18,25.18,5943742,SSI
2024-09-13,25.22,25.53,25.06,25.22,11644314,SSI
2024-09-16,25.22,25.49,25.02,25.06,9527478,SSI
2024-09-17,25.06,25.53,25.02,25.53,9663573,SSI
2024-09-18,25.69,26.35,25.61,26.08,28157034,SSI
2024-09-19,26.35,26.47,26.19,26.23,24643580,SSI
2024-09-20,26.39,26.43,26.08,26.23,31685812,SSI
2024-09-23,26.85,26.95,26.45,26.6,19239479,SSI
2024-09-24,26.65,26.65,26.4,26.6,8616050,SSI
2024-09-25,26.75,27.6,26.7,27.45,27337414,SSI
2024-09-26,27.45,27.7,27.35,27.5,14952865,SSI
2024-09-27,27.5,27.75,27.4,27.6,12582615,SSI
2024-09-30,27.5,28.15,27.25,27.9,12755149,SSI
2024-10-01,28.0,28.35,27.8,27.8,14453087,SSI
2024-10-02,27.6,27.8,27.5,27.6,11825541,SSI
2024-10-03,27.6,27.95,27.35,27.55,12835696,SSI
2024-10-04,27.55,27.8,27.3,27.3,8506100,SSI
2024-10-07,27.5,27.6,27.25,27.6,9644300,SSI
2024-10-08,27.75,27.9,27.35,27.4,12340400,SSI
2024-10-09,27.35,27.6,27.1,27.3,17220400,SSI
2024-10-10,27.5,27.8,27.35,27.55,14886300,SSI
2024-10-11,27.65,27.65,27.35,27.45,8286200,SSI
2024-10-14,27.7,28.0,27.5,27.65,12591700,SSI
2024-10-15,27.65,27.9,27.25,27.25,12559000,SSI
2024-10-16,27.05,27.45,27.05,27.1,9811400,SSI
2024-10-17,27.15,27.45,26.95,27.45,11043700,SSI
2024-10-18,27.55,27.75,27.35,27.35,11887200,SSI
2024-10-21,27.35,27.4,26.9,26.9,11792200,SSI
2024-10-22,26.8,27.2,26.7,26.7,15345800,SSI
2024-10-23,26.8,27.0,26.7,26.9,8135500,SSI
2024-10-24,26.9,27.1,26.8,26.8,11773000,SSI
2024-10-25,26.8,26.9,26.7,26.7,7953400,SSI
2024-10-28,26.65,27.0,26.65,26.8,6128800,SSI
2024-10-29,26.85,27.0,26.7,26.7,5358800,SSI
2024-10-30,26.8,26.85,26.2,26.35,9615800,SSI
2024-10-31,26.35,26.6,26.3,26.6,7085500,SSI
2024-11-01,26.5,26.5,26.05,26.2,8377200,SSI
2024-11-04,26.2,26.55,25.9,26.25,13413500,SSI
2024-11-05,26.25,26.45,26.15,26.15,3203100,SSI
2024-11-06,26.3,26.6,26.2,26.45,10676500,SSI
2024-11-07,26.65,26.7,26.35,26.35,5991000,SSI
2024-11-08,26.35,26.45,26.05,26.1,7720000,SSI
2024-11-11,26.1,26.1,25.55,25.7,12696500,SSI
2024-11-12,25.8,26.15,25.55,25.7,10035100,SSI
2024-11-13,25.7,25.7,25.25,25.45,12418200,SSI
2024-11-14,25.45,25.45,24.65,24.7,12754600,SSI
2024-11-15,24.7,24.7,23.8,23.95,25501800,SSI
2024-11-18,23.95,24.6,23.8,24.3,24877000,SSI
2024-11-19,24.35,24.5,23.8,23.85,10705300,SSI
2024-11-20,23.9,24.7,23.75,24.3,17961700,SSI
2024-11-21,24.3,24.65,24.05,24.6,14195600,SSI
2024-11-22,24.5,24.6,24.25,24.35,12804200,SSI
2024-11-25,24.4,24.5,24.2,24.5,10156700,SSI
2024-11-26,24.6,24.9,24.5,24.6,9334300,SSI
2024-11-27,24.6,24.7,24.25,24.3,9322900,SSI
2024-11-28,24.45,24.55,24.25,24.3,8460700,SSI
2024-11-29,24.3,24.65,24.2,24.55,9018200,SSI
2024-12-02,24.6,24.75,24.3,24.45,7836700,SSI
2024-12-03,24.45,24.5,24.25,24.3,12527000,SSI
2024-12-04,24.25,24.3,24.0,24.05,9139300,SSI
2024-12-05,24.1,25.7,23.65,25.7,35613300,SSI
2024-12-06,26.0,26.45,25.8,26.35,33824400,SSI
2024-12-09,26.3,26.4,26.0,26.2,18860200,SSI
2024-12-10,26.15,26.4,26.0,26.25,12619100,SSI
2024-12-11,26.3,26.4,25.95,26.15,12560400,SSI
2024-12-12,26.1,26.45,26.0,26.0,12180000,SSI
2024-12-13,25.95,26.0,25.7,25.8,10969600,SSI
2024-12-16,25.9,26.2,25.75,26.1,14599300,SSI
2024-12-17,26.1,26.15,25.85,26.0,6199400,SSI
2024-12-18,26.0,26.2,25.8,26.2,7203300,SSI
2024-12-19,25.8,26.2,25.45,26.2,30712700,SSI
2024-12-20,26.1,26.25,25.9,26.25,12287800,SSI
2024-12-23,26.2,26.3,25.85,25.85,7842600,SSI
2024-12-24,25.85,25.95,25.5,25.95,12299200,SSI
2024-12-25,26.0,26.75,25.9,26.55,26221100,SSI
2024-12-26,26.5,26.6,26.35,26.35,8764400,SSI
2024-12-27,26.4,26.7,26.3,26.6,16346900,SSI
2024-12-30,26.6,26.9,26.45,26.45,11494000,SSI
2024-12-31,26.45,26.45,26.05,26.05,8234000,SSI
2025-01-02,26.05,26.35,25.9,25.95,8938200,SSI
2025-01-03,25.9,25.95,25.35,25.35,16065900,SSI
2025-01-06,25.35,25.5,24.85,24.9,9985000,SSI
2025-01-07,25.35,25.35,24.5,24.55,18563600,SSI
2025-01-08,24.5,24.8,24.45,24.7,9134400,SSI
2025-01-09,24.7,24.95,24.4,24.4,8907600,SSI
2025-01-10,24.3,24.55,23.5,23.7,21372700,SSI
2025-01-13,23.55,24.3,23.55,24.15,10836600,SSI
2025-01-14,24.2,24.2,23.9,23.95,8104900,SSI
2025-01-15,24.15,24.35,24.0,24.15,9867500,SSI
2025-01-16,24.4,25.2,24.3,24.4,18541100,SSI
2025-01-17,24.4,24.6,24.25,24.55,7043000,SSI
2025-01-20,24.65,24.65,24.35,24.5,6981800,SSI
2025-01-21,24.55,24.8,24.4,24.45,8023600,SSI
2025-01-22,24.5,24.75,24.4,24.4,9555200,SSI
2025-01-23,24.45,25.25,24.45,25.15,18477200,SSI
2025-01-24,25.1,25.25,25.0,25.25,9711000,SSI
2025-02-03,24.85,25.05,24.75,24.8,12857000,SSI
2025-02-04,24.9,25.45,24.8,25.3,15668800,SSI
2025-02-05,25.45,25.45,25.05,25.05,9632200,SSI
2025-02-06,25.2,25.4,25.05,25.05,9261600,SSI
2025-02-07,25.05,25.2,24.95,25.0,7845200,SSI
2025-02-10,24.95,25.15,24.65,24.9,15857200,SSI
2025-02-11,24.95,25.0,24.65,24.7,12930400,SSI
2025-02-12,24.8,25.05,24.75,24.75,6964800,SSI
2025-02-13,24.75,24.9,24.7,24.8,6768300,SSI
2025-02-14,25.0,25.3,24.9,24.9,16151100,SSI
2025-02-17,24.9,25.35,24.8,25.0,18463600,SSI
2025-02-18,25.1,25.3,25.0,25.15,9839100,SSI
2025-02-19,25.25,25.4,25.05,25.35,15517000,SSI
2025-02-20,25.45,25.55,25.25,25.25,13806600,SSI
2025-02-21,25.2,25.4,25.15,25.35,11577200,SSI
2025-02-24,25.3,25.85,25.25,25.85,25063000,SSI
2025-02-25,25.9,26.2,25.75,25.85,28069100,SSI
2025-02-26,25.85,26.1,25.6,25.85,25212900,SSI
2025-02-27,25.95,26.1,25.6,26.1,17996300,SSI
2025-02-28,26.2,26.8,26.2,26.3,41396500,SSI
2025-03-03,26.3,26.8,26.15,26.6,25645100,SSI
2025-03-04,26.45,26.6,26.1,26.35,24072400,SSI
2025-03-05,26.4,26.65,26.1,26.1,27564200,SSI
2025-03-06,26.2,26.95,26.2,26.9,44988800,SSI
2025-03-07,27.1,27.15,26.8,26.9,22896800,SSI
2025-03-10,27.0,27.25,26.5,26.65,45642300,SSI
2025-03-11,26.35,26.7,26.35,26.7,26426500,SSI
2025-03-12,26.85,26.95,26.55,26.7,26789200,SSI
2025-03-13,26.75,27.4,26.45,26.95,50816000,SSI
2025-03-14,27.0,27.2,26.8,26.95,29000300,SSI
2024-09-04,30.4,30.4,29.95,30.1,9433600,STB
2024-09-05,30.1,30.15,29.4,29.6,10457600,STB
2024-09-06,29.55,29.9,29.5,29.9,8550100,STB
2024-09-09,29.65,29.75,29.5,29.5,4193600,STB
2024-09-10,29.7,29.75,29.15,29.2,7772100,STB
2024-09-11,29.15,29.7,29.1,29.6,6358300,STB
2024-09-12,29.65,29.8,29.55,29.7,5852700,STB
2024-09-13,29.7,29.95,29.55,29.8,6158600,STB
2024-09-16,29.8,29.9,29.55,29.55,4878700,STB
2024-09-17,29.65,29.85,29.45,29.85,5758400,STB
2024-09-18,29.85,30.6,29.8,30.25,14764700,STB
2024-09-19,30.35,30.6,30.3,30.5,7185600,STB
2024-09-20,30.7,31.3,30.6,30.85,23258900,STB
2024-09-23,30.9,31.3,30.8,30.8,6037200,STB
2024-09-24,30.85,32.05,30.8,31.85,24839400,STB
2024-09-25,32.0,32.7,31.85,32.7,28614000,STB
2024-09-26,32.8,33.2,32.6,32.75,25838600,STB
2024-09-27,32.9,33.65,32.8,33.6,22047200,STB
2024-09-30,33.55,33.65,33.2,33.35,12432400,STB
2024-10-01,33.4,34.4,33.4,33.5,16258900,STB
2024-10-02,33.5,33.9,33.4,33.55,11383200,STB
2024-10-03,33.55,34.2,33.55,33.75,19074200,STB
2024-10-04,33.7,33.8,33.1,33.1,14347400,STB
2024-10-07,33.4,34.15,33.35,33.8,14756600,STB
2024-10-08,33.85,34.2,33.55,33.7,13909400,STB
2024-10-09,33.7,34.3,33.6,34.15,17686600,STB
2024-10-10,34.5,34.8,33.6,33.6,20748300,STB
2024-10-11,33.65,33.8,33.4,33.8,7702400,STB
2024-10-14,34.1,34.2,33.6,33.9,12932200,STB
2024-10-15,33.95,34.2,33.6,33.7,12425100,STB
2024-10-16,33.65,33.75,33.15,33.6,18409100,STB
2024-10-17,33.7,34.6,33.25,34.6,27209600,STB
2024-10-18,35.1,36.45,34.7,35.55,32868800,STB
2024-10-21,35.65,36.1,35.25,35.25,13537800,STB
2024-10-22,35.25,35.9,34.9,35.0,17680700,STB
2024-10-23,35.1,35.8,34.65,35.8,12097200,STB
2024-10-24,35.8,35.8,33.4,33.4,32157700,STB
2024-10-25,33.65,34.0,33.3,33.45,19673700,STB
2024-10-28,33.3,34.1,33.3,33.75,11423600,STB
2024-10-29,33.85,34.3,33.8,34.05,10111000,STB
2024-10-30,34.2,35.2,33.95,34.8,17096800,STB
2024-10-31,34.8,35.7,34.6,35.2,17764700,STB
2024-11-01,35.0,35.25,34.95,35.0,9112000,STB
2024-11-04,35.0,35.35,34.65,34.9,11339100,STB
2024-11-05,34.85,35.3,34.85,34.85,6852800,STB
2024-11-06,35.0,35.5,34.8,35.5,6934000,STB
2024-11-07,35.6,35.8,35.4,35.6,8231800,STB
2024-11-08,35.85,36.0,35.0,35.5,9413400,STB
2024-11-11,35.4,35.55,33.4,33.8,32893000,STB
2024-11-12,33.8,33.9,33.25,33.55,14613800,STB
2024-11-13,33.5,33.5,32.4,33.4,15006400,STB
2024-11-14,33.55,33.55,32.5,32.5,9004900,STB
2024-11-15,32.4,32.85,32.2,32.4,12216400,STB
2024-11-18,32.55,32.7,31.9,32.6,10149900,STB
2024-11-19,32.6,32.6,31.75,31.95,7271700,STB
2024-11-20,31.7,32.75,31.3,32.4,8575900,STB
2024-11-21,32.4,33.05,32.25,33.05,8026600,STB
2024-11-22,33.0,33.15,32.6,32.65,5610500,STB
2024-11-25,32.7,33.15,32.65,32.85,5082200,STB
2024-11-26,33.0,33.35,32.95,33.2,6126800,STB
2024-11-27,33.1,33.3,32.8,33.2,5196000,STB
2024-11-28,33.2,33.6,32.95,33.15,8503500,STB
2024-11-29,33.05,33.3,32.8,33.3,6626200,STB
2024-12-02,33.4,33.4,32.85,33.1,5222300,STB
2024-12-03,33.15,33.15,32.6,32.6,8715400,STB
2024-12-04,32.55,32.6,32.15,32.4,5780600,STB
2024-12-05,32.35,34.0,32.25,33.95,13198900,STB
2024-12-06,33.9,33.95,33.6,33.8,5016000,STB
2024-12-09,33.7,34.1,33.6,34.0,5819800,STB
2024-12-10,34.05,34.2,33.5,33.5,5671300,STB
2024-12-11,33.8,33.9,33.5,33.65,5182000,STB
2024-12-12,33.65,34.1,33.65,33.8,4826000,STB
2024-12-13,33.8,34.2,33.55,34.0,7644600,STB
2024-12-16,34.0,34.1,33.85,34.1,4502700,STB
2024-12-17,34.1,34.2,33.85,34.1,3703800,STB
2024-12-18,34.1,34.2,33.85,34.2,4850900,STB
2024-12-19,33.8,34.0,33.55,33.9,8676200,STB
2024-12-20,33.75,33.95,33.5,33.85,7578900,STB
2024-12-23,34.15,35.0,34.1,34.5,10898800,STB
2024-12-24,34.55,34.75,34.35,34.7,6484800,STB
2024-12-25,34.8,36.5,34.75,36.25,24376900,STB
2024-12-26,36.45,37.4,36.35,37.1,16442000,STB
2024-12-27,37.2,37.4,36.9,37.4,11145700,STB
2024-12-30,37.35,37.85,36.8,37.85,10631900,STB
2024-12-31,37.55,37.55,36.9,36.9,9388400,STB
2025-01-02,36.95,37.2,36.6,37.0,5957100,STB
2025-01-03,36.95,36.95,36.1,36.1,8642600,STB
2025-01-06,36.1,36.6,36.05,36.25,9584000,STB
2025-01-07,36.45,37.05,36.35,36.9,7377300,STB
2025-01-08,36.7,36.9,36.5,36.7,6074100,STB
2025-01-09,36.8,36.9,36.4,36.4,5593400,STB
2025-01-10,36.4,36.55,35.2,35.2,15560200,STB
2025-01-13,35.0,35.35,34.7,35.3,8382600,STB
2025-01-14,35.3,35.4,34.9,35.4,4412700,STB
2025-01-15,35.4,35.45,35.1,35.1,6977700,STB
2025-01-16,35.4,35.8,35.05,35.45,9548300,STB
2025-01-17,35.4,35.8,35.15,35.75,5715900,STB
2025-01-20,35.85,36.35,35.75,35.95,6359200,STB
2025-01-21,36.45,36.45,35.9,36.05,5396100,STB
2025-01-22,36.2,36.65,36.15,36.35,7602200,STB
2025-01-23,36.65,37.55,36.45,37.0,10155400,STB
2025-01-24,37.3,37.35,36.9,37.0,4818200,STB
2025-02-03,36.8,36.9,36.3,36.55,9000500,STB
2025-02-04,36.7,37.8,36.65,37.3,12650000,STB
2025-02-05,37.45,37.5,37.0,37.25,5279300,STB
2025-02-06,37.5,37.85,37.3,37.35,8268500,STB
2025-02-07,37.35,38.1,37.2,37.45,11948300,STB
2025-02-10,37.4,38.85,37.2,38.45,21128100,STB
2025-02-11,38.4,38.7,38.15,38.5,5513100,STB
2025-02-12,38.5,38.85,38.3,38.65,8553900,STB
2025-02-13,38.5,38.8,38.4,38.8,4741600,STB
2025-02-14,39.3,39.3,38.25,38.25,8007000,STB
2025-02-17,38.25,38.5,38.1,38.3,6088300,STB
2025-02-18,38.3,39.15,38.15,38.65,8042000,STB
2025-02-19,38.65,39.1,38.5,38.75,7478000,STB
2025-02-20,38.9,39.05,38.55,38.75,7041600,STB
2025-02-21,38.75,38.95,38.3,38.85,8170200,STB
2025-02-24,38.85,39.6,38.7,39.4,7261100,STB
2025-02-25,39.5,39.7,39.25,39.25,6148600,STB
2025-02-26,39.25,39.35,38.55,38.55,15149500,STB
2025-02-27,38.55,38.65,38.1,38.3,12864400,STB
2025-02-28,38.25,38.7,38.25,38.25,5601900,STB
2025-03-03,38.35,38.85,38.35,38.85,5444600,STB
2025-03-04,38.65,39.4,38.5,39.2,9150800,STB
2025-03-05,39.3,39.7,38.8,38.8,9606400,STB
2025-03-06,38.85,39.55,38.75,39.5,7514100,STB
2025-03-07,39.65,39.9,39.4,39.75,11663800,STB
2025-03-10,40.0,40.3,39.2,40.0,15036900,STB
2025-03-11,39.4,39.9,39.4,39.9,5687100,STB
2025-03-12,40.0,40.05,39.3,39.75,10908500,STB
2025-03-13,39.65,39.7,38.95,39.0,16107200,STB
2025-03-14,38.8,39.05,38.35,38.85,12595200,STB
2024-09-04,36.9,36.95,36.6,36.95,602300,SZC
2024-09-05,36.9,37.4,36.6,36.8,714200,SZC
2024-09-06,36.65,37.2,36.15,36.3,801500,SZC
2024-09-09,36.35,36.35,35.6,35.95,1157000,SZC
2024-09-10,36.05,36.1,35.4,35.55,910400,SZC
2024-09-11,35.25,35.55,35.0,35.25,689000,SZC
2024-09-12,35.5,35.8,35.4,35.4,637800,SZC
2024-09-13,35.4,35.75,35.35,35.55,549800,SZC
2024-09-16,35.7,35.85,35.4,35.45,532000,SZC
2024-09-17,35.15,36.1,35.05,36.1,730200,SZC
2024-09-18,36.05,36.45,36.05,36.25,653200,SZC
2024-09-19,36.35,37.1,36.15,37.0,1328400,SZC
2024-09-20,37.15,37.3,36.75,36.8,872300,SZC
2024-09-23,37.0,37.0,36.4,36.5,628300,SZC
2024-09-24,36.7,37.95,36.45,37.7,2505200,SZC
2024-09-25,38.0,38.0,37.65,37.75,723100,SZC
2024-09-26,37.85,37.85,37.3,37.4,1416000,SZC
2024-09-27,37.5,37.85,37.2,37.3,1160100,SZC
2024-09-30,37.4,38.0,37.3,37.65,1040800,SZC
2024-10-01,37.7,38.2,37.6,37.65,1104200,SZC
2024-10-02,37.3,37.6,37.15,37.15,853500,SZC
2024-10-03,37.2,37.55,36.1,36.1,1685600,SZC
2024-10-04,36.25,36.4,36.1,36.1,545700,SZC
2024-10-07,36.6,36.8,36.1,36.2,451400,SZC
2024-10-08,36.2,36.6,36.15,36.3,713200,SZC
2024-10-09,36.65,37.55,36.65,37.55,2053100,SZC
2024-10-10,37.75,37.85,37.25,37.3,837500,SZC
2024-10-11,37.3,38.1,37.3,37.85,1876900,SZC
2024-10-14,38.1,38.25,37.7,37.95,1341500,SZC
2024-10-15,38.0,38.45,37.2,37.25,1608700,SZC
2024-10-16,37.2,37.8,37.1,37.75,932800,SZC
2024-10-17,37.75,37.75,36.95,37.65,1316800,SZC
2024-10-18,37.65,39.4,37.65,39.0,3750800,SZC
2024-10-21,39.0,39.0,38.6,38.8,895200,SZC
2024-10-22,38.7,39.35,37.8,38.4,2397000,SZC
2024-10-23,38.5,38.9,38.0,38.9,848700,SZC
2024-10-24,38.9,39.0,38.0,38.0,1330700,SZC
2024-10-25,38.1,38.7,38.0,38.35,1047000,SZC
2024-10-28,38.35,38.8,38.35,38.7,782400,SZC
2024-10-29,38.95,39.7,38.7,38.8,2547800,SZC
2024-10-30,38.9,39.2,38.6,39.2,1192900,SZC
2024-10-31,39.2,39.2,38.8,38.95,885000,SZC
2024-11-01,38.65,38.8,38.0,38.25,1873400,SZC
2024-11-04,38.15,38.65,37.7,38.3,788900,SZC
2024-11-05,38.3,38.95,38.3,38.6,1067100,SZC
2024-11-06,39.2,41.3,38.95,41.3,9167400,SZC
2024-11-07,41.7,41.95,41.2,41.45,2032600,SZC
2024-11-08,41.75,42.6,41.05,42.6,4432100,SZC
2024-11-11,42.8,42.9,41.9,42.65,3340100,SZC
2024-11-12,42.75,42.75,41.75,41.8,2629900,SZC
2024-11-13,41.5,42.5,41.35,42.35,2938300,SZC
2024-11-14,42.4,42.7,41.3,41.3,2997000,SZC
2024-11-15,41.25,43.5,41.25,42.25,4962700,SZC
2024-11-18,42.3,42.4,40.0,41.6,2949800,SZC
2024-11-19,41.35,41.5,39.0,39.1,3508300,SZC
2024-11-20,39.0,40.2,38.1,39.6,2779600,SZC
2024-11-21,39.6,39.9,39.3,39.9,1283100,SZC
2024-11-22,39.95,40.3,39.35,39.75,1648600,SZC
2024-11-25,39.9,40.15,39.6,40.15,857600,SZC
2024-11-26,40.4,40.9,40.25,40.75,1961500,SZC
2024-11-27,40.7,40.7,39.95,40.4,1424900,SZC
2024-11-28,40.65,40.8,40.15,40.45,1062100,SZC
2024-11-29,40.3,41.1,40.25,40.7,1909500,SZC
2024-12-02,40.9,41.8,40.65,41.55,2004400,SZC
2024-12-03,41.5,42.05,41.25,41.25,1756700,SZC
2024-12-04,41.1,41.65,40.5,41.2,1997000,SZC
2024-12-05,41.25,43.2,40.85,42.55,3154300,SZC
2024-12-06,42.65,43.8,42.35,42.85,2211200,SZC
2024-12-09,42.55,43.0,42.05,42.9,1153700,SZC
2024-12-10,42.7,44.25,42.65,43.4,2557000,SZC
2024-12-11,43.55,43.7,42.65,43.0,1276300,SZC
2024-12-12,43.05,43.8,42.55,42.55,1495900,SZC
2024-12-13,42.55,42.95,42.3,42.95,1484400,SZC
2024-12-16,43.3,43.9,42.9,43.25,1041100,SZC
2024-12-17,43.35,43.35,42.7,42.75,973900,SZC
2024-12-18,42.75,43.0,42.3,43.0,982600,SZC
2024-12-19,42.4,43.0,41.9,43.0,2217000,SZC
2024-12-20,42.85,43.0,42.45,42.7,1026300,SZC
2024-12-23,42.7,44.35,42.7,43.5,2616600,SZC
2024-12-24,43.6,43.9,42.85,43.5,1240000,SZC
2024-12-25,43.7,44.15,43.2,43.5,1758400,SZC
2024-12-26,43.7,43.7,43.0,43.0,1047400,SZC
2024-12-27,43.2,43.2,42.2,42.6,1829300,SZC
2024-12-30,42.4,42.45,41.7,41.7,1863100,SZC
2024-12-31,41.6,42.4,41.6,42.4,956800,SZC
2025-01-02,42.5,42.6,42.1,42.5,586100,SZC
2025-01-03,42.25,42.4,41.8,41.9,1488900,SZC
2025-01-06,41.75,42.4,40.5,41.3,1472000,SZC
2025-01-07,41.3,42.4,41.0,41.65,1646500,SZC
2025-01-08,41.65,42.1,41.6,42.1,841400,SZC
2025-01-09,42.25,42.8,42.0,42.0,1087400,SZC
2025-01-10,41.95,42.3,41.0,41.0,1558600,SZC
2025-01-13,40.6,41.0,39.8,40.95,1218800,SZC
2025-01-14,41.1,41.65,40.75,40.8,1351900,SZC
2025-01-15,41.1,41.45,40.75,41.4,1151000,SZC
2025-01-16,41.9,41.9,41.15,41.4,617100,SZC
2025-01-17,41.5,42.3,41.4,42.0,1311500,SZC
2025-01-20,42.35,42.35,42.0,42.3,915000,SZC
2025-01-21,42.3,42.5,41.85,41.9,1034500,SZC
2025-01-22,41.8,42.7,41.75,42.25,1382100,SZC
2025-01-23,42.4,42.9,42.15,42.7,1303300,SZC
2025-01-24,42.9,42.9,42.25,42.3,813900,SZC
2025-02-03,42.35,43.2,41.95,42.5,1562700,SZC
2025-02-04,42.55,43.7,42.4,43.7,2381100,SZC
2025-02-05,44.0,44.6,43.7,43.8,1741000,SZC
2025-02-06,43.8,43.95,43.15,43.5,1829300,SZC
2025-02-07,43.3,43.8,42.8,42.8,1632300,SZC
2025-02-10,42.7,43.4,42.5,42.75,1657800,SZC
2025-02-11,43.1,44.0,42.65,44.0,2527200,SZC
2025-02-12,44.5,45.5,43.6,43.6,4248800,SZC
2025-02-13,43.6,43.75,42.85,43.55,2391700,SZC
2025-02-14,43.6,44.3,42.85,42.85,4293500,SZC
2025-02-17,42.95,43.3,42.65,42.75,2608500,SZC
2025-02-18,42.65,43.1,42.65,43.0,1014700,SZC
2025-02-19,43.1,45.0,43.0,44.5,4884200,SZC
2025-02-20,44.5,44.65,43.95,44.0,1649400,SZC
2025-02-21,44.0,44.75,43.5,43.95,1724000,SZC
2025-02-24,44.1,44.5,43.35,44.5,2348100,SZC
2025-02-25,44.8,45.5,44.05,44.6,2277700,SZC
2025-02-26,44.65,47.2,44.65,45.8,6751700,SZC
2025-02-27,45.75,46.2,45.15,46.2,1702300,SZC
2025-02-28,46.1,46.1,45.5,45.6,1555300,SZC
2025-03-03,45.75,46.15,45.2,45.95,1388700,SZC
2025-03-04,46.0,46.65,45.0,45.9,2272100,SZC
2025-03-05,45.9,46.1,44.65,44.65,1801100,SZC
2025-03-06,45.0,45.75,44.55,45.75,2042200,SZC
2025-03-07,45.9,46.2,45.1,45.1,2063100,SZC
2025-03-10,45.2,46.2,44.8,45.3,2994600,SZC
2025-03-11,45.0,46.1,44.85,45.7,1853800,SZC
2025-03-12,45.85,46.15,45.2,45.95,1935500,SZC
2025-03-13,45.95,46.8,44.65,44.8,4907300,SZC
2025-03-14,44.8,45.1,43.6,44.8,2835500,SZC
2024-09-04,23.05,23.25,22.85,23.0,13719600,TCB
2024-09-05,22.9,23.05,22.7,22.8,11375000,TCB
2024-09-06,22.8,22.95,22.65,22.8,12161700,TCB
2024-09-09,22.7,22.85,22.6,22.65,12271500,TCB
2024-09-10,22.7,22.75,22.2,22.25,14110600,TCB
2024-09-11,22.15,22.25,21.95,22.1,11246200,TCB
2024-09-12,22.3,22.4,22.15,22.3,9122600,TCB
2024-09-13,22.3,22.35,22.15,22.2,10103800,TCB
2024-09-16,22.2,22.7,22.2,22.2,11594300,TCB
2024-09-17,22.15,22.75,22.15,22.75,7238500,TCB
2024-09-18,22.75,23.1,22.7,23.0,15057800,TCB
2024-09-19,23.2,23.2,22.9,23.2,13432600,TCB
2024-09-20,23.3,23.7,23.3,23.55,30615100,TCB
2024-09-23,23.55,23.75,23.35,23.35,8232000,TCB
2024-09-24,23.3,23.6,23.3,23.55,11039500,TCB
2024-09-25,23.75,23.95,23.6,23.8,23428400,TCB
2024-09-26,23.8,24.4,23.65,24.1,26218200,TCB
2024-09-27,24.2,24.35,24.05,24.2,16810100,TCB
2024-09-30,24.15,24.35,23.95,24.2,21491800,TCB
2024-10-01,24.2,24.8,24.15,24.65,40736400,TCB
2024-10-02,24.55,25.15,24.35,24.9,28212200,TCB
2024-10-03,24.95,25.2,24.35,24.35,29754600,TCB
2024-10-04,24.35,24.45,24.05,24.05,21424400,TCB
2024-10-07,24.25,24.35,24.0,24.15,12843900,TCB
2024-10-08,24.2,24.6,24.2,24.4,16248500,TCB
2024-10-09,24.4,24.75,24.3,24.65,21677200,TCB
2024-10-10,24.9,25.0,24.55,24.55,18247800,TCB
2024-10-11,24.55,24.6,24.25,24.45,13916200,TCB
2024-10-14,24.55,24.6,24.35,24.35,11945500,TCB
2024-10-15,24.35,24.6,24.15,24.25,14126800,TCB
2024-10-16,24.2,24.3,24.1,24.2,9019700,TCB
2024-10-17,24.2,24.4,24.1,24.35,9422800,TCB
2024-10-18,24.45,24.8,24.4,24.45,15418700,TCB
2024-10-21,24.45,24.5,24.1,24.15,9745000,TCB
2024-10-22,24.2,24.4,24.0,24.2,16879300,TCB
2024-10-23,24.2,24.3,23.75,24.2,16761400,TCB
2024-10-24,24.15,24.2,23.55,23.65,14256700,TCB
2024-10-25,23.75,23.85,23.4,23.5,14325400,TCB
2024-10-28,23.5,23.7,23.45,23.65,7020100,TCB
2024-10-29,23.7,23.85,23.7,23.75,6285800,TCB
2024-10-30,23.8,24.0,23.75,24.0,11087000,TCB
2024-10-31,24.0,24.1,23.85,23.9,8621600,TCB
2024-11-01,23.85,24.0,23.7,23.7,14550800,TCB
2024-11-04,23.75,23.75,23.4,23.45,13930100,TCB
2024-11-05,23.5,23.65,23.45,23.45,9921800,TCB
2024-11-06,23.6,24.05,23.6,23.9,15680200,TCB
2024-11-07,24.15,24.15,23.85,23.85,8601500,TCB
2024-11-08,24.0,24.0,23.45,23.6,13097100,TCB
2024-11-11,23.7,23.7,23.05,23.2,15357300,TCB
2024-11-12,23.4,23.4,22.9,23.05,12489700,TCB
2024-11-13,23.0,23.15,22.7,23.15,13323900,TCB
2024-11-14,23.0,23.05,22.75,22.8,7429400,TCB
2024-11-15,22.8,22.8,22.4,22.45,14453100,TCB
2024-11-18,22.4,22.7,22.2,22.45,12110400,TCB
2024-11-19,22.55,22.55,22.2,22.4,6936100,TCB
2024-11-20,22.3,22.85,22.25,22.85,10247500,TCB
2024-11-21,22.8,23.2,22.6,23.2,11213000,TCB
2024-11-22,23.2,23.55,23.15,23.5,14405800,TCB
2024-11-25,23.5,23.6,23.4,23.5,7187600,TCB
2024-11-26,23.5,23.7,23.45,23.55,6757500,TCB
2024-11-27,23.5,23.6,23.35,23.5,6388200,TCB
2024-11-28,23.65,23.7,23.4,23.6,8136900,TCB
2024-11-29,23.5,23.6,23.35,23.6,8447400,TCB
2024-12-02,23.7,23.7,23.4,23.65,6569300,TCB
2024-12-03,23.65,23.75,23.45,23.65,8333300,TCB
2024-12-04,23.45,23.6,23.4,23.45,8179300,TCB
2024-12-05,23.45,24.2,23.35,24.2,14188900,TCB
2024-12-06,24.2,24.25,23.95,24.15,10921300,TCB
2024-12-09,24.1,24.3,23.95,24.15,7597400,TCB
2024-12-10,24.05,24.2,24.0,24.05,7039400,TCB
2024-12-11,24.05,24.3,24.0,24.15,10341200,TCB
2024-12-12,24.2,24.5,24.15,24.25,18543300,TCB
2024-12-13,24.3,24.55,24.1,24.35,11020400,TCB
2024-12-16,24.3,24.4,24.1,24.3,6356400,TCB
2024-12-17,24.4,24.4,24.15,24.2,5387400,TCB
2024-12-18,24.25,24.3,24.1,24.2,5786300,TCB
2024-12-19,24.0,24.05,23.75,23.75,15028500,TCB
2024-12-20,23.85,23.95,23.8,23.8,4594100,TCB
2024-12-23,24.0,24.05,23.8,23.9,3208600,TCB
2024-12-24,24.05,24.05,23.8,24.0,5175500,TCB
2024-12-25,24.0,24.9,23.95,24.45,18370600,TCB
2024-12-26,24.5,24.55,24.3,24.35,5475600,TCB
2024-12-27,24.5,24.9,24.45,24.6,15395600,TCB
2024-12-30,24.75,24.75,24.35,24.4,10145800,TCB
2024-12-31,24.35,24.65,24.35,24.65,9403700,TCB
2025-01-02,24.65,24.7,24.3,24.35,7834500,TCB
2025-01-03,24.35,24.35,23.6,23.6,17426900,TCB
2025-01-06,23.6,23.85,23.5,23.6,8132700,TCB
2025-01-07,23.9,23.9,23.55,23.65,7615500,TCB
2025-01-08,23.8,24.3,23.65,23.95,11947100,TCB
2025-01-09,24.05,24.05,23.75,23.95,4709000,TCB
2025-01-10,24.0,24.0,23.4,23.4,6232100,TCB
2025-01-13,23.2,23.8,23.15,23.8,7939900,TCB
2025-01-14,23.55,23.75,23.5,23.6,4180100,TCB
2025-01-15,23.8,23.9,23.65,23.7,6720200,TCB
2025-01-16,23.85,23.95,23.6,23.85,8074100,TCB
2025-01-17,23.85,24.4,23.75,24.4,10016400,TCB
2025-01-20,24.4,24.5,24.25,24.4,5183100,TCB
2025-01-21,24.4,24.5,24.15,24.2,8127000,TCB
2025-01-22,24.45,24.45,24.15,24.2,7455200,TCB
2025-01-23,24.35,24.85,24.25,24.6,21069200,TCB
2025-01-24,24.8,24.85,24.65,24.75,10331500,TCB
2025-02-03,24.5,24.7,24.25,24.25,10885100,TCB
2025-02-04,24.35,24.7,24.3,24.65,12471500,TCB
2025-02-05,24.85,24.9,24.55,24.7,9430900,TCB
2025-02-06,24.9,25.5,24.8,25.2,37579600,TCB
2025-02-07,25.45,25.8,25.2,25.75,26585000,TCB
2025-02-10,25.75,26.25,25.45,25.75,22152900,TCB
2025-02-11,26.1,26.15,25.75,25.9,15667000,TCB
2025-02-12,26.0,26.0,25.7,25.7,11524500,TCB
2025-02-13,25.6,26.0,25.55,25.95,11953600,TCB
2025-02-14,26.1,26.2,25.9,26.0,10239600,TCB
2025-02-17,26.0,26.1,25.7,25.7,10972700,TCB
2025-02-18,25.7,26.1,25.65,25.85,10757000,TCB
2025-02-19,25.95,26.15,25.8,26.1,12938100,TCB
2025-02-20,26.2,26.6,26.05,26.55,21179500,TCB
2025-02-21,26.6,26.6,26.4,26.5,8800600,TCB
2025-02-24,26.4,26.65,26.3,26.5,11762200,TCB
2025-02-25,26.6,26.8,26.35,26.4,14496400,TCB
2025-02-26,26.4,26.55,26.3,26.3,9946900,TCB
2025-02-27,26.4,26.4,26.0,26.25,12505900,TCB
2025-02-28,26.25,26.3,26.05,26.1,12220900,TCB
2025-03-03,26.15,26.3,26.05,26.1,9359400,TCB
2025-03-04,26.1,27.55,26.0,27.5,40196300,TCB
2025-03-05,27.5,27.6,27.3,27.3,13269400,TCB
2025-03-06,27.45,27.7,27.35,27.7,12570100,TCB
2025-03-07,27.7,27.9,27.45,27.75,14922200,TCB
2025-03-10,27.75,28.3,27.7,27.8,13907700,TCB
2025-03-11,27.5,28.0,27.45,28.0,15313400,TCB
2025-03-12,28.1,28.25,27.8,27.85,10861400,TCB
2025-03-13,27.8,27.8,27.25,27.3,18991700,TCB
2025-03-14,27.1,27.4,27.1,27.3,10662000,TCB
2024-09-04,18.2,18.4,18.0,18.35,6457500,TCH
2024-09-05,18.35,18.65,18.0,18.3,5200000,TCH
2024-09-06,18.15,18.25,17.85,18.25,5683100,TCH
2024-09-09,18.0,18.2,17.85,17.85,6443400,TCH
2024-09-10,18.0,18.05,17.45,17.65,6745300,TCH
2024-09-11,17.55,17.75,17.1,17.6,5829600,TCH
2024-09-12,17.8,17.8,17.3,17.4,2835300,TCH
2024-09-13,17.4,17.8,17.35,17.8,4032600,TCH
2024-09-16,17.75,17.8,17.35,17.35,3493900,TCH
2024-09-17,17.3,17.7,17.15,17.6,4411600,TCH
2024-09-18,17.6,17.85,17.5,17.7,3588200,TCH
2024-09-19,17.8,17.9,17.65,17.8,3376000,TCH
2024-09-20,18.0,18.1,17.6,17.7,4919000,TCH
2024-09-23,17.5,17.7,17.35,17.4,3432800,TCH
2024-09-24,17.35,17.55,17.35,17.5,2952800,TCH
2024-09-25,17.65,17.85,17.55,17.8,5951600,TCH
2024-09-26,17.8,18.2,17.8,18.15,10761500,TCH
2024-09-27,18.3,18.35,18.0,18.05,5051200,TCH
2024-09-30,17.95,18.15,17.75,18.15,5477700,TCH
2024-10-01,18.2,18.5,18.05,18.2,8798400,TCH
2024-10-02,18.1,18.15,17.85,17.85,4714900,TCH
2024-10-03,17.85,17.95,17.15,17.2,9905200,TCH
2024-10-04,17.2,17.4,17.2,17.2,4383800,TCH
2024-10-07,17.3,17.4,17.1,17.3,2287800,TCH
2024-10-08,17.25,17.4,17.1,17.35,3684800,TCH
2024-10-09,17.35,17.5,17.25,17.35,2872600,TCH
2024-10-10,17.45,17.5,17.3,17.45,3132500,TCH
2024-10-11,17.45,17.75,17.4,17.55,3477700,TCH
2024-10-14,16.4,16.95,16.35,16.45,35136700,TCH
2024-10-15,16.45,16.65,15.5,16.05,13668800,TCH
2024-10-16,16.5,16.55,16.15,16.2,5424500,TCH
2024-10-17,16.2,16.7,15.85,16.4,8356300,TCH
2024-10-18,16.45,16.5,16.15,16.2,4151500,TCH
2024-10-21,16.2,16.2,15.5,15.5,11296700,TCH
2024-10-22,15.5,15.85,15.5,15.75,5809800,TCH
2024-10-23,15.75,15.9,15.45,15.85,4162500,TCH
2024-10-24,15.85,15.85,15.55,15.75,2682400,TCH
2024-10-25,15.7,15.8,15.5,15.6,3642100,TCH
2024-10-28,15.7,15.75,15.55,15.7,2346600,TCH
2024-10-29,15.8,16.4,15.8,16.1,7228600,TCH
2024-10-30,16.2,16.3,16.05,16.1,3210400,TCH
2024-10-31,16.1,16.35,16.0,16.15,3496900,TCH
2024-11-01,16.05,16.1,15.7,15.8,4020100,TCH
2024-11-04,15.5,15.75,15.05,15.25,7069000,TCH
2024-11-05,15.1,15.5,15.1,15.3,2925300,TCH
2024-11-06,15.45,15.5,15.3,15.5,3250100,TCH
2024-11-07,15.55,15.85,15.45,15.5,4196600,TCH
2024-11-08,15.5,15.6,15.25,15.5,3400200,TCH
2024-11-11,15.4,15.4,15.0,15.2,5191100,TCH
2024-11-12,15.25,15.5,15.1,15.1,3857000,TCH
2024-11-13,15.05,15.15,14.8,14.95,3955100,TCH
2024-11-14,14.95,15.05,14.5,14.5,3426400,TCH
2024-11-15,14.4,14.5,14.0,14.2,7669600,TCH
2024-11-18,14.2,15.15,14.15,15.15,7267200,TCH
2024-11-19,15.3,15.45,15.05,15.2,5261000,TCH
2024-11-20,15.15,16.0,14.95,15.75,10557600,TCH
2024-11-21,15.7,15.8,15.45,15.75,3244900,TCH
2024-11-22,15.7,15.7,15.2,15.5,6173400,TCH
2024-11-25,15.4,15.5,15.25,15.25,4249800,TCH
2024-11-26,15.35,16.15,15.3,15.65,7545600,TCH
2024-11-27,15.7,15.7,15.45,15.6,2251300,TCH
2024-11-28,15.8,15.85,15.5,15.65,3951900,TCH
2024-11-29,15.55,15.7,15.45,15.6,3922300,TCH
2024-12-02,15.6,15.95,15.45,15.6,4397200,TCH
2024-12-03,15.65,15.8,15.5,15.5,2490800,TCH
2024-12-04,15.45,15.6,15.25,15.3,4973300,TCH
2024-12-05,15.4,16.05,15.1,16.0,7487800,TCH
2024-12-06,16.1,16.2,15.7,15.8,4698400,TCH
2024-12-09,15.65,16.2,15.6,15.9,6958600,TCH
2024-12-10,15.9,16.0,15.7,15.75,3183400,TCH
2024-12-11,15.75,15.85,15.55,15.7,2715900,TCH
2024-12-12,15.7,15.75,15.55,15.7,2566800,TCH
2024-12-13,15.65,15.65,15.35,15.5,3465600,TCH
2024-12-16,15.4,15.5,15.2,15.3,2444300,TCH
2024-12-17,15.4,15.4,15.15,15.3,2224000,TCH
2024-12-18,15.25,15.5,15.25,15.5,1930700,TCH
2024-12-19,15.15,15.3,14.9,15.1,6128000,TCH
2024-12-20,15.1,15.2,15.0,15.0,2492500,TCH
2024-12-23,15.2,15.45,15.1,15.3,2437500,TCH
2024-12-24,15.1,15.3,14.85,15.1,4095300,TCH
2024-12-25,15.1,15.6,14.9,15.6,7283500,TCH
2024-12-26,15.7,15.7,15.35,15.65,3446800,TCH
2024-12-27,15.7,15.7,15.35,15.45,3122500,TCH
2024-12-30,15.35,15.45,15.15,15.25,2660100,TCH
2024-12-31,15.1,15.4,15.1,15.15,2227900,TCH
2025-01-02,15.15,15.25,15.1,15.15,1711700,TCH
2025-01-03,15.15,15.15,14.8,14.8,3213900,TCH
2025-01-06,14.8,14.9,14.1,14.3,3997200,TCH
2025-01-07,14.4,14.4,14.0,14.1,3499000,TCH
2025-01-08,14.1,14.45,13.9,14.35,2714100,TCH
2025-01-09,14.4,14.45,14.1,14.1,1483400,TCH
2025-01-10,14.15,14.2,13.5,13.5,2955200,TCH
2025-01-13,13.3,13.9,13.3,13.9,3589600,TCH
2025-01-14,13.85,13.9,13.65,13.65,1265500,TCH
2025-01-15,13.75,13.95,13.75,13.9,1635800,TCH
2025-01-16,13.9,14.2,13.75,13.8,1819600,TCH
2025-01-17,13.85,14.25,13.75,14.2,3288200,TCH
2025-01-20,14.2,14.3,14.0,14.0,1089800,TCH
2025-01-21,14.1,14.25,13.95,14.1,2061100,TCH
2025-01-22,14.15,14.2,14.0,14.0,2343200,TCH
2025-01-23,14.2,14.5,14.1,14.4,3350600,TCH
2025-01-24,14.45,15.25,14.4,15.2,5564600,TCH
2025-02-03,15.1,15.2,14.85,15.2,2801400,TCH
2025-02-04,15.15,15.55,15.1,15.5,4848200,TCH
2025-02-05,15.5,15.85,15.5,15.65,5461800,TCH
2025-02-06,15.7,15.7,15.3,15.45,3249300,TCH
2025-02-07,15.5,15.55,15.25,15.3,3012100,TCH
2025-02-10,15.2,15.25,15.05,15.1,4048300,TCH
2025-02-11,15.15,15.5,15.1,15.35,4274000,TCH
2025-02-12,15.35,15.45,15.2,15.2,1597800,TCH
2025-02-13,15.15,15.4,15.15,15.4,2558300,TCH
2025-02-14,15.55,15.75,15.45,15.45,4346500,TCH
2025-02-17,15.5,15.65,15.35,15.45,2925100,TCH
2025-02-18,15.4,15.9,15.4,15.75,6339500,TCH
2025-02-19,15.9,16.85,15.75,16.85,20702600,TCH
2025-02-20,17.05,17.1,16.8,16.9,6004800,TCH
2025-02-21,16.9,17.2,16.65,17.0,6361800,TCH
2025-02-24,17.0,17.0,16.55,17.0,5779800,TCH
2025-02-25,17.1,17.35,16.85,17.1,6293400,TCH
2025-02-26,17.15,17.15,16.8,17.05,4817600,TCH
2025-02-27,17.05,17.65,17.0,17.65,14436600,TCH
2025-02-28,17.7,17.75,17.3,17.5,7723800,TCH
2025-03-03,17.5,17.8,17.35,17.8,6793900,TCH
2025-03-04,17.65,17.8,17.15,17.55,6080700,TCH
2025-03-05,17.5,17.65,17.1,17.1,5938300,TCH
2025-03-06,17.15,17.4,17.05,17.3,5705200,TCH
2025-03-07,17.4,18.15,17.35,17.75,11902100,TCH
2025-03-10,17.95,18.1,17.7,17.85,5531500,TCH
2025-03-11,17.4,17.9,17.4,17.9,6637600,TCH
2025-03-12,17.9,17.9,17.5,17.55,5762800,TCH
2025-03-13,17.5,17.7,17.15,17.25,5493200,TCH
2025-03-14,17.15,17.7,17.05,17.3,5253800,TCH
2024-09-04,47.17,48.15,46.54,47.44,636024,TLG
2024-09-05,47.79,48.06,47.35,47.44,239624,TLG
2024-09-06,47.44,48.78,47.17,48.15,372491,TLG
2024-09-09,48.24,48.24,47.35,47.61,105136,TLG
2024-09-10,47.61,48.33,47.35,47.35,298971,TLG
2024-09-11,47.08,47.35,46.54,46.72,263726,TLG
2024-09-12,47.35,47.52,46.99,47.17,153452,TLG
2024-09-13,47.35,48.06,46.99,47.08,81643,TLG
2024-09-16,47.35,47.88,47.17,47.17,305741,TLG
2024-09-17,47.44,47.44,46.99,47.44,71800,TLG
2024-09-18,47.7,47.88,47.35,47.7,126336,TLG
2024-09-19,47.7,47.7,47.08,47.26,179859,TLG
2024-09-20,47.44,48.69,47.17,48.24,325705,TLG
2024-09-23,48.33,48.6,47.44,47.88,92450,TLG
2024-09-24,47.88,48.96,47.44,48.33,853943,TLG
2024-09-25,48.87,50.03,48.42,49.22,557992,TLG
2024-09-26,49.22,50.21,48.96,49.31,250134,TLG
2024-09-27,49.76,49.76,48.51,49.05,185645,TLG
2024-09-30,49.22,49.31,48.33,48.96,152680,TLG
2024-10-01,49.05,49.05,48.33,48.33,181381,TLG
2024-10-02,48.33,49.22,48.06,48.15,475024,TLG
2024-10-03,48.15,48.33,47.44,47.61,257720,TLG
2024-10-04,47.61,47.88,46.72,46.72,190530,TLG
2024-10-07,46.9,47.17,46.27,46.27,242996,TLG
2024-10-08,46.36,46.81,46.27,46.45,130553,TLG
2024-10-09,46.54,47.44,46.45,47.17,269113,TLG
2024-10-10,47.26,47.79,47.08,47.61,402042,TLG
2024-10-11,47.35,47.79,47.26,47.26,65554,TLG
2024-10-14,47.44,47.44,46.36,46.63,291223,TLG
2024-10-15,46.63,47.97,46.63,47.7,330331,TLG
2024-10-16,47.7,47.79,46.99,47.35,54543,TLG
2024-10-17,47.35,48.69,46.99,47.7,119571,TLG
2024-10-18,47.52,47.7,47.08,47.44,79376,TLG
2024-10-21,47.44,48.69,47.08,47.97,162605,TLG
2024-10-22,47.7,47.97,47.17,47.88,51268,TLG
2024-10-23,47.88,47.88,46.99,47.79,85231,TLG
2024-10-24,47.7,48.15,47.17,47.17,116663,TLG
2024-10-25,47.79,47.79,47.08,47.08,64502,TLG
2024-10-28,47.08,47.97,46.99,47.61,150250,TLG
2024-10-29,47.61,49.05,47.44,48.87,215739,TLG
2024-10-30,49.22,50.12,48.78,49.31,294102,TLG
2024-10-31,49.4,50.03,49.05,49.76,194226,TLG
2024-11-01,49.4,50.03,49.14,49.58,143613,TLG
2024-11-04,49.76,49.94,48.87,49.4,201908,TLG
2024-11-05,49.22,52.8,49.22,52.63,724203,TLG
2024-11-06,52.63,55.49,52.54,55.49,514994,TLG
2024-11-07,55.67,57.73,55.13,56.38,635266,TLG
2024-11-08,56.38,57.64,55.67,57.28,480913,TLG
2024-11-11,57.28,57.46,56.03,57.28,643057,TLG
2024-11-12,57.28,58.98,56.92,58.0,546454,TLG
2024-11-13,58.0,58.62,56.38,57.73,525371,TLG
2024-11-14,57.8,58.8,56.3,56.5,294259,TLG
2024-11-15,56.0,57.8,55.5,57.4,528048,TLG
2024-11-18,57.3,61.4,57.3,60.2,720711,TLG
2024-11-19,60.2,60.9,57.7,57.7,246622,TLG
2024-11-20,57.1,58.5,54.2,57.4,434134,TLG
2024-11-21,57.1,59.0,57.0,58.8,227516,TLG
2024-11-22,59.4,62.8,58.6,61.7,519768,TLG
2024-11-25,61.7,62.0,60.7,62.0,182195,TLG
2024-11-26,61.5,63.4,61.3,62.9,615072,TLG
2024-11-27,62.4,64.3,61.8,64.3,450300,TLG
2024-11-28,64.3,64.7,63.0,63.8,218700,TLG
2024-11-29,63.8,64.0,62.0,63.7,512700,TLG
2024-12-02,63.3,63.5,60.4,63.5,842600,TLG
2024-12-03,62.5,67.2,62.5,66.6,897300,TLG
2024-12-04,66.9,66.9,65.0,65.8,220600,TLG
2024-12-05,65.7,67.5,64.7,66.8,509100,TLG
2024-12-06,66.8,69.5,65.6,69.4,403100,TLG
2024-12-09,69.9,70.5,69.0,69.5,439500,TLG
2024-12-10,69.4,71.0,68.1,70.0,212500,TLG
2024-12-11,70.0,70.5,69.4,69.9,224800,TLG
2024-12-12,69.9,69.9,68.5,68.8,383400,TLG
2024-12-13,68.7,68.7,66.8,67.0,302400,TLG
2024-12-16,67.0,69.5,66.1,69.5,198800,TLG
2024-12-17,68.9,69.9,68.0,69.6,219100,TLG
2024-12-18,69.1,69.4,67.5,68.5,144100,TLG
2024-12-19,67.5,68.5,66.0,68.5,110400,TLG
2024-12-20,67.0,69.0,66.8,68.0,173500,TLG
2024-12-23,68.2,71.0,67.3,70.9,567200,TLG
2024-12-24,70.8,70.8,69.7,70.8,108800,TLG
2024-12-25,69.7,71.7,69.6,71.2,208300,TLG
2024-12-26,70.6,71.7,69.6,69.6,122100,TLG
2024-12-27,69.6,71.8,67.9,69.1,612800,TLG
2024-12-30,69.0,69.4,66.6,67.0,306100,TLG
2024-12-31,66.7,67.4,64.6,65.9,306700,TLG
2025-01-02,65.8,65.9,62.4,63.4,557900,TLG
2025-01-03,63.8,64.5,61.9,63.0,200900,TLG
2025-01-06,62.7,65.4,60.9,65.4,586600,TLG
2025-01-07,65.4,65.4,63.2,63.9,272800,TLG
2025-01-08,63.2,64.5,62.5,64.4,188900,TLG
2025-01-09,64.0,64.8,63.0,64.0,290300,TLG
2025-01-10,65.1,65.1,62.1,62.1,164500,TLG
2025-01-13,61.1,63.0,61.1,62.9,255800,TLG
2025-01-14,62.9,62.9,59.8,61.6,323500,TLG
2025-01-15,61.7,61.7,58.0,61.2,467000,TLG
2025-01-16,60.8,61.7,59.9,60.9,99000,TLG
2025-01-17,60.9,62.6,60.5,61.3,366700,TLG
2025-01-20,61.8,61.8,60.6,61.3,64800,TLG
2025-01-21,61.3,61.3,57.6,57.6,507100,TLG
2025-01-22,57.5,59.0,57.3,57.7,247300,TLG
2025-01-23,57.8,59.9,57.7,59.9,244700,TLG
2025-01-24,59.9,63.0,59.7,63.0,368900,TLG
2025-02-03,62.9,62.9,60.1,60.9,217800,TLG
2025-02-04,61.8,61.8,60.3,60.9,150600,TLG
2025-02-05,60.3,62.5,60.3,62.0,201300,TLG
2025-02-06,62.2,62.5,60.8,62.4,142000,TLG
2025-02-07,62.5,63.8,62.0,62.9,174400,TLG
2025-02-10,62.4,63.5,61.6,62.9,280000,TLG
2025-02-11,62.3,63.0,62.0,62.5,136700,TLG
2025-02-12,62.0,63.3,62.0,62.7,97700,TLG
2025-02-13,62.7,62.7,61.8,61.9,132400,TLG
2025-02-14,62.1,62.5,61.4,61.4,125600,TLG
2025-02-17,62.2,62.7,61.6,62.2,124000,TLG
2025-02-18,62.5,64.7,61.5,64.7,410800,TLG
2025-02-19,65.2,65.2,64.0,64.8,163600,TLG
2025-02-20,65.0,65.0,63.5,64.0,197200,TLG
2025-02-21,64.0,66.0,63.3,66.0,364600,TLG
2025-02-24,66.0,66.6,63.5,64.8,259300,TLG
2025-02-25,64.7,64.7,63.7,64.3,94900,TLG
2025-02-26,64.7,64.7,63.4,63.4,200000,TLG
2025-02-27,63.4,65.5,63.4,65.5,255900,TLG
2025-02-28,65.6,65.6,64.6,64.8,151700,TLG
2025-03-03,64.1,65.9,64.1,64.9,110200,TLG
2025-03-04,64.6,64.6,63.2,63.7,147800,TLG
2025-03-05,63.0,63.6,62.0,62.0,144700,TLG
2025-03-06,62.0,63.8,61.3,63.8,115500,TLG
2025-03-07,63.5,63.7,63.0,63.1,90300,TLG
2025-03-10,63.1,63.3,62.5,62.8,137300,TLG
2025-03-11,62.3,62.5,61.9,62.0,112700,TLG
2025-03-12,62.7,63.8,62.0,63.4,140900,TLG
2025-03-13,62.6,63.4,62.6,63.0,97100,TLG
2025-03-14,63.4,63.4,62.0,62.1,79900,TLG
2024-09-04,14.67,14.79,14.58,14.71,7588693,TPB
2024-09-05,14.79,14.83,14.62,14.67,4866650,TPB
2024-09-06,14.71,14.92,14.62,14.75,7409422,TPB
2024-09-09,14.71,14.79,14.62,14.67,3034364,TPB
2024-09-10,14.75,15.04,14.75,14.83,16888810,TPB
2024-09-11,14.92,14.96,14.75,14.87,3937481,TPB
2024-09-12,15.0,15.29,14.92,15.12,28884459,TPB
2024-09-13,15.17,15.21,15.04,15.12,6115159,TPB
2024-09-16,15.12,15.29,14.92,15.0,14300838,TPB
2024-09-17,15.0,15.12,14.92,15.12,4891183,TPB
2024-09-18,15.21,15.33,15.04,15.21,15986465,TPB
2024-09-19,15.25,15.42,15.21,15.21,15198847,TPB
2024-09-20,15.29,15.42,15.04,15.08,24879440,TPB
2024-09-23,15.3,15.6,15.25,15.25,11937319,TPB
2024-09-24,15.3,15.4,15.15,15.4,5345342,TPB
2024-09-25,15.5,15.65,15.45,15.6,11743747,TPB
2024-09-26,15.7,16.65,15.55,16.65,60835591,TPB
2024-09-27,17.0,17.2,16.6,16.9,60292572,TPB
2024-09-30,16.9,17.45,16.85,17.2,37870846,TPB
2024-10-01,17.2,17.4,16.95,17.1,30055170,TPB
2024-10-02,17.25,17.6,17.05,17.5,33126116,TPB
2024-10-03,17.6,18.1,17.35,17.5,51544738,TPB
2024-10-04,17.7,17.7,17.2,17.25,20462400,TPB
2024-10-07,17.45,17.6,17.25,17.5,16722300,TPB
2024-10-08,17.7,18.1,17.55,17.55,32029800,TPB
2024-10-09,17.6,17.7,17.4,17.6,15086300,TPB
2024-10-10,17.8,18.05,17.4,17.45,34471200,TPB
2024-10-11,17.45,17.5,17.25,17.5,13142400,TPB
2024-10-14,17.6,17.7,17.35,17.45,13859900,TPB
2024-10-15,17.6,17.8,17.4,17.45,14881000,TPB
2024-10-16,17.4,17.55,17.35,17.5,8606300,TPB
2024-10-17,17.55,17.95,17.3,17.9,22478600,TPB
2024-10-18,18.0,18.1,17.75,17.8,29518000,TPB
2024-10-21,17.65,17.8,17.5,17.5,12873600,TPB
2024-10-22,17.4,17.8,17.15,17.3,31041200,TPB
2024-10-23,17.35,17.75,17.2,17.65,18002200,TPB
2024-10-24,17.75,17.85,17.05,17.05,18317600,TPB
2024-10-25,17.15,17.3,17.0,17.05,16901500,TPB
2024-10-28,17.05,17.2,17.05,17.2,7919600,TPB
2024-10-29,17.25,17.35,17.1,17.1,9762400,TPB
2024-10-30,17.15,17.25,17.0,17.25,11117800,TPB
2024-10-31,17.15,17.55,17.05,17.3,19905800,TPB
2024-11-01,17.2,17.3,17.05,17.05,13064000,TPB
2024-11-04,17.05,17.1,16.5,16.55,27011700,TPB
2024-11-05,16.55,16.7,16.5,16.55,9258300,TPB
2024-11-06,16.7,17.05,16.55,16.95,12037400,TPB
2024-11-07,17.05,17.05,16.75,16.8,6837000,TPB
2024-11-08,16.9,16.9,16.55,16.65,8665200,TPB
2024-11-11,16.6,16.65,16.0,16.2,30694100,TPB
2024-11-12,16.3,16.3,16.05,16.1,9278100,TPB
2024-11-13,16.05,16.2,15.7,16.15,17328900,TPB
2024-11-14,16.05,16.3,15.75,15.75,10651400,TPB
2024-11-15,15.6,15.75,15.5,15.6,16220400,TPB
2024-11-18,15.6,16.1,15.55,16.0,16208300,TPB
2024-11-19,15.95,16.05,15.8,15.8,9959400,TPB
2024-11-20,15.7,16.35,15.7,16.05,11375300,TPB
2024-11-21,16.15,16.25,16.05,16.25,6027200,TPB
2024-11-22,16.2,16.3,16.1,16.1,6826400,TPB
2024-11-25,16.15,16.25,16.05,16.15,5428500,TPB
2024-11-26,16.15,16.4,16.15,16.15,7393100,TPB
2024-11-27,16.15,16.3,16.1,16.15,4886900,TPB
2024-11-28,16.25,16.5,16.2,16.25,11221300,TPB
2024-11-29,16.25,16.35,16.2,16.2,4912000,TPB
2024-12-02,16.35,16.45,16.1,16.1,6793000,TPB
2024-12-03,16.15,16.2,16.0,16.0,6553700,TPB
2024-12-04,16.05,16.05,15.8,15.8,8010900,TPB
2024-12-05,15.85,16.45,15.75,16.45,11737500,TPB
2024-12-06,16.5,16.5,16.25,16.25,9727100,TPB
2024-12-09,16.35,16.5,16.25,16.4,8418500,TPB
2024-12-10,16.4,16.5,16.35,16.35,4978800,TPB
2024-12-11,16.4,16.5,16.2,16.3,6312900,TPB
2024-12-12,16.35,16.65,16.25,16.35,17357400,TPB
2024-12-13,16.35,16.45,16.25,16.25,4585600,TPB
2024-12-16,16.25,16.4,16.15,16.2,9848600,TPB
2024-12-17,16.2,16.3,16.15,16.2,4265400,TPB
2024-12-18,16.2,16.3,16.1,16.25,5405700,TPB
2024-12-19,16.05,16.15,15.95,16.0,10785400,TPB
2024-12-20,16.05,16.05,15.9,15.9,5572800,TPB
2024-12-23,16.15,16.2,16.0,16.05,6272100,TPB
2024-12-24,16.05,16.15,16.0,16.05,5949200,TPB
2024-12-25,16.1,16.85,16.05,16.4,14525600,TPB
2024-12-26,16.35,16.6,16.35,16.55,6862500,TPB
2024-12-27,16.6,17.05,16.55,16.75,27796400,TPB
2024-12-30,16.8,16.9,16.5,16.65,6732600,TPB
2024-12-31,16.65,16.8,16.5,16.65,7930000,TPB
2025-01-02,16.7,16.7,16.4,16.55,5149600,TPB
2025-01-03,16.5,16.55,16.2,16.2,9674200,TPB
2025-01-06,16.2,16.3,16.0,16.05,7769800,TPB
2025-01-07,16.1,16.25,16.05,16.1,5751500,TPB
2025-01-08,16.25,16.35,16.15,16.2,4606600,TPB
2025-01-09,16.3,16.3,16.05,16.1,4448700,TPB
2025-01-10,16.1,16.25,15.85,15.9,8367400,TPB
2025-01-13,15.8,16.05,15.7,15.9,6936800,TPB
2025-01-14,15.9,16.05,15.85,15.9,3547500,TPB
2025-01-15,16.0,16.1,15.9,16.0,5695500,TPB
2025-01-16,16.1,16.2,16.0,16.05,6277100,TPB
2025-01-17,16.05,16.2,16.0,16.15,4337800,TPB
2025-01-20,16.25,16.45,16.2,16.4,6756100,TPB
2025-01-21,16.5,16.5,16.2,16.2,5404500,TPB
2025-01-22,16.3,16.3,16.1,16.1,5141700,TPB
2025-01-23,16.25,16.4,16.1,16.35,6159900,TPB
2025-01-24,16.3,16.5,16.3,16.45,8382700,TPB
2025-02-03,16.4,16.4,16.1,16.15,8872100,TPB
2025-02-04,16.25,16.6,16.15,16.55,10936200,TPB
2025-02-05,16.6,16.7,16.45,16.6,8947000,TPB
2025-02-06,16.7,16.9,16.5,16.55,8814900,TPB
2025-02-07,16.65,16.8,16.45,16.55,10057900,TPB
2025-02-10,16.5,16.85,16.35,16.75,17700200,TPB
2025-02-11,16.75,17.2,16.75,17.0,42514000,TPB
2025-02-12,17.1,17.1,16.8,16.85,7638400,TPB
2025-02-13,16.85,16.95,16.75,16.9,7949000,TPB
2025-02-14,17.0,17.15,16.9,16.9,9816600,TPB
2025-02-17,16.9,17.0,16.8,16.85,8521000,TPB
2025-02-18,16.85,17.05,16.8,16.9,9227100,TPB
2025-02-19,16.95,17.0,16.85,17.0,8589200,TPB
2025-02-20,17.0,17.25,16.95,17.1,17107500,TPB
2025-02-21,17.15,17.15,16.9,17.0,9998800,TPB
2025-02-24,17.0,17.15,16.9,17.05,12868200,TPB
2025-02-25,17.15,17.15,16.9,16.95,15150600,TPB
2025-02-26,17.1,17.1,16.9,16.95,12927200,TPB
2025-02-27,17.0,17.05,16.8,16.9,18061000,TPB
2025-02-28,16.85,16.9,16.7,16.7,20436100,TPB
2025-03-03,16.4,16.45,16.1,16.2,61853300,TPB
2025-03-04,16.2,16.35,16.1,16.2,20875800,TPB
2025-03-05,16.25,16.4,16.1,16.1,15091100,TPB
2025-03-06,16.1,16.25,16.05,16.2,17481600,TPB
2025-03-07,16.2,16.45,16.2,16.35,18976100,TPB
2025-03-10,16.35,16.45,16.2,16.2,12081100,TPB
2025-03-11,16.1,16.25,16.05,16.25,9436300,TPB
2025-03-12,16.25,16.3,16.1,16.15,8865400,TPB
2025-03-13,16.15,16.2,16.05,16.05,9950000,TPB
2025-03-14,16.05,16.15,16.0,16.1,10218600,TPB
2024-09-04,60.94,60.94,60.4,60.87,1014236,VCB
2024-09-05,60.6,60.94,60.27,60.27,1185511,VCB
2024-09-06,60.33,60.74,60.07,60.33,785854,VCB
2024-09-09,60.27,60.33,59.67,60.33,703748,VCB
2024-09-10,60.27,60.33,59.53,59.53,1193581,VCB
2024-09-11,59.26,59.53,58.86,59.13,1029054,VCB
2024-09-12,59.2,60.27,59.13,59.87,1610394,VCB
2024-09-13,60.07,60.33,59.6,60.13,1625774,VCB
2024-09-16,59.93,60.2,59.4,59.47,728926,VCB
2024-09-17,59.53,60.54,59.26,60.54,971859,VCB
2024-09-18,60.6,61.47,60.0,60.87,1722387,VCB
2024-09-19,60.87,61.34,60.8,61.2,1346904,VCB
2024-09-20,61.41,61.54,60.6,60.6,2181722,VCB
2024-09-23,61.07,61.27,60.8,60.8,697895,VCB
2024-09-24,60.8,61.2,60.8,61.0,523790,VCB
2024-09-25,61.2,62.21,61.0,62.07,2604508,VCB
2024-09-26,62.14,62.74,61.87,61.87,1820054,VCB
2024-09-27,61.87,62.61,61.87,61.87,1073168,VCB
2024-09-30,61.87,61.87,61.54,61.54,1278350,VCB
2024-10-01,61.74,62.48,61.54,61.54,1725848,VCB
2024-10-02,61.74,62.01,61.41,62.01,1380621,VCB
2024-10-03,61.94,62.81,61.81,61.94,1700784,VCB
2024-10-04,61.87,62.07,61.74,61.74,860495,VCB
2024-10-07,61.74,61.87,61.41,61.54,611894,VCB
2024-10-08,61.54,61.54,60.87,61.2,1124515,VCB
2024-10-09,61.07,61.41,60.8,60.87,2176865,VCB
2024-10-10,61.74,62.21,61.0,61.47,1326569,VCB
2024-10-11,61.47,61.47,61.0,61.2,1084336,VCB
2024-10-14,61.67,61.67,61.07,61.14,931995,VCB
2024-10-15,61.07,61.61,61.07,61.14,1431969,VCB
2024-10-16,61.14,61.41,61.07,61.2,1293521,VCB
2024-10-17,61.54,61.74,61.34,61.67,1286287,VCB
2024-10-18,62.01,62.27,61.54,61.81,1164056,VCB
2024-10-21,61.87,62.41,61.54,61.54,1425147,VCB
2024-10-22,61.54,61.67,61.14,61.14,1260601,VCB
2024-10-23,61.0,61.41,61.0,61.2,750353,VCB
2024-10-24,61.67,61.74,61.14,61.34,756579,VCB
2024-10-25,61.61,61.74,61.34,61.41,997728,VCB
2024-10-28,61.2,61.74,61.2,61.54,1106555,VCB
2024-10-29,61.61,61.94,61.54,61.54,1298643,VCB
2024-10-30,61.54,61.81,61.27,61.34,627682,VCB
2024-10-31,61.2,63.55,61.2,62.61,2892451,VCB
2024-11-01,62.88,63.48,62.54,62.54,1732251,VCB
2024-11-04,62.88,63.75,61.81,61.87,1856395,VCB
2024-11-05,61.94,62.21,61.54,61.94,1084183,VCB
2024-11-06,62.07,62.48,62.07,62.14,1417991,VCB
2024-11-07,62.34,62.81,62.34,62.34,1420301,VCB
2024-11-08,62.54,62.81,61.67,61.67,1381249,VCB
2024-11-11,62.07,62.07,61.47,61.54,1874368,VCB
2024-11-12,61.54,62.34,61.47,61.47,1337197,VCB
2024-11-13,61.47,62.14,61.47,61.87,1332711,VCB
2024-11-14,61.54,61.87,61.47,61.54,1720202,VCB
2024-11-15,61.54,61.87,61.27,61.34,1509691,VCB
2024-11-18,61.34,61.74,60.8,60.87,1876350,VCB
2024-11-19,61.2,61.27,60.2,60.2,1577896,VCB
2024-11-20,60.2,61.0,60.13,60.4,1641687,VCB
2024-11-21,60.47,61.07,60.33,60.54,1461608,VCB
2024-11-22,60.87,61.07,60.6,60.6,1730814,VCB
2024-11-25,60.8,61.67,60.8,61.07,1814963,VCB
2024-11-26,61.14,62.14,61.14,61.81,1760827,VCB
2024-11-27,61.74,62.34,61.74,62.01,1048309,VCB
2024-11-28,62.27,62.54,61.87,61.94,1290948,VCB
2024-11-29,61.94,62.41,61.87,62.41,1011316,VCB
2024-12-02,63.48,63.61,62.81,63.01,1575332,VCB
2024-12-03,63.14,63.14,61.94,62.21,2447450,VCB
2024-12-04,62.07,62.81,61.87,62.54,1205482,VCB
2024-12-05,62.21,63.28,62.21,62.88,2334456,VCB
2024-12-06,62.88,63.75,62.81,63.01,1702183,VCB
2024-12-09,63.01,63.75,62.81,63.75,1958838,VCB
2024-12-10,63.75,63.75,63.21,63.21,914482,VCB
2024-12-11,63.21,63.41,62.34,62.41,1611488,VCB
2024-12-12,62.54,63.14,62.54,62.54,672349,VCB
2024-12-13,62.34,62.61,62.14,62.27,1228466,VCB
2024-12-16,62.21,62.34,62.14,62.27,1122982,VCB
2024-12-17,62.21,62.27,62.07,62.21,1049241,VCB
2024-12-18,62.21,62.41,62.21,62.27,531269,VCB
2024-12-19,62.07,62.07,61.67,61.81,1870599,VCB
2024-12-20,61.81,62.14,61.74,61.87,1246769,VCB
2024-12-23,61.94,62.07,61.81,61.81,707967,VCB
2024-12-24,62.01,62.07,61.54,61.61,1025356,VCB
2024-12-25,61.67,62.74,61.67,61.81,1829185,VCB
2024-12-26,61.87,62.07,61.54,61.61,2203884,VCB
2024-12-27,61.87,62.21,61.67,61.67,1640901,VCB
2024-12-30,61.67,61.87,61.54,61.54,1707785,VCB
2024-12-31,61.67,61.81,61.0,61.0,2375289,VCB
2025-01-02,61.27,61.87,61.2,61.47,1631368,VCB
2025-01-03,61.47,61.81,61.47,61.54,1403040,VCB
2025-01-06,61.54,62.48,61.47,62.14,1938268,VCB
2025-01-07,62.34,62.34,61.74,61.74,1253566,VCB
2025-01-08,61.74,61.81,61.2,61.81,1054219,VCB
2025-01-09,61.54,61.67,61.34,61.47,739048,VCB
2025-01-10,61.47,61.81,61.14,61.14,1113334,VCB
2025-01-13,61.07,61.47,60.94,61.47,938736,VCB
2025-01-14,61.47,61.47,61.0,61.34,678628,VCB
2025-01-15,61.47,61.47,61.14,61.14,446062,VCB
2025-01-16,61.47,62.34,61.41,62.01,2461599,VCB
2025-01-17,62.01,62.21,61.67,61.87,1124326,VCB
2025-01-20,61.74,61.87,61.27,61.34,1763550,VCB
2025-01-21,61.61,61.61,61.07,61.14,1266355,VCB
2025-01-22,61.54,61.54,61.0,61.0,979719,VCB
2025-01-23,61.07,62.14,61.07,61.87,1686458,VCB
2025-01-24,61.61,62.21,61.61,61.94,945437,VCB
2025-02-03,61.74,61.81,61.27,61.27,1436966,VCB
2025-02-04,61.61,61.67,61.34,61.54,855942,VCB
2025-02-05,61.54,62.07,61.54,61.94,1346904,VCB
2025-02-06,62.07,62.48,62.01,62.14,1352924,VCB
2025-02-07,62.14,62.34,61.87,62.21,2262521,VCB
2025-02-10,62.14,62.14,61.47,61.67,2299299,VCB
2025-02-11,61.67,61.74,61.34,61.47,1040604,VCB
2025-02-12,61.47,61.87,61.2,61.2,1057688,VCB
2025-02-13,61.47,61.47,61.14,61.27,863094,VCB
2025-02-14,61.67,61.67,61.2,61.27,948437,VCB
2025-02-17,61.2,61.54,61.2,61.27,788528,VCB
2025-02-18,61.27,61.54,61.14,61.27,1067903,VCB
2025-02-19,61.27,61.34,61.07,61.34,1510842,VCB
2025-02-20,61.67,61.74,61.34,61.34,1638352,VCB
2025-02-21,61.61,62.27,61.61,62.27,2515484,VCB
2025-02-24,62.41,62.54,62.01,62.54,1957924,VCB
2025-02-25,62.54,62.61,61.87,61.94,1928951,VCB
2025-02-26,61.94,62.14,61.67,61.74,771099,VCB
2025-02-27,63.48,63.81,62.88,62.88,5035025,VCB
2025-02-28,63.01,63.01,62.41,62.41,2073877,VCB
2025-03-03,62.54,62.54,62.21,62.41,1252949,VCB
2025-03-04,62.34,62.48,62.01,62.21,2501823,VCB
2025-03-05,62.21,62.74,62.21,62.21,1822854,VCB
2025-03-06,62.54,63.01,62.34,62.54,2359429,VCB
2025-03-07,62.61,63.75,62.54,63.61,4003619,VCB
2025-03-10,64.48,65.15,64.28,64.75,4434646,VCB
2025-03-11,64.21,64.75,63.95,64.75,3644714,VCB
2025-03-12,66.0,68.6,65.6,66.7,7581491,VCB
2025-03-13,67.2,67.2,65.2,65.5,4514555,VCB
2025-03-14,65.4,66.8,65.4,66.0,4929265,VCB
2024-09-04,18.55,19.5,18.55,19.3,5822800,VCG
2024-09-05,19.3,19.4,18.9,18.95,2106400,VCG
2024-09-06,18.95,19.25,18.95,19.0,2375200,VCG
2024-09-09,19.0,19.2,18.8,18.8,2794700,VCG
2024-09-10,19.0,19.05,18.6,18.65,2317200,VCG
2024-09-11,18.65,18.7,18.3,18.4,2469300,VCG
2024-09-12,18.6,18.6,18.0,18.0,2742700,VCG
2024-09-13,18.2,18.3,18.0,18.1,2294000,VCG
2024-09-16,18.3,18.5,18.0,18.2,2417000,VCG
2024-09-17,18.2,18.8,18.2,18.8,4159300,VCG
2024-09-18,18.7,18.85,18.3,18.35,4945200,VCG
2024-09-19,18.5,18.65,18.3,18.5,4148300,VCG
2024-09-20,18.65,18.7,18.45,18.65,5239300,VCG
2024-09-23,18.65,19.1,18.65,18.65,8947200,VCG
2024-09-24,18.7,18.85,18.65,18.85,2738200,VCG
2024-09-25,19.0,19.1,18.85,18.85,5497400,VCG
2024-09-26,18.95,19.15,18.8,18.95,5118600,VCG
2024-09-27,19.1,19.1,18.7,18.7,5695700,VCG
2024-09-30,18.7,19.0,18.7,18.75,3518100,VCG
2024-10-01,18.9,19.5,18.85,19.3,11572800,VCG
2024-10-02,19.2,19.4,19.1,19.1,4619200,VCG
2024-10-03,19.15,19.4,18.65,18.7,6617800,VCG
2024-10-04,18.7,18.8,18.3,18.4,5191800,VCG
2024-10-07,18.5,18.6,18.1,18.3,4799500,VCG
2024-10-08,18.25,18.45,18.15,18.3,2359500,VCG
2024-10-09,18.4,18.65,18.4,18.6,2489300,VCG
2024-10-10,18.7,18.75,18.4,18.4,2761000,VCG
2024-10-11,18.45,18.6,18.4,18.45,1880900,VCG
2024-10-14,18.6,18.85,18.55,18.55,3878700,VCG
2024-10-15,18.65,18.8,18.3,18.3,3787800,VCG
2024-10-16,18.3,18.45,18.15,18.2,1787700,VCG
2024-10-17,18.35,18.45,18.05,18.45,2484100,VCG
2024-10-18,18.5,18.5,18.2,18.2,2358900,VCG
2024-10-21,18.2,18.35,18.1,18.1,2450800,VCG
2024-10-22,18.1,18.25,17.85,17.9,3894200,VCG
2024-10-23,17.9,18.1,17.85,17.95,3312000,VCG
2024-10-24,18.15,18.2,17.85,17.95,2503100,VCG
2024-10-25,17.95,18.05,17.7,17.7,2792200,VCG
2024-10-28,17.75,17.95,17.7,17.8,1115100,VCG
2024-10-29,17.95,17.95,17.75,17.75,1773100,VCG
2024-10-30,17.9,18.05,17.6,17.75,2704200,VCG
2024-10-31,17.9,17.9,17.7,17.75,2052400,VCG
2024-11-01,17.75,17.9,17.5,17.5,2796000,VCG
2024-11-04,17.65,17.65,17.1,17.15,3102900,VCG
2024-11-05,17.25,17.45,17.1,17.1,2389400,VCG
2024-11-06,17.35,17.55,17.2,17.55,2793500,VCG
2024-11-07,17.7,17.7,17.4,17.45,2675400,VCG
2024-11-08,17.55,17.55,17.25,17.35,1882000,VCG
2024-11-11,17.35,18.0,17.3,17.9,3607500,VCG
2024-11-12,17.9,18.05,17.6,17.6,1971100,VCG
2024-11-13,17.6,17.75,17.35,17.45,3089100,VCG
2024-11-14,17.5,17.6,17.2,17.2,1885700,VCG
2024-11-15,17.15,17.4,17.05,17.25,4105300,VCG
2024-11-18,17.25,17.55,17.15,17.3,3582900,VCG
2024-11-19,17.4,17.5,17.0,17.3,3251400,VCG
2024-11-20,17.35,17.6,17.2,17.3,4545600,VCG
2024-11-21,17.3,17.45,17.15,17.35,2742800,VCG
2024-11-22,17.35,17.85,17.3,17.45,4168900,VCG
2024-11-25,17.5,17.65,17.45,17.55,1669400,VCG
2024-11-26,17.55,17.9,17.55,17.7,3426200,VCG
2024-11-27,17.7,17.7,17.5,17.5,1495500,VCG
2024-11-28,17.7,17.7,17.5,17.5,1740900,VCG
2024-11-29,17.6,17.6,17.4,17.4,2779700,VCG
2024-12-02,17.55,18.3,17.5,18.0,7600000,VCG
2024-12-03,18.0,18.0,17.7,17.7,3147200,VCG
2024-12-04,17.8,18.0,17.55,17.6,3219100,VCG
2024-12-05,17.6,18.0,17.5,18.0,3513200,VCG
2024-12-06,18.05,18.3,17.85,17.85,4610900,VCG
2024-12-09,17.95,18.2,17.9,18.05,3515100,VCG
2024-12-10,18.05,18.2,17.9,17.9,2713900,VCG
2024-12-11,18.0,18.05,17.8,17.8,2336300,VCG
2024-12-12,17.9,17.95,17.7,17.75,2204100,VCG
2024-12-13,17.75,17.75,17.5,17.5,3437800,VCG
2024-12-16,17.6,17.65,17.45,17.6,1813400,VCG
2024-12-17,17.6,17.65,17.55,17.55,1873500,VCG
2024-12-18,17.6,17.7,17.5,17.6,1743000,VCG
2024-12-19,17.5,17.5,17.25,17.4,4709700,VCG
2024-12-20,17.4,17.5,17.25,17.3,2257400,VCG
2024-12-23,17.4,17.45,17.25,17.3,2296100,VCG
2024-12-24,17.3,17.35,17.2,17.25,2063800,VCG
2024-12-25,17.3,18.45,17.3,18.2,17373400,VCG
2024-12-26,18.25,18.35,17.9,17.9,3276600,VCG
2024-12-27,18.0,18.35,17.85,18.2,5963600,VCG
2024-12-30,18.2,18.7,18.15,18.45,7964100,VCG
2024-12-31,18.4,18.6,18.15,18.15,2549700,VCG
2025-01-02,18.2,18.5,18.15,18.3,3862400,VCG
2025-01-03,18.3,18.45,18.1,18.1,3109500,VCG
2025-01-06,18.1,18.65,18.05,18.25,7226600,VCG
2025-01-07,18.45,18.45,17.8,17.9,4646800,VCG
2025-01-08,17.9,18.15,17.8,18.15,2031000,VCG
2025-01-09,18.2,18.45,18.0,18.0,3774000,VCG
2025-01-10,18.0,18.5,18.0,18.2,5208300,VCG
2025-01-13,18.2,18.8,18.15,18.45,7059600,VCG
2025-01-14,18.55,18.85,18.5,18.55,6326400,VCG
2025-01-15,18.65,19.7,18.55,19.5,19927800,VCG
2025-01-16,19.5,19.65,19.3,19.5,7344000,VCG
2025-01-17,19.5,19.8,19.35,19.55,8317600,VCG
2025-01-20,19.7,19.85,19.35,19.45,6222000,VCG
2025-01-21,19.7,19.7,19.35,19.45,6024300,VCG
2025-01-22,19.55,19.7,19.4,19.5,7038600,VCG
2025-01-23,19.7,20.0,19.5,19.8,8895200,VCG
2025-01-24,19.7,19.9,19.55,19.7,5167300,VCG
2025-02-03,19.75,20.2,19.7,20.1,7309000,VCG
2025-02-04,20.2,20.7,20.2,20.5,11042700,VCG
2025-02-05,20.55,20.6,20.35,20.6,7286300,VCG
2025-02-06,20.7,20.85,20.3,20.35,7669500,VCG
2025-02-07,20.4,20.65,20.3,20.3,6390700,VCG
2025-02-10,20.35,20.65,20.1,20.3,7639800,VCG
2025-02-11,20.4,21.0,20.4,20.85,10571800,VCG
2025-02-12,20.9,21.7,20.85,21.55,15583600,VCG
2025-02-13,21.55,21.8,21.35,21.75,8838600,VCG
2025-02-14,21.85,21.85,21.4,21.5,8709800,VCG
2025-02-17,21.65,22.15,21.5,21.6,10886500,VCG
2025-02-18,21.6,21.8,21.4,21.75,7846100,VCG
2025-02-19,21.75,22.05,21.55,21.85,7110800,VCG
2025-02-20,21.95,22.0,21.45,21.5,6376500,VCG
2025-02-21,21.4,21.85,21.35,21.45,7651900,VCG
2025-02-24,21.6,21.75,21.35,21.45,6186100,VCG
2025-02-25,21.65,22.0,21.5,22.0,11533400,VCG
2025-02-26,22.0,22.4,21.6,21.6,9288200,VCG
2025-02-27,21.6,21.65,21.2,21.65,8845800,VCG
2025-02-28,21.75,21.75,21.3,21.35,7330800,VCG
2025-03-03,21.45,21.8,21.25,21.75,8889000,VCG
2025-03-04,21.7,22.2,21.55,21.9,12382200,VCG
2025-03-05,21.95,22.05,21.5,21.5,5294600,VCG
2025-03-06,21.5,22.0,21.45,22.0,8352000,VCG
2025-03-07,22.1,22.3,21.6,21.6,10695500,VCG
2025-03-10,21.6,21.95,21.6,21.7,7640500,VCG
2025-03-11,21.55,22.6,21.5,22.2,19470100,VCG
2025-03-12,22.25,22.25,21.9,22.1,6970300,VCG
2025-03-13,22.15,22.2,20.8,20.9,25036800,VCG
2025-03-14,20.8,21.0,20.6,20.9,13411100,VCG
2024-09-04,35.05,35.4,34.9,35.05,3841070,VCI
2024-09-05,35.09,35.47,34.25,34.36,7443191,VCI
2024-09-06,34.29,34.75,33.98,34.75,3655435,VCI
2024-09-09,34.71,34.75,34.21,34.25,2501798,VCI
2024-09-10,34.48,34.52,33.75,33.75,4565552,VCI
2024-09-11,33.83,33.83,33.41,33.45,6399940,VCI
2024-09-12,34.2,34.75,33.16,33.16,6133538,VCI
2024-09-13,33.31,33.76,32.96,33.16,6401466,VCI
2024-09-16,33.46,33.46,32.27,32.27,5211457,VCI
2024-09-17,32.37,33.9,32.32,33.9,6257713,VCI
2024-09-18,33.95,34.7,33.85,34.25,9739414,VCI
2024-09-19,34.45,34.6,34.15,34.35,6423924,VCI
2024-09-20,34.75,34.8,34.1,34.25,7245718,VCI
2024-09-23,34.35,34.35,33.9,33.95,6686129,VCI
2024-09-24,34.0,34.25,33.76,34.25,5748881,VCI
2024-09-25,34.4,35.49,34.35,35.34,15818723,VCI
2024-09-26,35.44,36.04,35.24,35.89,12839409,VCI
2024-09-27,35.74,36.04,35.44,35.64,9824733,VCI
2024-09-30,35.59,36.88,35.44,36.44,11156143,VCI
2024-10-01,36.58,37.18,36.24,36.24,9566099,VCI
2024-10-02,36.04,36.58,35.99,36.14,8095217,VCI
2024-10-03,36.24,36.58,35.84,36.29,9082285,VCI
2024-10-04,36.29,36.49,35.94,35.99,5936459,VCI
2024-10-07,36.19,37.33,35.84,37.33,9270949,VCI
2024-10-08,37.63,38.12,36.98,37.03,13372186,VCI
2024-10-09,36.93,37.48,36.88,37.13,7246975,VCI
2024-10-10,37.63,37.63,36.14,36.14,11324849,VCI
2024-10-11,36.19,36.63,36.14,36.58,4114257,VCI
2024-10-14,36.73,37.08,36.44,36.44,4220111,VCI
2024-10-15,36.44,36.83,35.74,35.74,6790701,VCI
2024-10-16,35.54,35.84,35.39,35.49,4731528,VCI
2024-10-17,35.74,36.54,35.29,36.44,6921441,VCI
2024-10-18,36.34,36.54,35.84,35.84,8706334,VCI
2024-10-21,35.84,36.14,35.34,35.34,8352016,VCI
2024-10-22,35.34,35.69,34.75,35.19,8711215,VCI
2024-10-23,35.19,35.39,34.9,35.1,6169441,VCI
2024-10-24,35.29,35.49,34.25,34.25,9737046,VCI
2024-10-25,34.25,34.4,33.85,34.25,8169524,VCI
2024-10-28,34.5,34.85,34.35,34.4,4314720,VCI
2024-10-29,34.65,34.7,34.3,34.4,5385060,VCI
2024-10-30,34.4,34.55,34.0,34.1,4445853,VCI
2024-10-31,34.1,34.7,34.05,34.4,6898834,VCI
2024-11-01,34.3,34.45,33.56,33.66,8180793,VCI
2024-11-04,33.66,34.6,33.36,34.15,7333677,VCI
2024-11-05,34.35,34.4,33.85,33.85,3679974,VCI
2024-11-06,34.2,34.7,34.1,34.7,6929572,VCI
2024-11-07,34.9,34.9,34.4,34.4,5610296,VCI
2024-11-08,34.55,34.7,34.2,34.25,5821666,VCI
2024-11-11,34.2,34.45,33.85,34.4,6808874,VCI
2024-11-12,34.65,35.34,34.45,34.5,11472315,VCI
2024-11-13,34.4,34.8,33.9,34.35,6303024,VCI
2024-11-14,34.3,34.5,32.56,32.71,12279535,VCI
2024-11-15,32.56,33.16,31.82,32.07,10878268,VCI
2024-11-18,32.07,33.21,32.07,32.76,6119445,VCI
2024-11-19,32.86,32.91,31.97,32.02,3847439,VCI
2024-11-20,32.07,33.11,31.97,32.46,6172887,VCI
2024-11-21,32.46,32.96,32.41,32.96,2791739,VCI
2024-11-22,32.96,33.26,32.66,32.76,5120258,VCI
2024-11-25,32.76,33.26,32.51,33.26,4905341,VCI
2024-11-26,33.31,33.71,33.16,33.31,4560280,VCI
2024-11-27,33.26,33.41,32.96,33.11,2246377,VCI
2024-11-28,33.56,33.56,32.81,32.81,2519076,VCI
2024-11-29,32.81,33.11,32.61,32.86,3335241,VCI
2024-12-02,33.36,33.36,32.86,32.91,2531758,VCI
2024-12-03,32.81,33.01,32.71,32.76,3288263,VCI
2024-12-04,32.71,32.71,32.17,32.27,5063796,VCI
2024-12-05,32.27,34.5,31.87,34.5,15139799,VCI
2024-12-06,34.6,35.0,34.2,34.55,7672124,VCI
2024-12-09,34.55,34.7,34.3,34.6,5085996,VCI
2024-12-10,34.55,34.65,34.25,34.35,3818600,VCI
2024-12-11,34.3,34.65,33.95,34.25,3783559,VCI
2024-12-12,34.3,34.65,34.15,34.2,4057817,VCI
2024-12-13,33.85,34.2,33.71,33.95,3448363,VCI
2024-12-16,33.95,34.35,33.76,34.35,2597093,VCI
2024-12-17,34.4,34.5,34.15,34.15,2478949,VCI
2024-12-18,34.15,34.25,33.9,34.2,2203003,VCI
2024-12-19,33.76,34.15,33.36,34.15,7245369,VCI
2024-12-20,33.85,33.95,33.66,33.9,3728365,VCI
2024-12-23,34.1,34.1,33.85,34.05,1794869,VCI
2024-12-24,34.05,34.05,33.31,33.46,3831116,VCI
2024-12-25,33.51,34.45,33.51,33.85,5103297,VCI
2024-12-26,33.85,33.95,33.56,33.56,2560382,VCI
2024-12-27,33.66,33.76,33.46,33.51,4347867,VCI
2024-12-30,33.66,33.95,33.36,33.36,2519133,VCI
2024-12-31,33.41,33.51,32.96,32.96,2868971,VCI
2025-01-02,33.01,33.46,32.96,33.36,3358136,VCI
2025-01-03,33.31,33.36,32.56,32.56,4667371,VCI
2025-01-06,32.61,32.81,31.87,32.07,4543715,VCI
2025-01-07,32.27,32.32,31.52,31.57,5079540,VCI
2025-01-08,31.32,32.37,31.32,31.92,3418529,VCI
2025-01-09,31.92,32.17,31.57,31.57,1957685,VCI
2025-01-10,31.67,32.02,31.27,31.27,4451367,VCI
2025-01-13,30.98,31.92,30.73,31.92,4426891,VCI
2025-01-14,31.77,31.97,31.62,31.62,2136638,VCI
2025-01-15,31.67,32.12,31.67,31.82,3140474,VCI
2025-01-16,31.97,33.01,31.97,32.17,4630969,VCI
2025-01-17,32.07,32.46,32.07,32.22,2041567,VCI
2025-01-20,32.27,32.56,31.97,32.02,2217140,VCI
2025-01-21,32.02,32.91,32.02,32.51,5348983,VCI
2025-01-22,32.81,32.81,32.46,32.46,3052844,VCI
2025-01-23,32.71,34.65,32.56,34.25,12534499,VCI
2025-01-24,34.2,34.25,33.8,34.15,4071193,VCI
2025-02-03,34.05,34.8,33.56,34.45,10738350,VCI
2025-02-04,34.8,34.95,34.35,34.55,7286274,VCI
2025-02-05,34.75,34.75,34.2,34.45,6850555,VCI
2025-02-06,34.6,35.15,34.3,34.3,8266831,VCI
2025-02-07,34.3,34.5,34.05,34.4,4655289,VCI
2025-02-10,34.1,35.1,34.0,34.6,14438626,VCI
2025-02-11,34.75,35.0,34.5,34.6,6774455,VCI
2025-02-12,34.7,35.15,34.6,34.6,6597223,VCI
2025-02-13,34.6,34.9,34.3,34.9,4316232,VCI
2025-02-14,35.5,35.85,35.25,35.35,12893355,VCI
2025-02-17,35.45,35.9,35.2,35.55,10067465,VCI
2025-02-18,35.6,36.15,35.4,35.9,11041206,VCI
2025-02-19,36.0,36.35,35.8,36.3,7299400,VCI
2025-02-20,36.5,36.6,36.05,36.3,8626100,VCI
2025-02-21,36.15,36.3,35.85,36.25,7671600,VCI
2025-02-24,36.25,36.8,36.0,36.75,8573000,VCI
2025-02-25,36.95,37.4,36.65,36.8,13209100,VCI
2025-02-26,36.95,37.2,36.6,36.6,12293200,VCI
2025-02-27,36.75,36.85,36.2,36.8,7282100,VCI
2025-02-28,36.65,37.1,36.45,36.45,6514800,VCI
2025-03-03,36.5,37.8,36.25,37.3,12212700,VCI
2025-03-04,37.2,37.5,36.6,37.45,8147400,VCI
2025-03-05,37.4,37.85,37.0,37.1,8992400,VCI
2025-03-06,37.15,38.5,37.15,38.5,13621300,VCI
2025-03-07,38.7,39.2,38.3,38.95,10518000,VCI
2025-03-10,39.2,39.9,38.9,39.25,13958600,VCI
2025-03-11,38.95,39.5,38.7,39.45,10530100,VCI
2025-03-12,39.8,39.9,38.95,39.25,9691800,VCI
2025-03-13,39.2,39.5,38.6,38.85,10374700,VCI
2025-03-14,38.7,39.2,38.5,38.9,6108000,VCI
2024-09-04,42.23,42.52,41.79,41.89,1265951,VGC
2024-09-05,41.99,42.42,41.06,41.26,1122841,VGC
2024-09-06,41.26,41.5,40.92,41.4,702538,VGC
2024-09-09,41.5,41.65,40.53,40.73,866321,VGC
2024-09-10,41.21,41.21,39.71,39.8,1010498,VGC
2024-09-11,39.8,40.68,39.41,40.39,756882,VGC
2024-09-12,40.77,41.02,40.14,40.14,439536,VGC
2024-09-13,40.14,40.82,40.14,40.82,449186,VGC
2024-09-16,41.36,41.36,40.24,40.77,766189,VGC
2024-09-17,40.73,41.21,40.14,41.21,832131,VGC
2024-09-18,40.97,41.45,40.82,40.97,701231,VGC
2024-09-19,41.02,42.42,40.92,42.42,1373498,VGC
2024-09-20,42.76,42.81,41.94,41.99,895592,VGC
2024-09-23,42.42,42.42,41.79,41.99,497106,VGC
2024-09-24,41.99,43.39,41.79,42.91,1716568,VGC
2024-09-25,43.2,43.39,42.76,42.91,854157,VGC
2024-09-26,42.91,43.2,42.33,42.67,1179170,VGC
2024-09-27,42.91,42.91,42.28,42.62,955428,VGC
2024-09-30,42.67,42.91,41.94,42.33,1238478,VGC
2024-10-01,41.94,43.05,41.94,42.86,1416679,VGC
2024-10-02,42.72,42.81,42.04,42.23,991456,VGC
2024-10-03,42.08,42.62,41.36,42.08,1430186,VGC
2024-10-04,42.08,42.08,41.31,42.08,946765,VGC
2024-10-07,42.04,42.13,41.45,41.74,562983,VGC
2024-10-08,41.74,41.94,41.26,41.5,658353,VGC
2024-10-09,41.5,42.42,41.5,42.42,1170542,VGC
2024-10-10,42.72,42.81,42.28,42.72,840560,VGC
2024-10-11,42.86,43.15,42.38,42.76,890050,VGC
2024-10-14,42.86,43.01,41.74,42.13,1484967,VGC
2024-10-15,41.79,42.13,41.5,41.5,838170,VGC
2024-10-16,41.74,41.74,40.82,41.6,821256,VGC
2024-10-17,41.5,41.65,40.87,41.5,666152,VGC
2024-10-18,41.65,42.13,41.4,41.5,805891,VGC
2024-10-21,41.2,42.0,41.2,41.6,461773,VGC
2024-10-22,41.55,41.55,40.6,40.9,917294,VGC
2024-10-23,40.55,41.2,40.3,41.15,520380,VGC
2024-10-24,40.8,40.85,40.15,40.5,777521,VGC
2024-10-25,40.6,40.6,40.0,40.5,527331,VGC
2024-10-28,40.1,40.45,40.1,40.45,428477,VGC
2024-10-29,40.25,41.1,40.25,41.0,423589,VGC
2024-10-30,41.2,41.3,40.5,40.9,341460,VGC
2024-10-31,40.9,40.95,40.3,40.8,448202,VGC
2024-11-01,40.45,40.8,39.9,40.4,853800,VGC
2024-11-04,40.3,40.3,39.55,39.7,660800,VGC
2024-11-05,39.7,40.0,39.6,40.0,266900,VGC
2024-11-06,40.05,42.8,40.05,42.8,3506400,VGC
2024-11-07,42.85,43.2,42.15,42.35,1253700,VGC
2024-11-08,42.35,42.95,41.6,42.6,1672100,VGC
2024-11-11,42.85,43.65,42.5,43.35,1956000,VGC
2024-11-12,43.7,43.95,42.6,42.8,1502800,VGC
2024-11-13,42.5,43.3,41.8,43.3,1630800,VGC
2024-11-14,43.25,44.8,43.0,43.3,3523800,VGC
2024-11-15,43.05,44.5,43.05,43.8,2557600,VGC
2024-11-18,43.8,43.85,41.6,42.6,1783300,VGC
2024-11-19,42.65,42.65,40.05,40.05,1794900,VGC
2024-11-20,40.0,41.2,39.3,40.9,1475600,VGC
2024-11-21,41.0,41.45,40.65,41.2,636900,VGC
2024-11-22,41.4,41.5,40.8,41.15,813300,VGC
2024-11-25,41.15,41.4,40.95,41.15,420300,VGC
2024-11-26,41.5,42.1,41.35,41.9,891500,VGC
2024-11-27,41.85,41.85,41.15,41.55,689300,VGC
2024-11-28,41.8,41.8,41.15,41.45,666600,VGC
2024-11-29,41.25,42.7,41.05,42.2,1976600,VGC
2024-12-02,42.4,43.4,42.3,43.0,1481700,VGC
2024-12-03,43.0,44.0,42.6,42.8,1705900,VGC
2024-12-04,43.05,43.15,42.15,42.6,1012700,VGC
2024-12-05,42.9,44.4,42.4,43.95,1776400,VGC
2024-12-06,44.2,44.7,43.5,43.5,1706000,VGC
2024-12-09,43.5,44.2,43.4,43.5,1282700,VGC
2024-12-10,43.5,44.6,43.4,43.6,1707800,VGC
2024-12-11,43.8,44.0,43.45,43.9,1094100,VGC
2024-12-12,44.0,45.85,44.0,44.5,2398100,VGC
2024-12-13,44.4,44.85,43.8,43.9,1206200,VGC
2024-12-16,44.9,44.9,44.0,44.6,1099100,VGC
2024-12-17,44.9,44.9,43.75,43.95,1938000,VGC
2024-12-18,43.9,44.0,43.3,43.95,1059900,VGC
2024-12-19,43.2,43.85,43.1,43.4,1354900,VGC
2024-12-20,43.4,44.35,43.4,43.7,853000,VGC
2024-12-23,44.1,44.8,43.8,44.2,1316900,VGC
2024-12-24,44.5,44.9,44.0,44.9,1500900,VGC
2024-12-25,45.2,45.9,44.9,45.25,1871400,VGC
2024-12-26,45.25,45.45,44.5,44.5,913100,VGC
2024-12-27,45.0,45.1,44.15,44.7,1050400,VGC
2024-12-30,44.65,45.4,44.0,45.15,1200900,VGC
2024-12-31,45.15,45.15,44.8,44.95,845300,VGC
2025-01-02,45.0,47.0,44.7,47.0,3000200,VGC
2025-01-03,47.0,47.8,46.65,47.0,2814400,VGC
2025-01-06,46.8,47.6,46.4,47.0,2121500,VGC
2025-01-07,47.1,48.3,46.75,47.9,2969400,VGC
2025-01-08,48.0,48.3,47.55,48.0,1581800,VGC
2025-01-09,48.6,48.7,47.6,47.7,1283200,VGC
2025-01-10,47.7,48.3,46.8,47.6,1708700,VGC
2025-01-13,47.0,47.8,47.0,47.65,660300,VGC
2025-01-14,47.7,49.65,47.7,49.3,1985200,VGC
2025-01-15,49.3,49.6,48.6,49.6,1185600,VGC
2025-01-16,49.7,49.8,48.65,48.9,1513800,VGC
2025-01-17,49.0,50.0,49.0,49.6,1095500,VGC
2025-01-20,49.6,49.75,48.5,48.5,880000,VGC
2025-01-21,48.55,49.15,48.45,48.8,767000,VGC
2025-01-22,48.6,49.2,48.4,48.4,975900,VGC
2025-01-23,48.4,49.6,47.45,49.5,1914300,VGC
2025-01-24,49.8,50.9,49.4,49.7,1242000,VGC
2025-02-03,49.7,50.8,49.6,50.5,1325100,VGC
2025-02-04,50.4,51.0,50.4,50.9,1015200,VGC
2025-02-05,50.7,50.9,50.2,50.9,591900,VGC
2025-02-06,51.0,51.6,50.1,51.0,1028700,VGC
2025-02-07,51.0,51.2,50.0,50.0,914800,VGC
2025-02-10,50.0,50.5,49.6,49.7,920900,VGC
2025-02-11,50.4,51.0,49.7,50.7,741600,VGC
2025-02-12,50.9,51.5,50.8,51.0,772300,VGC
2025-02-13,51.1,51.1,49.85,50.7,971800,VGC
2025-02-14,50.9,51.4,50.5,51.2,900700,VGC
2025-02-17,51.5,51.5,50.5,50.6,895000,VGC
2025-02-18,50.4,51.0,50.0,51.0,1043100,VGC
2025-02-19,51.5,53.4,51.2,53.0,1568200,VGC
2025-02-20,53.0,53.4,52.5,52.6,572600,VGC
2025-02-21,52.8,53.2,52.5,52.8,717000,VGC
2025-02-24,53.1,53.2,52.4,52.9,605800,VGC
2025-02-25,53.0,53.2,51.4,51.8,1419200,VGC
2025-02-26,51.8,53.0,51.8,52.6,918400,VGC
2025-02-27,52.6,52.6,51.2,52.2,801300,VGC
2025-02-28,52.0,52.8,51.6,52.1,888400,VGC
2025-03-03,52.1,52.6,51.7,52.0,553700,VGC
2025-03-04,52.2,52.7,48.9,51.6,2850400,VGC
2025-03-05,51.7,51.7,49.3,49.3,1547800,VGC
2025-03-06,49.7,50.7,49.3,50.7,1380400,VGC
2025-03-07,50.2,50.8,49.7,50.1,1155800,VGC
2025-03-10,50.3,50.8,49.6,50.2,849600,VGC
2025-03-11,50.0,50.2,49.3,50.2,835000,VGC
2025-03-12,50.4,52.6,50.0,52.2,2347700,VGC
2025-03-13,52.4,52.4,50.9,51.3,1033300,VGC
2025-03-14,51.0,51.9,50.3,50.9,987200,VGC
2024-09-04,70.81,71.29,70.12,71.0,502429,VHC
2024-09-05,70.9,71.0,69.25,69.54,576418,VHC
2024-09-06,69.54,69.83,68.18,68.47,870494,VHC
2024-09-09,68.47,68.96,68.18,68.18,297007,VHC
2024-09-10,68.47,71.19,68.28,68.57,478571,VHC
2024-09-11,68.57,68.67,67.89,67.98,269875,VHC
2024-09-12,68.37,68.86,68.18,68.37,361197,VHC
2024-09-13,68.37,68.47,67.6,67.98,436626,VHC
2024-09-16,67.98,68.28,66.23,66.91,389665,VHC
2024-09-17,66.72,68.37,66.72,68.08,366800,VHC
2024-09-18,68.18,70.03,68.18,69.25,471304,VHC
2024-09-19,69.83,69.83,68.67,69.25,218452,VHC
2024-09-20,70.22,70.42,69.64,70.42,558908,VHC
2024-09-23,70.42,70.42,69.64,69.64,200379,VHC
2024-09-24,69.64,70.12,69.35,70.03,144082,VHC
2024-09-25,70.12,70.61,69.93,70.51,350448,VHC
2024-09-26,70.42,71.39,69.93,70.51,591884,VHC
2024-09-27,70.81,70.81,69.83,70.03,486037,VHC
2024-09-30,70.03,70.42,69.83,70.32,183189,VHC
2024-10-01,70.22,70.81,69.05,69.05,757397,VHC
2024-10-02,69.05,69.54,68.18,68.18,543382,VHC
2024-10-03,68.57,69.15,67.79,67.89,392914,VHC
2024-10-04,67.69,68.08,67.5,67.6,571317,VHC
2024-10-07,68.08,68.96,67.79,68.08,431453,VHC
2024-10-08,68.08,68.76,68.08,68.37,259295,VHC
2024-10-09,68.57,69.64,68.57,69.54,461817,VHC
2024-10-10,69.93,70.51,69.35,70.03,468148,VHC
2024-10-11,70.03,70.81,69.25,70.03,395852,VHC
2024-10-14,70.51,71.88,70.42,71.19,1373889,VHC
2024-10-15,71.19,71.39,69.74,70.03,467201,VHC
2024-10-16,70.03,71.39,69.74,71.39,655147,VHC
2024-10-17,71.78,71.78,70.61,70.71,403498,VHC
2024-10-18,70.81,71.78,70.32,71.19,603215,VHC
2024-10-21,71.19,71.97,70.03,70.03,564930,VHC
2024-10-22,69.74,71.19,69.74,70.51,609689,VHC
2024-10-23,70.42,70.81,69.93,70.81,296236,VHC
2024-10-24,70.9,70.9,69.15,69.15,615131,VHC
2024-10-25,69.83,69.83,68.18,68.86,628796,VHC
2024-10-28,68.86,69.15,68.28,68.67,383060,VHC
2024-10-29,69.05,69.93,68.67,69.93,328374,VHC
2024-10-30,70.32,70.32,68.67,69.05,514385,VHC
2024-10-31,68.76,69.74,68.47,69.35,287951,VHC
2024-11-01,69.05,69.54,68.57,68.76,328111,VHC
2024-11-04,68.96,68.96,67.69,67.79,430292,VHC
2024-11-05,67.79,69.35,67.69,69.05,384308,VHC
2024-11-06,69.44,71.58,69.15,70.12,1085654,VHC
2024-11-07,71.0,71.29,70.51,70.51,683736,VHC
2024-11-08,70.51,73.24,70.42,72.56,1812334,VHC
2024-11-11,72.85,73.82,72.65,72.94,1320665,VHC
2024-11-12,73.43,73.63,71.97,71.97,924210,VHC
2024-11-13,71.58,72.56,70.9,71.97,1102203,VHC
2024-11-14,72.36,74.21,71.58,71.78,1256378,VHC
2024-11-15,71.88,73.33,71.29,71.97,1469504,VHC
2024-11-18,72.17,72.94,70.51,71.58,910691,VHC
2024-11-19,71.58,72.94,68.08,68.08,1397072,VHC
2024-11-20,68.28,69.74,66.91,68.47,780789,VHC
2024-11-21,68.86,69.93,68.57,69.93,446753,VHC
2024-11-22,70.32,70.32,69.35,69.64,592601,VHC
2024-11-25,69.83,70.12,69.44,69.64,288351,VHC
2024-11-26,69.64,70.9,69.64,70.12,546819,VHC
2024-11-27,70.12,70.42,69.44,70.22,451072,VHC
2024-11-28,70.51,70.61,69.15,69.54,620508,VHC
2024-11-29,69.54,71.29,69.54,70.81,558294,VHC
2024-12-02,71.29,71.39,70.9,71.19,399277,VHC
2024-12-03,71.39,72.85,70.9,71.68,1022783,VHC
2024-12-04,71.97,72.46,66.72,70.9,1005191,VHC
2024-12-05,71.2,74.1,70.2,73.5,1565115,VHC
2024-12-06,73.9,75.3,72.7,72.7,1367242,VHC
2024-12-09,72.6,74.3,72.6,73.8,653953,VHC
2024-12-10,73.5,74.7,72.8,73.1,794239,VHC
2024-12-11,73.4,75.2,72.8,74.1,1506858,VHC
2024-12-12,74.2,74.5,73.2,73.2,450530,VHC
2024-12-13,73.0,73.6,72.1,72.6,568337,VHC
2024-12-16,72.6,73.0,71.7,72.0,328273,VHC
2024-12-17,72.5,72.9,71.9,72.7,416416,VHC
2024-12-18,72.7,74.0,72.7,73.9,676000,VHC
2024-12-19,73.0,74.6,72.6,73.2,737600,VHC
2024-12-20,73.1,74.9,73.1,73.3,951600,VHC
2024-12-23,73.6,74.2,73.2,73.2,448300,VHC
2024-12-24,73.2,75.0,73.2,74.0,988700,VHC
2024-12-25,74.7,74.7,73.3,73.6,708100,VHC
2024-12-26,73.6,74.5,73.0,73.0,780800,VHC
2024-12-27,73.0,73.1,71.5,71.9,1024300,VHC
2024-12-30,72.2,72.2,71.5,71.5,282500,VHC
2024-12-31,71.5,72.6,70.5,70.5,698200,VHC
2025-01-02,71.4,71.5,70.7,71.1,350800,VHC
2025-01-03,71.3,71.9,70.5,70.5,536700,VHC
2025-01-06,70.5,70.9,68.6,69.2,1158500,VHC
2025-01-07,69.5,70.0,68.5,69.1,691500,VHC
2025-01-08,69.1,69.6,68.7,69.4,453600,VHC
2025-01-09,69.0,69.4,67.5,68.0,993400,VHC
2025-01-10,67.8,68.0,65.0,65.0,1712100,VHC
2025-01-13,64.8,66.9,64.8,66.7,487200,VHC
2025-01-14,66.7,67.5,65.7,66.1,610500,VHC
2025-01-15,66.5,67.0,66.0,66.8,456700,VHC
2025-01-16,67.3,67.9,66.6,67.3,708100,VHC
2025-01-17,67.6,67.6,66.5,67.1,494900,VHC
2025-01-20,68.6,70.4,68.1,70.1,1472900,VHC
2025-01-21,71.3,71.9,70.1,70.2,1357500,VHC
2025-01-22,70.5,70.5,68.4,68.7,578900,VHC
2025-01-23,68.7,69.4,68.6,69.0,341300,VHC
2025-01-24,69.5,69.5,68.1,68.1,505400,VHC
2025-02-03,68.2,69.1,68.1,68.4,317000,VHC
2025-02-04,69.7,70.9,69.2,70.2,560600,VHC
2025-02-05,70.6,71.3,70.0,70.8,640900,VHC
2025-02-06,70.9,71.0,70.0,70.5,393300,VHC
2025-02-07,71.0,71.6,70.0,70.0,929800,VHC
2025-02-10,70.1,70.5,68.8,68.8,730100,VHC
2025-02-11,69.0,70.7,68.9,70.1,411100,VHC
2025-02-12,70.1,70.1,69.4,69.5,224400,VHC
2025-02-13,69.6,70.5,69.4,70.0,355300,VHC
2025-02-14,70.7,71.5,70.3,70.5,771800,VHC
2025-02-17,70.5,70.6,69.7,69.7,749500,VHC
2025-02-18,69.7,69.7,69.2,69.3,613000,VHC
2025-02-19,69.6,70.7,69.2,70.6,700300,VHC
2025-02-20,70.8,71.2,69.9,70.4,563600,VHC
2025-02-21,70.9,73.0,70.5,71.0,1361900,VHC
2025-02-24,70.6,71.2,70.4,70.5,408900,VHC
2025-02-25,70.7,71.0,69.8,70.2,1016600,VHC
2025-02-26,70.1,70.9,69.9,70.4,668600,VHC
2025-02-27,70.4,71.9,70.4,71.4,1002800,VHC
2025-02-28,71.4,71.9,70.9,71.9,1125600,VHC
2025-03-03,72.2,72.6,72.1,72.3,1120800,VHC
2025-03-04,72.3,72.3,70.9,72.1,1104700,VHC
2025-03-05,72.1,72.1,70.7,70.7,873200,VHC
2025-03-06,70.8,71.4,70.6,71.1,689500,VHC
2025-03-07,71.1,71.2,70.5,70.8,1061400,VHC
2025-03-10,71.0,71.2,69.4,69.4,1730200,VHC
2025-03-11,68.4,69.0,68.3,68.8,1012700,VHC
2025-03-12,69.2,69.2,67.6,67.7,1377600,VHC
2025-03-13,68.0,68.5,67.6,67.9,689900,VHC
2025-03-14,67.9,67.9,66.6,67.0,1245200,VHC
2024-09-04,41.0,42.5,41.0,42.5,13810200,VHM
2024-09-05,42.7,44.45,42.7,43.75,22146100,VHM
2024-09-06,44.0,44.0,43.25,43.9,10230400,VHM
2024-09-09,43.65,43.65,43.0,43.0,10300900,VHM
2024-09-10,43.15,43.55,42.15,42.8,12930600,VHM
2024-09-11,42.55,43.15,41.75,43.0,13399000,VHM
2024-09-12,43.4,43.5,43.1,43.1,5663400,VHM
2024-09-13,43.05,43.4,42.7,43.0,5405000,VHM
2024-09-16,42.85,42.9,41.75,41.75,8361100,VHM
2024-09-17,41.75,44.0,41.7,44.0,15786300,VHM
2024-09-18,44.1,45.15,43.9,43.9,12485300,VHM
2024-09-19,43.9,44.4,43.75,44.15,9903100,VHM
2024-09-20,44.2,44.9,43.7,43.75,25318400,VHM
2024-09-23,43.8,44.1,43.15,43.65,7376000,VHM
2024-09-24,43.65,44.25,43.45,44.25,6958300,VHM
2024-09-25,44.4,44.4,43.8,44.15,10672900,VHM
2024-09-26,44.2,44.6,44.1,44.4,12259400,VHM
2024-09-27,44.5,44.6,43.0,43.4,16363400,VHM
2024-09-30,43.5,43.5,42.55,42.8,9129100,VHM
2024-10-01,42.9,44.1,42.9,43.45,11220500,VHM
2024-10-02,43.05,43.45,42.85,43.4,7970100,VHM
2024-10-03,43.0,43.25,41.6,41.6,26887200,VHM
2024-10-04,41.55,41.95,41.15,41.5,6764300,VHM
2024-10-07,41.65,41.8,40.9,41.2,7224100,VHM
2024-10-08,41.45,41.6,40.7,41.6,8581400,VHM
2024-10-09,41.65,42.55,41.6,42.5,6742900,VHM
2024-10-10,42.7,42.9,42.15,42.15,5446300,VHM
2024-10-11,42.45,43.8,42.3,43.6,15621000,VHM
2024-10-14,45.5,46.4,45.1,45.35,20737100,VHM
2024-10-15,45.5,45.5,44.6,44.65,9219500,VHM
2024-10-16,44.5,45.2,44.45,45.0,6821300,VHM
2024-10-17,45.1,45.5,44.8,45.1,6677100,VHM
2024-10-18,45.7,46.0,45.15,45.25,8960800,VHM
2024-10-21,45.5,47.8,45.5,47.8,21162900,VHM
2024-10-22,48.15,48.55,47.4,48.25,12671300,VHM
2024-10-23,48.25,48.35,46.5,47.0,33349400,VHM
2024-10-24,46.6,46.75,43.85,43.85,33609900,VHM
2024-10-25,44.55,44.65,43.5,43.85,24552700,VHM
2024-10-28,43.7,44.25,42.5,42.7,19543500,VHM
2024-10-29,42.95,43.05,42.55,42.75,17360800,VHM
2024-10-30,43.0,43.0,40.85,41.15,31820300,VHM
2024-10-31,41.15,41.55,40.45,41.5,23739900,VHM
2024-11-01,41.5,42.2,41.3,41.5,16952200,VHM
2024-11-04,41.5,41.5,40.55,41.5,19838000,VHM
2024-11-05,41.5,41.8,41.25,41.5,14140300,VHM
2024-11-06,41.5,41.7,41.3,41.55,15064600,VHM
2024-11-07,41.7,41.7,41.3,41.4,15995700,VHM
2024-11-08,41.3,41.35,40.0,40.0,22517000,VHM
2024-11-11,40.0,40.85,39.25,40.6,15312100,VHM
2024-11-12,40.6,41.35,40.3,40.3,16217500,VHM
2024-11-13,40.3,40.7,40.15,40.3,14066600,VHM
2024-11-14,40.35,41.1,40.3,40.35,16947200,VHM
2024-11-15,40.35,40.6,40.0,40.25,17024300,VHM
2024-11-18,40.3,40.8,39.6,40.8,23032900,VHM
2024-11-19,40.9,42.25,40.9,42.2,26469700,VHM
2024-11-20,42.2,43.4,41.75,43.3,28417400,VHM
2024-11-21,43.25,43.7,42.85,43.3,34404900,VHM
2024-11-22,42.65,42.75,41.6,41.6,9091600,VHM
2024-11-25,41.5,42.95,41.45,42.7,4401200,VHM
2024-11-26,42.7,43.3,42.4,42.4,4289500,VHM
2024-11-27,42.2,42.85,41.9,41.9,3650400,VHM
2024-11-28,42.25,42.35,41.1,41.1,6514200,VHM
2024-11-29,41.3,41.3,40.75,40.8,5524400,VHM
2024-12-02,41.1,41.15,40.75,40.75,3781200,VHM
2024-12-03,40.8,41.3,40.5,40.9,5187200,VHM
2024-12-04,40.7,40.85,40.1,40.1,5167400,VHM
2024-12-05,40.5,41.8,40.2,41.4,4852800,VHM
2024-12-06,41.6,42.0,41.2,41.5,4870000,VHM
2024-12-09,41.5,41.9,41.4,41.45,3619100,VHM
2024-12-10,41.45,41.65,40.95,40.95,4579300,VHM
2024-12-11,40.95,41.35,40.8,40.85,4020600,VHM
2024-12-12,40.9,41.15,40.75,40.75,2984800,VHM
2024-12-13,40.7,40.8,40.5,40.65,3126900,VHM
2024-12-16,40.65,41.15,40.55,40.95,2668000,VHM
2024-12-17,41.0,41.4,40.8,41.3,3708600,VHM
2024-12-18,41.3,41.6,40.9,40.9,2431900,VHM
2024-12-19,40.6,40.75,40.2,40.2,5724800,VHM
2024-12-20,40.4,40.45,40.2,40.35,3475300,VHM
2024-12-23,40.8,40.85,40.4,40.6,1992400,VHM
2024-12-24,40.5,40.6,40.1,40.35,3214900,VHM
2024-12-25,40.5,40.75,40.35,40.6,3559700,VHM
2024-12-26,40.75,41.3,40.65,40.65,3690900,VHM
2024-12-27,40.8,41.05,40.35,40.35,2847200,VHM
2024-12-30,40.45,40.6,40.3,40.3,2516300,VHM
2024-12-31,40.5,40.5,40.0,40.0,4191900,VHM
2025-01-02,40.1,40.2,39.95,40.0,3009900,VHM
2025-01-03,40.05,40.05,39.75,40.0,4269100,VHM
2025-01-06,40.0,40.0,39.75,40.0,3321300,VHM
2025-01-07,39.85,40.05,39.85,40.0,2849700,VHM
2025-01-08,40.0,40.05,39.7,40.0,2438700,VHM
2025-01-09,40.0,41.05,40.0,40.4,4211400,VHM
2025-01-10,40.4,40.7,39.9,40.0,2320000,VHM
2025-01-13,39.8,40.0,38.7,40.0,3978900,VHM
2025-01-14,39.7,40.0,39.4,40.0,5407600,VHM
2025-01-15,40.0,40.1,39.8,40.0,2707200,VHM
2025-01-16,40.2,40.65,40.0,40.0,5138800,VHM
2025-01-17,40.1,40.1,39.85,40.1,4153100,VHM
2025-01-20,40.0,40.2,39.9,40.0,2996900,VHM
2025-01-21,40.0,40.15,39.8,40.0,4494600,VHM
2025-01-22,40.0,40.0,39.5,39.5,3640500,VHM
2025-01-23,39.55,39.95,39.25,39.5,4632800,VHM
2025-01-24,39.5,39.8,39.4,39.5,4838500,VHM
2025-02-03,39.55,39.55,38.85,39.0,4738800,VHM
2025-02-04,38.95,39.15,38.55,38.75,6222400,VHM
2025-02-05,39.0,39.45,38.85,38.85,2719200,VHM
2025-02-06,39.0,39.2,38.8,38.8,2817600,VHM
2025-02-07,38.85,39.05,38.75,38.75,3013800,VHM
2025-02-10,38.7,38.75,37.8,37.8,5850900,VHM
2025-02-11,37.85,37.9,37.6,37.75,5898800,VHM
2025-02-12,37.8,38.3,37.8,38.0,3808700,VHM
2025-02-13,37.9,38.9,37.9,38.75,4922700,VHM
2025-02-14,38.95,39.05,38.75,38.8,4245600,VHM
2025-02-17,38.8,39.15,38.7,38.8,4038700,VHM
2025-02-18,38.9,39.2,38.85,38.9,3087100,VHM
2025-02-19,39.15,39.15,38.8,39.1,2932700,VHM
2025-02-20,39.2,40.8,39.15,40.55,11106700,VHM
2025-02-21,40.7,40.7,40.25,40.3,3893300,VHM
2025-02-24,40.1,40.3,39.95,40.25,4771900,VHM
2025-02-25,40.3,41.25,40.3,40.75,5566600,VHM
2025-02-26,40.8,40.9,40.5,40.7,4187200,VHM
2025-02-27,40.75,41.15,40.6,41.05,6360000,VHM
2025-02-28,41.05,41.6,40.85,41.2,8394500,VHM
2025-03-03,41.3,42.55,41.2,42.55,9467900,VHM
2025-03-04,42.55,43.15,42.05,42.05,11264800,VHM
2025-03-05,42.05,43.0,42.05,42.7,10682200,VHM
2025-03-06,42.85,43.6,42.85,43.6,11952800,VHM
2025-03-07,43.6,45.75,43.3,44.95,17823300,VHM
2025-03-10,45.0,45.8,44.7,45.3,12066400,VHM
2025-03-11,44.6,45.55,44.2,45.5,12103400,VHM
2025-03-12,45.4,47.3,45.4,46.95,15641200,VHM
2025-03-13,47.0,49.55,46.55,47.8,22269900,VHM
2025-03-14,47.7,48.9,47.7,47.9,16861700,VHM
2024-09-04,18.2,18.25,18.0,18.2,2126139,VIB
2024-09-05,18.25,18.4,18.15,18.15,3846850,VIB
2024-09-06,18.2,18.25,18.1,18.1,2085200,VIB
2024-09-09,18.1,18.1,17.85,17.9,2840800,VIB
2024-09-10,18.0,18.1,17.85,17.9,1429800,VIB
2024-09-11,17.9,17.95,17.8,17.85,2198200,VIB
2024-09-12,17.9,18.15,17.9,18.15,1778300,VIB
2024-09-13,18.1,18.15,18.0,18.0,1621000,VIB
2024-09-16,18.0,18.1,17.9,18.0,1832900,VIB
2024-09-17,18.05,18.15,17.9,18.15,1548000,VIB
2024-09-18,18.15,18.3,18.1,18.25,2956000,VIB
2024-09-19,18.3,18.35,18.25,18.3,2095400,VIB
2024-09-20,18.4,18.6,18.35,18.45,6346100,VIB
2024-09-23,18.5,18.65,18.45,18.5,3124100,VIB
2024-09-24,18.5,19.1,18.25,19.1,19066000,VIB
2024-09-25,19.1,19.45,18.95,19.45,15476000,VIB
2024-09-26,19.45,19.65,19.25,19.4,19828500,VIB
2024-09-27,19.45,19.55,19.2,19.35,17254200,VIB
2024-09-30,19.35,19.45,19.2,19.3,9580700,VIB
2024-10-01,19.35,20.0,19.25,19.8,33157700,VIB
2024-10-02,19.75,19.75,19.55,19.55,8365600,VIB
2024-10-03,19.6,19.95,19.25,19.25,25247700,VIB
2024-10-04,19.25,19.4,19.15,19.25,10344200,VIB
2024-10-07,19.4,19.45,19.2,19.2,6663900,VIB
2024-10-08,19.25,19.5,19.2,19.2,10322100,VIB
2024-10-09,19.25,19.35,19.15,19.2,12384900,VIB
2024-10-10,19.3,19.45,19.1,19.1,17525800,VIB
2024-10-11,19.1,19.2,19.0,19.1,6388200,VIB
2024-10-14,19.2,19.25,19.0,19.05,7510100,VIB
2024-10-15,19.05,19.35,19.05,19.2,10964300,VIB
2024-10-16,19.15,19.25,19.05,19.15,6300300,VIB
2024-10-17,19.15,19.4,18.95,19.35,13633600,VIB
2024-10-18,19.45,19.85,19.4,19.5,29939000,VIB
2024-10-21,19.4,19.5,19.15,19.2,11022700,VIB
2024-10-22,19.2,19.2,18.6,18.75,25443600,VIB
2024-10-23,18.75,18.9,18.4,18.7,24225600,VIB
2024-10-24,18.75,18.9,18.5,18.5,10839900,VIB
2024-10-25,18.65,18.7,18.25,18.25,18185000,VIB
2024-10-28,18.35,18.5,18.2,18.25,14480800,VIB
2024-10-29,18.3,18.75,18.3,18.75,28752200,VIB
2024-10-30,18.9,19.15,18.8,19.0,21736400,VIB
2024-10-31,19.0,19.0,18.8,18.95,6463700,VIB
2024-11-01,18.9,18.95,18.7,18.85,8279000,VIB
2024-11-04,18.75,18.75,18.45,18.5,9164500,VIB
2024-11-05,18.5,18.65,18.45,18.5,4577800,VIB
2024-11-06,18.6,18.7,18.55,18.6,6074600,VIB
2024-11-07,18.7,18.7,18.5,18.5,4892500,VIB
2024-11-08,18.6,18.6,18.25,18.3,9534100,VIB
2024-11-11,18.3,18.4,18.05,18.2,15262800,VIB
2024-11-12,18.3,18.4,18.15,18.35,8404500,VIB
2024-11-13,18.3,18.35,18.15,18.3,6297800,VIB
2024-11-14,18.35,18.35,18.1,18.2,8002200,VIB
2024-11-15,18.1,18.25,18.1,18.15,14090000,VIB
2024-11-18,18.15,18.35,17.95,18.2,7499600,VIB
2024-11-19,18.2,18.3,18.05,18.05,3613400,VIB
2024-11-20,18.0,18.25,18.0,18.15,4479200,VIB
2024-11-21,18.15,18.3,18.1,18.3,3701900,VIB
2024-11-22,18.35,18.4,18.2,18.2,4951100,VIB
2024-11-25,18.25,18.6,18.2,18.5,11233500,VIB
2024-11-26,18.55,18.7,18.5,18.55,6879500,VIB
2024-11-27,18.55,18.65,18.45,18.5,5210400,VIB
2024-11-28,18.6,19.0,18.55,18.9,13648200,VIB
2024-11-29,18.8,19.0,18.75,19.0,8485700,VIB
2024-12-02,19.0,19.05,18.85,18.85,5234500,VIB
2024-12-03,18.85,19.05,18.7,18.8,9894400,VIB
2024-12-04,18.8,19.0,18.75,18.85,7111800,VIB
2024-12-05,18.8,19.35,18.8,19.35,11423500,VIB
2024-12-06,19.25,19.4,19.2,19.25,7405900,VIB
2024-12-09,19.3,19.35,19.2,19.3,5693400,VIB
2024-12-10,19.3,19.35,19.25,19.3,4789100,VIB
2024-12-11,19.35,19.4,19.1,19.15,5651400,VIB
2024-12-12,19.2,19.25,19.1,19.1,5848600,VIB
2024-12-13,19.1,19.25,19.05,19.25,5249600,VIB
2024-12-16,19.25,19.35,19.2,19.3,5088900,VIB
2024-12-17,19.35,19.35,19.2,19.2,3377700,VIB
2024-12-18,19.2,19.25,19.05,19.15,5668900,VIB
2024-12-19,19.05,19.1,18.9,18.9,12871900,VIB
2024-12-20,18.85,19.0,18.85,18.95,3273300,VIB
2024-12-23,19.0,19.1,18.9,18.95,3862800,VIB
2024-12-24,18.95,19.05,18.85,19.05,6079700,VIB
2024-12-25,19.0,19.6,19.0,19.2,15320100,VIB
2024-12-26,19.35,19.8,19.3,19.75,21867900,VIB
2024-12-27,19.8,20.25,19.75,20.05,22848400,VIB
2024-12-30,20.05,20.15,19.75,19.75,7629400,VIB
2024-12-31,19.8,19.85,19.7,19.7,6423000,VIB
2025-01-02,19.7,19.95,19.6,19.7,6755900,VIB
2025-01-03,19.7,19.7,19.15,19.15,7458700,VIB
2025-01-06,19.15,19.25,19.05,19.15,7984400,VIB
2025-01-07,19.2,19.45,19.1,19.35,7023600,VIB
2025-01-08,19.35,19.5,19.2,19.45,4983100,VIB
2025-01-09,19.45,19.55,19.4,19.45,4807900,VIB
2025-01-10,19.5,19.6,19.3,19.3,10223500,VIB
2025-01-13,19.25,19.4,19.15,19.4,5688700,VIB
2025-01-14,19.4,19.5,19.3,19.4,3487800,VIB
2025-01-15,19.5,19.8,19.4,19.65,6065800,VIB
2025-01-16,19.8,19.8,19.6,19.7,5915600,VIB
2025-01-17,19.75,19.85,19.65,19.85,5072400,VIB
2025-01-20,19.85,20.2,19.85,20.1,9721800,VIB
2025-01-21,20.2,20.25,19.95,20.1,5162700,VIB
2025-01-22,20.15,20.15,19.9,19.95,6919300,VIB
2025-01-23,19.95,20.5,19.95,20.45,11908500,VIB
2025-01-24,20.5,20.8,20.35,20.65,8968000,VIB
2025-02-03,20.5,20.5,19.25,20.1,9829300,VIB
2025-02-04,20.15,20.5,20.15,20.35,5988800,VIB
2025-02-05,20.35,20.45,20.3,20.4,3887800,VIB
2025-02-06,20.6,20.8,20.4,20.45,3973800,VIB
2025-02-07,20.3,20.75,20.25,20.5,6636000,VIB
2025-02-10,20.35,21.0,20.25,20.5,11654400,VIB
2025-02-11,20.75,20.9,20.5,20.65,4937200,VIB
2025-02-12,20.65,20.7,20.4,20.5,6346400,VIB
2025-02-13,20.4,20.5,20.35,20.45,6620600,VIB
2025-02-14,20.65,20.7,20.4,20.45,5230800,VIB
2025-02-17,20.4,20.55,20.35,20.35,4421300,VIB
2025-02-18,20.4,20.6,20.35,20.4,6055800,VIB
2025-02-19,20.4,20.75,20.4,20.55,8313900,VIB
2025-02-20,20.65,20.65,20.55,20.55,6876300,VIB
2025-02-21,20.55,20.7,20.5,20.6,7675800,VIB
2025-02-24,20.6,21.15,20.5,20.8,17450900,VIB
2025-02-25,20.85,21.0,20.7,20.75,12544600,VIB
2025-02-26,20.75,20.8,20.6,20.6,8022900,VIB
2025-02-27,20.55,20.65,20.45,20.65,7516800,VIB
2025-02-28,20.55,20.9,20.45,20.75,12878600,VIB
2025-03-03,20.8,21.15,20.8,21.0,18497900,VIB
2025-03-04,20.9,21.2,20.85,21.1,13951200,VIB
2025-03-05,21.25,21.4,21.0,21.0,20974600,VIB
2025-03-06,21.0,21.0,20.65,20.95,13191200,VIB
2025-03-07,20.9,21.2,20.8,20.95,12613000,VIB
2025-03-10,21.1,21.2,20.9,20.95,15164400,VIB
2025-03-11,20.85,20.9,20.7,20.8,8864900,VIB
2025-03-12,21.0,21.0,20.5,20.5,12810900,VIB
2025-03-13,20.5,20.6,20.15,20.3,15737100,VIB
2025-03-14,20.3,20.4,20.2,20.35,5330300,VIB
2024-09-04,43.6,44.3,43.3,44.0,3198700,VIC
2024-09-05,44.55,45.95,44.4,45.05,4519500,VIC
2024-09-06,45.35,45.35,44.6,44.65,2501900,VIC
2024-09-09,44.2,44.5,43.45,43.7,4810700,VIC
2024-09-10,43.7,43.9,42.6,43.0,4601800,VIC
2024-09-11,42.65,43.0,42.1,43.0,3098200,VIC
2024-09-12,43.05,43.25,42.55,42.9,2166600,VIC
2024-09-13,42.9,42.95,42.5,42.9,1526300,VIC
2024-09-16,42.7,43.6,42.05,42.05,2005200,VIC
2024-09-17,42.05,43.2,42.05,42.9,2237700,VIC
2024-09-18,42.9,43.3,42.65,42.65,2746900,VIC
2024-09-19,42.8,43.2,42.7,42.9,2240000,VIC
2024-09-20,43.0,43.65,42.3,42.3,3926500,VIC
2024-09-23,42.9,42.9,42.35,42.35,1713400,VIC
2024-09-24,42.4,42.65,42.35,42.55,1438700,VIC
2024-09-25,42.75,42.9,42.4,42.6,3721100,VIC
2024-09-26,42.6,43.1,42.6,42.6,2768500,VIC
2024-09-27,42.9,42.9,42.45,42.5,2740700,VIC
2024-09-30,42.4,42.6,42.0,42.0,2924300,VIC
2024-10-01,42.05,42.75,42.05,42.3,1914600,VIC
2024-10-02,42.35,42.4,42.05,42.05,1527200,VIC
2024-10-03,42.1,42.45,41.35,41.35,3460400,VIC
2024-10-04,41.35,41.35,40.9,41.0,2144700,VIC
2024-10-07,41.1,41.55,40.85,40.85,1652400,VIC
2024-10-08,41.05,41.05,40.6,40.9,2648700,VIC
2024-10-09,41.05,41.6,41.0,41.6,1210800,VIC
2024-10-10,41.6,41.65,41.3,41.4,1471200,VIC
2024-10-11,41.4,41.95,41.35,41.8,1709800,VIC
2024-10-14,42.5,43.4,42.15,42.15,4264900,VIC
2024-10-15,42.25,42.5,41.55,41.65,1847000,VIC
2024-10-16,41.5,41.8,41.45,41.5,1211100,VIC
2024-10-17,41.75,41.8,41.45,41.55,1030100,VIC
2024-10-18,41.7,42.2,41.7,41.8,1174800,VIC
2024-10-21,41.85,42.9,41.85,42.25,2219200,VIC
2024-10-22,42.6,42.6,42.2,42.2,2045600,VIC
2024-10-23,42.7,44.3,42.7,43.2,5014800,VIC
2024-10-24,43.0,43.1,42.05,42.05,2055400,VIC
2024-10-25,42.2,42.3,41.55,41.55,2047900,VIC
2024-10-28,41.6,41.75,41.45,41.45,1473100,VIC
2024-10-29,41.5,41.7,41.3,41.35,1285000,VIC
2024-10-30,41.45,41.7,40.8,41.0,2024200,VIC
2024-10-31,41.4,41.7,41.05,41.55,1827900,VIC
2024-11-01,41.55,41.6,41.1,41.2,1338600,VIC
2024-11-04,41.4,41.5,41.05,41.2,1345200,VIC
2024-11-05,41.2,41.3,41.05,41.3,963000,VIC
2024-11-06,41.5,42.0,41.4,41.8,1521600,VIC
2024-11-07,42.0,42.25,41.7,41.7,1172800,VIC
2024-11-08,41.8,41.8,41.0,41.05,2191200,VIC
2024-11-11,41.05,41.15,40.65,40.8,1944400,VIC
2024-11-12,41.0,41.5,40.5,40.55,2485900,VIC
2024-11-13,40.85,41.15,40.5,40.6,2043200,VIC
2024-11-14,40.65,41.3,40.6,40.7,1968300,VIC
2024-11-15,40.65,41.05,40.55,40.55,2310300,VIC
2024-11-18,40.55,40.85,40.35,40.4,1892700,VIC
2024-11-19,40.4,40.7,40.35,40.35,1858400,VIC
2024-11-20,40.2,40.65,40.15,40.35,1840800,VIC
2024-11-21,40.35,40.6,40.3,40.35,1991900,VIC
2024-11-22,40.35,40.85,40.3,40.45,1336300,VIC
2024-11-25,40.45,41.0,40.45,41.0,1915300,VIC
2024-11-26,41.0,41.3,41.0,41.05,1230800,VIC
2024-11-27,41.05,41.05,40.75,40.75,992200,VIC
2024-11-28,41.1,41.2,40.7,40.7,1116300,VIC
2024-11-29,40.65,40.75,40.5,40.5,1965400,VIC
2024-12-02,40.55,40.95,40.3,40.35,2064000,VIC
2024-12-03,40.4,40.6,40.25,40.4,1873300,VIC
2024-12-04,40.4,40.4,39.8,40.0,2491600,VIC
2024-12-05,40.8,41.0,40.3,40.85,3370100,VIC
2024-12-06,40.85,42.3,40.75,41.85,5327100,VIC
2024-12-09,42.1,42.85,41.85,41.85,3341600,VIC
2024-12-10,41.85,41.9,41.2,41.2,2352900,VIC
2024-12-11,41.2,41.4,40.9,41.3,2168100,VIC
2024-12-12,41.3,41.35,40.9,40.9,2147400,VIC
2024-12-13,40.75,40.9,40.6,40.8,1952200,VIC
2024-12-16,40.8,40.9,40.6,40.7,1159200,VIC
2024-12-17,40.7,40.8,40.55,40.55,1329900,VIC
2024-12-18,40.55,40.85,40.55,40.6,850100,VIC
2024-12-19,40.3,40.4,40.1,40.3,2486800,VIC
2024-12-20,40.3,40.5,40.25,40.5,1569200,VIC
2024-12-23,40.5,40.85,40.5,40.6,999700,VIC
2024-12-24,40.5,40.6,40.35,40.6,1333700,VIC
2024-12-25,40.6,41.05,40.55,40.65,1908100,VIC
2024-12-26,40.7,41.0,40.65,40.65,877500,VIC
2024-12-27,40.7,40.9,40.55,40.55,1497700,VIC
2024-12-30,40.35,40.6,40.3,40.55,1415300,VIC
2024-12-31,40.55,40.6,40.3,40.55,1784400,VIC
2025-01-02,40.5,40.55,40.3,40.55,1340500,VIC
2025-01-03,40.55,40.55,40.15,40.5,1729100,VIC
2025-01-06,40.4,40.5,40.3,40.5,1625900,VIC
2025-01-07,40.3,40.55,40.2,40.5,1965000,VIC
2025-01-08,40.4,40.55,40.3,40.5,925800,VIC
2025-01-09,40.55,41.0,40.5,40.75,1187900,VIC
2025-01-10,40.75,40.9,40.4,40.5,1104600,VIC
2025-01-13,39.7,40.35,39.7,40.3,1680700,VIC
2025-01-14,40.2,40.2,39.8,40.2,2326300,VIC
2025-01-15,40.3,40.35,40.0,40.25,874200,VIC
2025-01-16,40.3,40.65,40.1,40.45,1999800,VIC
2025-01-17,40.5,40.55,40.25,40.45,1173800,VIC
2025-01-20,40.3,40.45,40.25,40.4,646200,VIC
2025-01-21,40.55,40.55,40.3,40.45,1313500,VIC
2025-01-22,40.5,40.5,40.1,40.4,1135200,VIC
2025-01-23,40.4,40.65,40.25,40.4,1420100,VIC
2025-01-24,40.25,40.5,40.2,40.4,1387900,VIC
2025-02-03,40.2,40.3,39.9,40.05,1575100,VIC
2025-02-04,40.05,40.2,39.85,40.1,1440900,VIC
2025-02-05,40.2,40.45,40.05,40.05,1059300,VIC
2025-02-06,40.35,40.55,40.05,40.45,1314600,VIC
2025-02-07,40.5,40.7,40.25,40.65,1394900,VIC
2025-02-10,40.35,40.35,40.0,40.0,1534300,VIC
2025-02-11,40.0,40.1,39.85,39.95,1436000,VIC
2025-02-12,39.95,40.1,39.9,39.9,940900,VIC
2025-02-13,39.9,40.3,39.85,40.25,1052900,VIC
2025-02-14,40.5,40.5,40.2,40.25,996500,VIC
2025-02-17,40.25,40.4,40.05,40.1,851700,VIC
2025-02-18,40.1,40.45,39.9,40.2,1200000,VIC
2025-02-19,40.2,40.5,40.05,40.4,1574300,VIC
2025-02-20,40.45,41.25,40.4,40.95,2936300,VIC
2025-02-21,40.95,40.95,40.65,40.65,1332100,VIC
2025-02-24,40.35,40.65,40.35,40.6,1540100,VIC
2025-02-25,40.7,41.15,40.65,40.7,1793300,VIC
2025-02-26,41.0,41.1,40.8,41.0,1364900,VIC
2025-02-27,41.2,41.2,40.75,41.05,1441600,VIC
2025-02-28,41.05,41.6,40.7,41.2,2771000,VIC
2025-03-03,41.3,42.4,41.2,42.05,2857500,VIC
2025-03-04,42.45,42.5,41.8,41.95,3056500,VIC
2025-03-05,42.05,42.5,42.0,42.25,2907700,VIC
2025-03-06,42.3,42.55,42.05,42.35,2628200,VIC
2025-03-07,42.3,45.3,42.25,45.3,11502700,VIC
2025-03-10,45.9,47.9,45.8,47.3,9904400,VIC
2025-03-11,46.9,47.3,46.5,47.3,5692400,VIC
2025-03-12,47.35,48.25,47.35,48.1,7003400,VIC
2025-03-13,48.3,51.4,47.5,51.4,16415000,VIC
2025-03-14,51.8,52.8,51.4,52.2,8422600,VIC
2024-09-04,11.9,12.1,11.85,12.0,20352200,VIX
2024-09-05,12.15,12.2,11.8,11.9,20041100,VIX
2024-09-06,11.9,11.95,11.65,11.8,17922300,VIX
2024-09-09,11.8,11.8,11.55,11.65,14059000,VIX
2024-09-10,11.8,11.8,11.25,11.35,21326400,VIX
2024-09-11,11.35,11.5,11.15,11.3,14810100,VIX
2024-09-12,11.5,11.55,11.25,11.25,8021600,VIX
2024-09-13,11.4,11.5,11.25,11.3,11841900,VIX
2024-09-16,11.4,11.4,11.05,11.05,12148800,VIX
2024-09-17,11.05,11.3,11.05,11.3,10040600,VIX
2024-09-18,11.35,11.6,11.3,11.35,15519400,VIX
2024-09-19,11.45,11.5,11.3,11.4,8365000,VIX
2024-09-20,11.5,11.6,11.25,11.25,34788200,VIX
2024-09-23,11.4,11.45,11.3,11.35,9292300,VIX
2024-09-24,11.4,11.45,11.3,11.4,7783800,VIX
2024-09-25,11.45,12.0,11.45,12.0,39869600,VIX
2024-09-26,12.05,12.1,11.9,11.95,19666300,VIX
2024-09-27,12.0,12.15,11.85,11.9,23206000,VIX
2024-09-30,11.95,12.2,11.8,12.0,23709300,VIX
2024-10-01,12.1,12.65,12.0,12.35,50102400,VIX
2024-10-02,12.3,12.4,12.15,12.2,21606200,VIX
2024-10-03,12.3,12.35,11.7,11.85,36110100,VIX
2024-10-04,11.85,11.95,11.75,11.8,14097600,VIX
2024-10-07,11.85,11.95,11.7,11.85,11837800,VIX
2024-10-08,11.85,12.15,11.7,12.0,27947000,VIX
2024-10-09,12.05,12.2,11.9,12.05,18933100,VIX
2024-10-10,12.15,12.2,11.75,11.85,27572900,VIX
2024-10-11,11.85,11.9,11.8,11.9,12856900,VIX
2024-10-14,11.95,12.05,11.4,11.5,47401800,VIX
2024-10-15,11.5,11.6,11.3,11.3,19077300,VIX
2024-10-16,11.35,11.5,11.2,11.3,20853900,VIX
2024-10-17,11.35,11.45,11.15,11.45,16469900,VIX
2024-10-18,11.6,11.6,11.4,11.4,8806800,VIX
2024-10-21,11.4,11.8,11.3,11.55,29166500,VIX
2024-10-22,11.55,11.7,11.4,11.5,14411300,VIX
2024-10-23,11.5,11.55,11.4,11.45,8938400,VIX
2024-10-24,11.45,11.45,11.25,11.25,15051100,VIX
2024-10-25,11.35,11.35,11.1,11.1,11382400,VIX
2024-10-28,11.0,11.1,10.9,10.95,32908200,VIX
2024-10-29,11.0,11.15,10.95,11.0,14649800,VIX
2024-10-30,11.0,11.05,10.8,10.85,14315000,VIX
2024-10-31,10.9,11.0,10.8,10.95,13709900,VIX
2024-11-01,10.9,10.95,10.75,10.75,11102800,VIX
2024-11-04,10.85,10.85,10.5,10.75,25135900,VIX
2024-11-05,10.75,10.85,10.6,10.6,9901900,VIX
2024-11-06,10.7,10.85,10.6,10.8,15274200,VIX
2024-11-07,10.9,10.95,10.75,10.75,11310900,VIX
2024-11-08,10.8,10.85,10.65,10.65,10132900,VIX
2024-11-11,10.65,10.7,10.45,10.5,18359300,VIX
2024-11-12,10.55,10.65,10.35,10.4,16101100,VIX
2024-11-13,10.35,10.4,10.0,10.15,37984500,VIX
2024-11-14,10.1,10.2,9.9,9.92,20729900,VIX
2024-11-15,9.91,10.0,9.6,9.7,29351400,VIX
2024-11-18,9.65,10.1,9.65,9.9,24066900,VIX
2024-11-19,9.9,9.97,9.58,9.58,14856600,VIX
2024-11-20,9.58,9.84,9.44,9.68,20069900,VIX
2024-11-21,9.7,9.88,9.68,9.87,12212100,VIX
2024-11-22,9.86,9.88,9.72,9.72,13558800,VIX
2024-11-25,9.72,9.89,9.72,9.83,13241300,VIX
2024-11-26,9.83,10.25,9.83,10.1,24994000,VIX
2024-11-27,10.15,10.2,10.0,10.05,8478700,VIX
2024-11-28,10.15,10.2,10.0,10.0,11562600,VIX
2024-11-29,10.0,10.2,9.98,10.05,15915100,VIX
2024-12-02,10.15,10.2,10.0,10.05,8431100,VIX
2024-12-03,10.0,10.1,9.88,9.88,20594400,VIX
2024-12-04,9.88,9.93,9.71,9.71,15773100,VIX
2024-12-05,9.75,10.35,9.61,10.35,36627400,VIX
2024-12-06,10.4,10.5,10.2,10.2,24868100,VIX
2024-12-09,10.25,10.4,10.2,10.25,16018400,VIX
2024-12-10,10.2,10.35,10.2,10.2,12191000,VIX
2024-12-11,10.25,10.3,10.1,10.15,12128300,VIX
2024-12-12,10.15,10.25,10.1,10.15,8531300,VIX
2024-12-13,10.1,10.2,10.05,10.05,8828900,VIX
2024-12-16,10.05,10.4,10.05,10.35,23363300,VIX
2024-12-17,10.4,10.4,10.3,10.3,13213300,VIX
2024-12-18,10.3,10.45,10.25,10.35,13446000,VIX
2024-12-19,10.25,10.3,10.1,10.2,19957000,VIX
2024-12-20,10.25,10.3,10.1,10.3,28825900,VIX
2024-12-23,10.3,10.35,10.2,10.2,10009300,VIX
2024-12-24,10.2,10.25,10.05,10.1,10966400,VIX
2024-12-25,10.1,10.4,10.1,10.25,14037100,VIX
2024-12-26,10.25,10.3,10.15,10.15,7500800,VIX
2024-12-27,10.15,10.25,10.1,10.15,9085600,VIX
2024-12-30,10.15,10.2,9.99,10.0,12057500,VIX
2024-12-31,10.0,10.05,9.85,9.85,14713800,VIX
2025-01-02,9.84,10.1,9.84,9.94,8591000,VIX
2025-01-03,9.95,10.0,9.86,9.86,10941300,VIX
2025-01-06,9.86,9.89,9.54,9.6,14300600,VIX
2025-01-07,9.65,9.73,9.46,9.5,12106000,VIX
2025-01-08,9.5,9.69,9.5,9.64,7523700,VIX
2025-01-09,9.61,9.68,9.56,9.56,5551700,VIX
2025-01-10,9.56,9.59,9.2,9.2,20384700,VIX
2025-01-13,9.15,9.24,9.03,9.12,17489000,VIX
2025-01-14,9.12,9.24,9.04,9.04,10708400,VIX
2025-01-15,9.04,9.29,9.04,9.25,11082000,VIX
2025-01-16,9.33,9.8,9.33,9.42,14603400,VIX
2025-01-17,9.48,9.54,9.42,9.47,8462200,VIX
2025-01-20,9.47,9.6,9.41,9.53,14100100,VIX
2025-01-21,9.53,9.65,9.51,9.58,11194500,VIX
2025-01-22,9.59,9.67,9.43,9.43,9683900,VIX
2025-01-23,9.45,9.65,9.43,9.58,13938700,VIX
2025-01-24,9.6,10.0,9.6,9.89,23384600,VIX
2025-02-03,9.6,10.0,9.6,9.84,11027200,VIX
2025-02-04,9.87,10.15,9.87,10.15,24068300,VIX
2025-02-05,10.2,10.2,9.97,9.99,18885900,VIX
2025-02-06,10.1,10.3,10.0,10.05,23316200,VIX
2025-02-07,10.15,10.15,10.0,10.1,10815300,VIX
2025-02-10,10.05,10.1,9.94,9.96,20728200,VIX
2025-02-11,9.96,10.0,9.94,9.94,8591300,VIX
2025-02-12,9.94,10.15,9.94,9.98,15566200,VIX
2025-02-13,9.98,10.2,9.96,10.05,17348500,VIX
2025-02-14,10.1,10.3,10.1,10.15,25225600,VIX
2025-02-17,10.2,10.85,10.15,10.75,87797000,VIX
2025-02-18,10.85,11.15,10.7,10.95,42349200,VIX
2025-02-19,11.05,11.2,10.95,11.2,49089700,VIX
2025-02-20,11.25,11.45,11.1,11.25,49075500,VIX
2025-02-21,11.2,11.3,11.1,11.3,29387600,VIX
2025-02-24,11.25,11.55,11.15,11.5,42255300,VIX
2025-02-25,11.55,11.7,11.4,11.45,51596300,VIX
2025-02-26,11.5,11.7,11.4,11.45,36947400,VIX
2025-02-27,11.5,11.6,11.2,11.5,39566700,VIX
2025-02-28,11.5,11.7,11.35,11.45,35634800,VIX
2025-03-03,11.45,12.0,11.3,11.8,65459400,VIX
2025-03-04,11.7,11.85,11.0,11.5,96300700,VIX
2025-03-05,11.5,11.7,11.1,11.1,59867900,VIX
2025-03-06,11.25,11.85,11.2,11.85,113122700,VIX
2025-03-07,12.0,12.15,11.8,11.85,40172000,VIX
2025-03-10,11.9,12.15,11.85,11.9,39652300,VIX
2025-03-11,11.7,12.05,11.55,11.95,45997000,VIX
2025-03-12,12.0,12.5,12.0,12.45,87926300,VIX
2025-03-13,12.4,12.5,12.1,12.2,41309900,VIX
2025-03-14,12.1,12.4,12.05,12.3,33569400,VIX
2024-09-04,104.4,105.0,103.0,104.3,618800,VJC
2024-09-05,104.0,105.0,103.0,103.8,772700,VJC
2024-09-06,104.0,104.8,102.9,103.8,772000,VJC
2024-09-09,104.0,104.0,102.1,103.0,684800,VJC
2024-09-10,103.4,104.8,103.3,104.2,778000,VJC
2024-09-11,104.2,105.8,103.9,105.0,891500,VJC
2024-09-12,105.5,105.7,104.8,105.3,626500,VJC
2024-09-13,105.5,105.5,103.8,104.8,669700,VJC
2024-09-16,104.9,105.2,103.4,104.0,773200,VJC
2024-09-17,104.0,105.0,103.6,105.0,842400,VJC
2024-09-18,105.0,105.5,104.2,105.1,829500,VJC
2024-09-19,105.0,105.2,104.6,105.1,771000,VJC
2024-09-20,105.2,105.4,104.3,105.2,1227800,VJC
2024-09-23,105.3,105.5,104.5,105.0,563900,VJC
2024-09-24,105.0,105.2,104.5,105.1,694600,VJC
2024-09-25,105.3,105.3,104.2,104.6,863000,VJC
2024-09-26,104.7,105.1,104.2,105.1,938400,VJC
2024-09-27,105.2,105.3,104.0,105.1,706100,VJC
2024-09-30,105.1,105.2,104.3,105.0,637900,VJC
2024-10-01,105.0,105.5,104.8,105.3,791500,VJC
2024-10-02,105.1,105.3,103.8,105.0,659500,VJC
2024-10-03,105.0,106.1,104.6,105.5,793800,VJC
2024-10-04,105.6,105.7,104.8,105.3,738600,VJC
2024-10-07,105.3,105.5,104.0,105.0,661400,VJC
2024-10-08,105.0,105.2,104.0,104.8,774500,VJC
2024-10-09,104.8,105.9,104.1,105.6,890700,VJC
2024-10-10,105.6,106.0,104.6,106.0,2029000,VJC
2024-10-11,106.1,109.5,106.0,108.9,1404500,VJC
2024-10-14,109.0,109.4,106.0,107.3,1104300,VJC
2024-10-15,107.3,107.4,105.3,105.9,920900,VJC
2024-10-16,105.5,105.9,103.8,105.8,814300,VJC
2024-10-17,105.8,105.8,104.2,105.3,770900,VJC
2024-10-18,105.3,106.5,104.4,106.5,997000,VJC
2024-10-21,105.7,105.7,104.3,105.6,827000,VJC
2024-10-22,105.4,105.4,104.2,104.2,790400,VJC
2024-10-23,104.2,105.0,103.9,104.4,776200,VJC
2024-10-24,104.5,104.5,103.6,104.2,771400,VJC
2024-10-25,104.2,104.3,103.4,104.2,734700,VJC
2024-10-28,104.2,104.2,102.9,103.6,774200,VJC
2024-10-29,103.7,104.0,103.2,103.9,694700,VJC
2024-10-30,103.9,104.0,103.0,103.9,721000,VJC
2024-10-31,103.8,105.0,103.5,105.0,752200,VJC
2024-11-01,104.9,104.9,103.5,104.7,645900,VJC
2024-11-04,104.7,104.7,103.4,104.0,724900,VJC
2024-11-05,104.0,104.1,102.6,103.5,727300,VJC
2024-11-06,103.6,105.0,103.1,104.9,696700,VJC
2024-11-07,105.0,105.0,104.1,104.3,648900,VJC
2024-11-08,104.3,104.6,103.5,104.6,691200,VJC
2024-11-11,104.6,104.8,103.4,104.5,686800,VJC
2024-11-12,104.5,105.0,103.1,104.5,714300,VJC
2024-11-13,104.1,104.4,103.0,103.6,705100,VJC
2024-11-14,103.6,103.7,102.1,103.3,665000,VJC
2024-11-15,103.1,103.4,101.5,103.3,756900,VJC
2024-11-18,102.9,103.0,101.0,101.7,757900,VJC
2024-11-19,102.0,102.2,100.3,101.7,579900,VJC
2024-11-20,101.3,102.3,100.1,102.0,729300,VJC
2024-11-21,102.0,102.2,100.2,101.7,693000,VJC
2024-11-22,101.7,102.4,101.0,101.7,604800,VJC
2024-11-25,101.6,102.8,101.5,102.8,773600,VJC
2024-11-26,102.9,103.3,102.4,103.2,578700,VJC
2024-11-27,103.0,103.3,102.1,102.4,568800,VJC
2024-11-28,102.5,102.9,101.8,102.2,635800,VJC
2024-11-29,102.2,102.4,100.4,102.4,674400,VJC
2024-12-02,102.6,102.7,101.3,102.3,576300,VJC
2024-12-03,102.0,102.3,101.0,101.5,695700,VJC
2024-12-04,101.4,101.5,100.4,101.4,696300,VJC
2024-12-05,101.4,103.0,100.9,103.0,790500,VJC
2024-12-06,102.8,103.0,101.9,102.8,639400,VJC
2024-12-09,102.5,103.5,101.5,102.7,681100,VJC
2024-12-10,102.6,102.7,101.9,102.6,548800,VJC
2024-12-11,102.6,103.7,101.8,102.9,685400,VJC
2024-12-12,102.9,103.5,102.0,102.9,663200,VJC
2024-12-13,102.8,102.8,101.8,102.4,575200,VJC
2024-12-16,102.4,102.4,101.1,102.0,643600,VJC
2024-12-17,102.0,102.2,100.8,101.6,671400,VJC
2024-12-18,101.4,101.4,100.5,100.7,605900,VJC
2024-12-19,100.5,100.5,98.0,100.0,1135400,VJC
2024-12-20,100.0,100.9,99.2,99.2,1007700,VJC
2024-12-23,100.3,101.1,99.5,100.6,698100,VJC
2024-12-24,100.6,101.0,99.8,101.0,675800,VJC
2024-12-25,101.1,102.0,100.5,102.0,938200,VJC
2024-12-26,102.0,102.2,101.0,101.5,620800,VJC
2024-12-27,101.6,101.8,101.0,101.2,650900,VJC
2024-12-30,100.2,100.8,99.7,100.1,751900,VJC
2024-12-31,100.5,100.5,99.4,100.0,684300,VJC
2025-01-02,100.1,100.1,99.0,99.9,746800,VJC
2025-01-03,99.9,99.9,98.9,99.5,743700,VJC
2025-01-06,99.5,99.9,99.0,99.7,663900,VJC
2025-01-07,99.7,99.9,98.5,99.5,615600,VJC
2025-01-08,99.4,99.5,98.4,99.4,487900,VJC
2025-01-09,99.4,99.4,98.7,99.3,439600,VJC
2025-01-10,99.3,99.6,98.2,98.6,470300,VJC
2025-01-13,98.8,99.2,98.1,98.6,519700,VJC
2025-01-14,98.5,98.7,97.9,98.5,491200,VJC
2025-01-15,98.6,99.4,98.3,98.7,476400,VJC
2025-01-16,98.8,99.3,97.2,98.9,727300,VJC
2025-01-17,98.9,99.1,98.0,99.0,523200,VJC
2025-01-20,98.5,99.0,98.1,98.8,421100,VJC
2025-01-21,99.0,99.3,98.1,98.8,480800,VJC
2025-01-22,98.8,99.0,98.3,98.8,474500,VJC
2025-01-23,98.8,99.5,98.6,99.0,569800,VJC
2025-01-24,98.9,99.8,98.3,99.8,612100,VJC
2025-02-03,99.5,99.5,97.9,98.8,505200,VJC
2025-02-04,98.8,98.8,97.9,98.2,543900,VJC
2025-02-05,98.2,98.7,97.5,97.7,535700,VJC
2025-02-06,97.7,98.5,97.3,98.0,415300,VJC
2025-02-07,97.9,98.2,97.5,98.1,506800,VJC
2025-02-10,98.0,98.0,96.7,96.8,466100,VJC
2025-02-11,96.8,97.0,95.1,96.5,642800,VJC
2025-02-12,96.3,97.0,96.1,96.1,458700,VJC
2025-02-13,95.7,96.2,95.5,96.2,445400,VJC
2025-02-14,96.2,96.8,96.2,96.7,511200,VJC
2025-02-17,96.7,97.5,96.4,97.5,512400,VJC
2025-02-18,97.5,97.8,96.7,97.4,480300,VJC
2025-02-19,97.5,97.5,96.6,97.4,544900,VJC
2025-02-20,97.4,97.5,96.8,96.9,610300,VJC
2025-02-21,96.8,96.9,96.2,96.6,501600,VJC
2025-02-24,96.2,96.6,95.7,96.6,630800,VJC
2025-02-25,96.7,96.8,96.0,96.1,590700,VJC
2025-02-26,96.1,97.1,96.0,97.1,476000,VJC
2025-02-27,97.1,97.2,96.3,96.9,512100,VJC
2025-02-28,96.7,97.0,96.0,96.0,550100,VJC
2025-03-03,96.2,97.0,96.0,96.9,561200,VJC
2025-03-04,96.6,97.0,96.1,96.8,569900,VJC
2025-03-05,96.5,96.8,96.1,96.4,490400,VJC
2025-03-06,96.5,96.8,96.2,96.5,538100,VJC
2025-03-07,96.3,97.0,96.0,97.0,758800,VJC
2025-03-10,97.0,97.9,96.4,97.7,593800,VJC
2025-03-11,97.2,98.0,96.8,97.7,511400,VJC
2025-03-12,97.7,97.8,97.1,97.4,525900,VJC
2025-03-13,97.4,97.5,96.5,97.3,531400,VJC
2025-03-14,97.4,99.8,96.7,98.6,910700,VJC
2024-09-04,14.8,14.89,14.55,14.75,11757114,VND
2024-09-05,14.75,14.99,14.65,14.75,8254379,VND
2024-09-06,14.75,14.89,14.65,14.7,9025146,VND
2024-09-09,14.7,14.84,14.6,14.7,7181233,VND
2024-09-10,14.9,14.95,14.45,14.5,10123823,VND
2024-09-11,14.45,14.55,14.15,14.3,7910552,VND
2024-09-12,14.45,14.5,14.3,14.3,3593108,VND
2024-09-13,14.3,14.5,14.25,14.3,4961834,VND
2024-09-16,14.3,14.4,14.1,14.1,9575186,VND
2024-09-17,14.1,14.55,14.1,14.55,6368693,VND
2024-09-18,14.6,14.9,14.55,14.7,11509573,VND
2024-09-19,14.8,14.85,14.6,14.6,9430778,VND
2024-09-20,14.75,15.2,14.75,15.0,20376085,VND
2024-09-23,15.0,15.1,14.8,14.85,8600700,VND
2024-09-24,14.8,14.85,14.65,14.8,10378000,VND
2024-09-25,14.9,15.15,14.85,15.05,19317900,VND
2024-09-26,15.15,15.3,15.05,15.05,13846700,VND
2024-09-27,15.15,15.55,15.1,15.2,24214700,VND
2024-09-30,15.2,15.45,15.15,15.25,14278500,VND
2024-10-01,15.3,15.7,15.3,15.45,25688100,VND
2024-10-02,15.35,15.4,15.1,15.1,15709100,VND
2024-10-03,15.15,15.3,14.8,14.8,19579200,VND
2024-10-04,14.8,14.95,14.65,14.65,14280700,VND
2024-10-07,14.8,15.1,14.75,14.95,10629800,VND
2024-10-08,14.95,15.15,14.8,14.85,8764400,VND
2024-10-09,14.9,15.35,14.85,15.2,16764800,VND
2024-10-10,15.3,15.45,15.1,15.1,12853900,VND
2024-10-11,15.15,15.35,15.1,15.2,9323100,VND
2024-10-14,15.35,15.45,15.1,15.15,14025900,VND
2024-10-15,15.15,15.3,14.8,14.8,19086700,VND
2024-10-16,14.8,14.95,14.6,14.65,14089800,VND
2024-10-17,14.7,14.9,14.6,14.9,7669800,VND
2024-10-18,14.95,15.05,14.85,14.85,7743600,VND
2024-10-21,14.75,15.0,14.65,14.7,12610700,VND
2024-10-22,14.65,14.8,14.6,14.65,10220400,VND
2024-10-23,14.7,14.75,14.55,14.6,10995500,VND
2024-10-24,14.6,14.65,14.3,14.3,13212900,VND
2024-10-25,14.4,14.5,14.3,14.3,5680600,VND
2024-10-28,14.3,14.65,14.3,14.6,8701200,VND
2024-10-29,14.7,14.8,14.6,14.7,5912400,VND
2024-10-30,14.7,14.75,14.45,14.5,5304300,VND
2024-10-31,14.55,14.65,14.45,14.55,4969700,VND
2024-11-01,14.45,14.5,14.35,14.35,6139800,VND
2024-11-04,14.45,14.5,14.2,14.3,7954000,VND
2024-11-05,14.35,14.4,14.3,14.35,4067400,VND
2024-11-06,14.45,14.7,14.4,14.7,7416900,VND
2024-11-07,14.75,14.85,14.7,14.7,6869600,VND
2024-11-08,14.75,14.9,14.65,14.8,11157200,VND
2024-11-11,14.75,14.8,14.45,14.5,8410500,VND
2024-11-12,14.6,14.7,14.35,14.4,7874600,VND
2024-11-13,14.3,14.45,14.2,14.35,8900800,VND
2024-11-14,14.3,14.35,14.0,14.0,7889000,VND
2024-11-15,13.9,14.1,13.7,13.7,10831400,VND
2024-11-18,13.7,14.0,13.6,13.85,7235800,VND
2024-11-19,13.9,13.95,13.7,13.7,3985400,VND
2024-11-20,13.7,14.1,13.6,13.8,7130600,VND
2024-11-21,13.85,13.95,13.8,13.9,2400400,VND
2024-11-22,13.9,14.0,13.7,13.7,5629500,VND
2024-11-25,13.75,13.9,13.7,13.9,4974000,VND
2024-11-26,13.9,14.15,13.85,14.05,5414500,VND
2024-11-27,14.1,14.1,13.85,13.9,3637500,VND
2024-11-28,14.0,14.05,13.85,13.9,4019000,VND
2024-11-29,13.95,13.95,13.75,13.75,5479800,VND
2024-12-02,13.9,13.9,13.8,13.85,4428300,VND
2024-12-03,13.85,13.9,13.7,13.75,4665100,VND
2024-12-04,13.75,13.75,13.2,13.25,20477800,VND
2024-12-05,13.25,13.9,12.5,13.85,32342600,VND
2024-12-06,13.9,13.95,13.45,13.55,9639600,VND
2024-12-09,13.55,13.6,13.4,13.45,10776000,VND
2024-12-10,13.45,13.5,13.3,13.4,7712400,VND
2024-12-11,13.35,13.45,13.2,13.2,7146500,VND
2024-12-12,13.2,13.4,13.2,13.25,5446800,VND
2024-12-13,13.25,13.3,13.1,13.15,6202400,VND
2024-12-16,13.05,13.25,13.05,13.1,6010800,VND
2024-12-17,13.15,13.25,13.05,13.1,3515500,VND
2024-12-18,13.15,13.2,13.1,13.15,4503700,VND
2024-12-19,13.0,13.05,12.85,12.95,9953200,VND
2024-12-20,13.0,13.05,12.7,12.7,8038000,VND
2024-12-23,12.75,12.95,12.75,12.8,5025800,VND
2024-12-24,12.8,12.85,12.65,12.75,5390600,VND
2024-12-25,12.8,13.2,12.8,13.0,8980500,VND
2024-12-26,13.1,13.15,12.9,12.95,4825300,VND
2024-12-27,12.95,13.0,12.8,12.85,5232900,VND
2024-12-30,12.8,12.95,12.75,12.75,3764600,VND
2024-12-31,12.8,12.8,12.6,12.6,7658400,VND
2025-01-02,12.6,12.75,12.6,12.6,4933700,VND
2025-01-03,12.6,12.65,12.3,12.35,9768200,VND
2025-01-06,12.3,12.4,11.95,11.95,8706200,VND
2025-01-07,11.95,12.15,11.75,11.8,7306000,VND
2025-01-08,11.65,11.95,11.65,11.85,6707400,VND
2025-01-09,11.85,11.95,11.8,11.8,3515600,VND
2025-01-10,11.8,11.85,11.4,11.45,10344300,VND
2025-01-13,11.35,11.65,11.25,11.55,9509300,VND
2025-01-14,11.55,11.55,11.25,11.25,5963300,VND
2025-01-15,11.25,11.5,11.25,11.45,5751100,VND
2025-01-16,11.7,12.25,11.6,12.25,19602200,VND
2025-01-17,12.25,12.25,12.05,12.15,5313500,VND
2025-01-20,12.2,12.3,11.9,11.95,8856800,VND
2025-01-21,12.0,12.2,11.95,11.95,7311800,VND
2025-01-22,12.0,12.05,11.7,11.7,7703800,VND
2025-01-23,11.75,12.2,11.7,12.0,8136600,VND
2025-01-24,12.1,12.1,11.95,12.0,5411600,VND
2025-02-03,11.95,11.95,11.6,11.6,13595900,VND
2025-02-04,11.75,12.4,11.7,12.4,19389000,VND
2025-02-05,12.6,12.75,12.35,12.45,15791500,VND
2025-02-06,12.6,13.15,12.55,12.9,21483200,VND
2025-02-07,13.0,13.0,12.7,12.8,7690700,VND
2025-02-10,12.7,12.8,12.55,12.6,12048700,VND
2025-02-11,12.6,12.75,12.55,12.65,8102000,VND
2025-02-12,12.65,12.95,12.65,12.7,7634600,VND
2025-02-13,12.7,12.75,12.55,12.65,8845900,VND
2025-02-14,12.75,12.9,12.7,12.75,11913100,VND
2025-02-17,12.8,13.3,12.75,13.1,24770300,VND
2025-02-18,13.1,13.3,13.05,13.2,11299900,VND
2025-02-19,13.2,13.35,13.15,13.3,14340500,VND
2025-02-20,13.3,13.5,13.3,13.4,16395500,VND
2025-02-21,13.4,13.45,13.2,13.35,13158900,VND
2025-02-24,13.15,13.6,13.1,13.55,18743900,VND
2025-02-25,13.6,13.95,13.55,13.7,22963600,VND
2025-02-26,13.8,13.9,13.65,13.75,12730700,VND
2025-02-27,13.8,13.8,13.4,13.65,17472700,VND
2025-02-28,13.7,13.9,13.55,13.6,12194300,VND
2025-03-03,13.6,13.8,13.45,13.7,11880500,VND
2025-03-04,13.55,13.7,13.3,13.55,13082200,VND
2025-03-05,13.5,13.75,13.4,13.4,14961000,VND
2025-03-06,13.45,13.8,13.4,13.8,20041300,VND
2025-03-07,13.8,13.9,13.65,13.7,13978100,VND
2025-03-10,13.9,14.45,13.85,14.1,31749600,VND
2025-03-11,13.85,14.5,13.85,14.35,31164000,VND
2025-03-12,14.5,15.2,14.35,15.1,63055400,VND
2025-03-13,15.0,15.3,14.85,14.95,35482600,VND
2025-03-14,14.9,15.15,14.9,14.95,24793400,VND
2024-09-04,70.28,71.44,70.09,71.24,2842048,VNM
2024-09-05,71.24,72.3,71.05,71.63,5862150,VNM
2024-09-06,71.82,72.39,71.72,72.3,3645061,VNM
2024-09-09,72.01,72.01,71.15,71.72,2641519,VNM
2024-09-10,71.72,72.39,71.24,71.82,3335353,VNM
2024-09-11,71.72,72.01,70.86,71.53,3167882,VNM
2024-09-12,71.91,72.11,71.34,71.63,2054428,VNM
2024-09-13,71.72,71.72,69.9,69.9,5350666,VNM
2024-09-16,70.0,70.0,68.94,68.94,4039871,VNM
2024-09-17,69.04,70.38,68.75,70.38,2392584,VNM
2024-09-18,70.57,70.86,70.0,70.28,2847879,VNM
2024-09-19,70.28,70.48,70.0,70.28,1574276,VNM
2024-09-20,70.48,70.96,69.71,69.71,5234412,VNM
2024-09-23,70.09,70.19,69.61,69.9,2933886,VNM
2024-09-24,70.45,70.45,69.55,69.75,2080216,VNM
2024-09-25,69.75,69.85,69.06,69.06,4525095,VNM
2024-09-26,69.06,70.55,69.06,70.15,3987434,VNM
2024-09-27,70.25,70.64,70.15,70.45,2971446,VNM
2024-09-30,70.45,70.45,69.55,69.55,2046753,VNM
2024-10-01,69.65,70.15,69.55,69.55,2042595,VNM
2024-10-02,69.65,69.65,69.06,69.55,2142472,VNM
2024-10-03,69.65,69.95,69.35,69.75,2949988,VNM
2024-10-04,69.95,69.95,67.87,67.97,6140641,VNM
2024-10-07,68.16,68.76,66.58,66.58,5995180,VNM
2024-10-08,66.68,67.67,66.68,67.67,2890240,VNM
2024-10-09,67.77,68.06,67.27,67.27,3532506,VNM
2024-10-10,67.77,68.26,67.17,67.17,2625177,VNM
2024-10-11,67.57,67.67,66.97,67.17,2373079,VNM
2024-10-14,67.57,67.57,66.58,66.68,2825429,VNM
2024-10-15,66.68,66.87,66.18,66.28,3078240,VNM
2024-10-16,66.28,67.57,66.28,66.97,2006161,VNM
2024-10-17,67.07,67.37,66.78,67.07,1658879,VNM
2024-10-18,67.07,67.47,66.87,66.87,1599576,VNM
2024-10-21,66.87,67.37,66.68,66.78,1862336,VNM
2024-10-22,66.78,67.27,66.68,66.78,2253327,VNM
2024-10-23,66.78,67.07,66.68,66.78,1637360,VNM
2024-10-24,66.78,68.46,66.78,67.87,4369950,VNM
2024-10-25,68.06,68.06,67.37,67.47,2172351,VNM
2024-10-28,67.17,67.47,66.18,66.68,2927947,VNM
2024-10-29,66.78,66.78,66.28,66.48,2033574,VNM
2024-10-30,66.48,66.78,65.78,65.78,3437020,VNM
2024-10-31,66.08,66.08,64.79,65.58,5177693,VNM
2024-11-01,65.58,65.78,65.09,65.29,2182658,VNM
2024-11-04,65.39,66.08,65.09,65.09,2121224,VNM
2024-11-05,65.19,65.49,64.99,64.99,1063141,VNM
2024-11-06,65.49,65.49,64.79,65.29,2598835,VNM
2024-11-07,65.49,65.68,65.09,65.39,1154788,VNM
2024-11-08,65.49,65.68,65.09,65.19,1597360,VNM
2024-11-11,65.19,65.29,64.2,64.69,2742114,VNM
2024-11-12,64.69,65.19,64.29,64.39,1734699,VNM
2024-11-13,64.59,65.09,64.2,64.49,2773315,VNM
2024-11-14,64.49,64.49,64.2,64.49,1781237,VNM
2024-11-15,64.39,64.39,63.2,63.2,3697005,VNM
2024-11-18,63.2,63.7,62.71,62.71,3752034,VNM
2024-11-19,62.81,63.0,62.51,62.51,2736295,VNM
2024-11-20,62.51,63.3,62.41,63.1,2820172,VNM
2024-11-21,63.2,63.6,62.91,63.4,2255565,VNM
2024-11-22,63.4,64.29,63.4,63.8,2179029,VNM
2024-11-25,63.8,64.1,63.7,63.8,2450009,VNM
2024-11-26,64.0,64.49,63.9,64.29,1678113,VNM
2024-11-27,64.29,64.49,64.0,64.1,1588583,VNM
2024-11-28,64.49,64.49,64.0,64.0,1275083,VNM
2024-11-29,64.0,64.29,63.8,64.1,1107140,VNM
2024-12-02,64.1,64.29,63.7,64.0,1232443,VNM
2024-12-03,64.1,64.1,63.4,63.4,2427726,VNM
2024-12-04,63.3,63.4,62.81,62.81,2749303,VNM
2024-12-05,63.0,64.2,62.71,63.8,2221363,VNM
2024-12-06,64.0,64.29,63.6,63.6,1681167,VNM
2024-12-09,64.0,64.0,63.5,63.6,1764954,VNM
2024-12-10,63.6,63.9,63.4,63.4,1714418,VNM
2024-12-11,63.4,64.1,63.4,63.7,2027577,VNM
2024-12-12,63.7,64.39,63.7,64.1,2252448,VNM
2024-12-13,63.8,64.0,63.6,63.7,1399402,VNM
2024-12-16,63.7,64.69,63.7,64.49,2389158,VNM
2024-12-17,64.39,64.49,64.0,64.1,1206503,VNM
2024-12-18,64.49,64.59,64.2,64.2,1616812,VNM
2024-12-19,63.9,64.0,63.4,63.4,2629962,VNM
2024-12-20,63.5,64.49,63.5,64.49,3801451,VNM
2024-12-23,64.2,64.49,63.8,63.9,1350461,VNM
2024-12-24,63.9,64.2,63.6,63.8,1290269,VNM
2024-12-25,63.9,64.39,63.9,63.9,1304582,VNM
2024-12-26,64.2,64.2,63.8,63.8,1711855,VNM
2024-12-27,63.9,64.1,63.7,63.8,2445187,VNM
2024-12-30,63.6,63.7,63.3,63.3,1492983,VNM
2024-12-31,63.4,63.8,63.3,63.4,1643941,VNM
2025-01-02,63.6,63.8,63.1,63.1,1339894,VNM
2025-01-03,63.2,63.3,62.9,63.0,1779619,VNM
2025-01-06,63.0,63.2,62.5,62.5,2108984,VNM
2025-01-07,62.6,63.0,61.6,61.7,2811099,VNM
2025-01-08,62.0,62.1,61.2,61.7,2057556,VNM
2025-01-09,61.8,61.9,61.3,61.8,1500000,VNM
2025-01-10,61.7,61.9,61.3,61.3,1189800,VNM
2025-01-13,61.2,61.9,61.1,61.4,1101700,VNM
2025-01-14,61.4,61.8,61.3,61.6,1147600,VNM
2025-01-15,62.1,62.3,61.7,61.7,1216400,VNM
2025-01-16,62.3,62.6,61.7,61.9,1684500,VNM
2025-01-17,62.2,62.2,62.0,62.0,889400,VNM
2025-01-20,62.0,62.2,61.6,61.9,1633600,VNM
2025-01-21,62.0,62.1,61.6,61.8,1403900,VNM
2025-01-22,62.0,62.0,61.6,61.6,1760900,VNM
2025-01-23,61.6,62.3,61.6,62.0,1781300,VNM
2025-01-24,61.9,62.5,61.8,62.2,1576400,VNM
2025-02-03,62.2,62.2,60.5,60.5,7279900,VNM
2025-02-04,60.6,60.9,60.0,60.2,7125000,VNM
2025-02-05,60.4,61.5,60.4,61.5,3198100,VNM
2025-02-06,61.5,61.6,60.5,60.7,3024800,VNM
2025-02-07,60.7,61.2,60.6,60.8,2552300,VNM
2025-02-10,61.2,61.2,60.6,60.6,2592100,VNM
2025-02-11,60.6,60.7,60.1,60.4,3433800,VNM
2025-02-12,60.6,61.0,60.5,61.0,2756600,VNM
2025-02-13,61.0,61.0,60.4,60.7,2576800,VNM
2025-02-14,60.7,60.7,60.3,60.3,6401800,VNM
2025-02-17,60.4,60.6,60.0,60.0,3612400,VNM
2025-02-18,60.4,60.5,60.0,60.3,2436800,VNM
2025-02-19,60.3,60.9,60.3,60.8,3072700,VNM
2025-02-20,60.9,60.9,60.6,60.7,2627900,VNM
2025-02-21,60.8,62.1,60.6,61.4,4717200,VNM
2025-02-24,61.6,63.9,61.6,63.8,11512800,VNM
2025-02-25,64.0,64.0,62.6,62.9,3884200,VNM
2025-02-26,63.0,63.4,62.9,63.1,3636600,VNM
2025-02-27,63.2,63.2,62.2,62.2,3520600,VNM
2025-02-28,62.3,63.2,62.2,62.2,4175600,VNM
2025-03-03,62.8,63.2,62.3,63.2,3610600,VNM
2025-03-04,63.2,63.8,62.9,63.5,6042000,VNM
2025-03-05,63.6,63.6,62.7,62.7,2275500,VNM
2025-03-06,62.7,62.9,62.2,62.9,3125600,VNM
2025-03-07,62.9,63.0,62.4,62.7,2655600,VNM
2025-03-10,63.0,63.0,62.5,62.5,2529500,VNM
2025-03-11,62.3,62.5,62.1,62.4,2287600,VNM
2025-03-12,62.5,62.8,62.2,62.2,2755400,VNM
2025-03-13,62.3,62.9,61.9,62.0,5100400,VNM
2025-03-14,62.4,62.7,62.1,62.1,2696700,VNM
2024-09-04,18.8,18.8,18.5,18.5,23328500,VPB
2024-09-05,18.55,18.55,18.3,18.3,15906000,VPB
2024-09-06,18.3,18.45,18.2,18.45,15016900,VPB
2024-09-09,18.4,18.45,18.25,18.35,15693400,VPB
2024-09-10,18.4,18.45,18.1,18.15,20585600,VPB
2024-09-11,18.1,18.3,18.05,18.25,11712500,VPB
2024-09-12,18.25,18.6,18.25,18.5,22640600,VPB
2024-09-13,18.5,18.55,18.3,18.45,9336300,VPB
2024-09-16,18.4,18.55,18.25,18.35,8949100,VPB
2024-09-17,18.35,18.65,18.3,18.65,10212200,VPB
2024-09-18,18.65,18.8,18.5,18.65,22132500,VPB
2024-09-19,18.65,18.8,18.65,18.75,17466800,VPB
2024-09-20,18.8,19.1,18.8,18.95,52246200,VPB
2024-09-23,19.0,19.2,18.9,19.0,29074100,VPB
2024-09-24,19.0,19.2,18.95,19.2,37613000,VPB
2024-09-25,19.3,19.55,19.2,19.45,45912400,VPB
2024-09-26,19.5,19.85,19.35,19.6,55121600,VPB
2024-09-27,19.7,20.15,19.6,19.75,62864300,VPB
2024-09-30,19.7,20.15,19.65,20.1,26723800,VPB
2024-10-01,20.1,20.3,19.85,19.9,33052600,VPB
2024-10-02,19.8,19.9,19.6,19.7,37579900,VPB
2024-10-03,19.8,20.45,19.8,20.0,49868500,VPB
2024-10-04,20.0,20.45,19.95,20.0,34247700,VPB
2024-10-07,20.1,20.15,19.7,20.0,25931500,VPB
2024-10-08,20.0,20.15,19.85,20.1,27923200,VPB
2024-10-09,20.0,20.3,20.0,20.25,49592300,VPB
2024-10-10,20.35,20.7,20.3,20.55,45236500,VPB
2024-10-11,20.5,20.7,20.35,20.7,22150500,VPB
2024-10-14,20.8,20.8,20.4,20.65,22645500,VPB
2024-10-15,20.5,21.05,20.5,20.85,44778300,VPB
2024-10-16,20.8,20.9,20.65,20.85,17841900,VPB
2024-10-17,20.85,20.95,20.7,20.9,22772200,VPB
2024-10-18,20.85,20.95,20.55,20.55,24407500,VPB
2024-10-21,20.55,20.75,20.4,20.65,18193500,VPB
2024-10-22,20.6,20.65,20.3,20.6,22323400,VPB
2024-10-23,20.5,20.55,20.3,20.45,15969500,VPB
2024-10-24,20.4,20.45,20.0,20.0,26049600,VPB
2024-10-25,20.1,20.2,20.0,20.1,16940400,VPB
2024-10-28,20.0,20.1,19.9,20.1,11242600,VPB
2024-10-29,20.2,20.3,20.15,20.25,14155600,VPB
2024-10-30,20.25,20.35,20.15,20.25,9997900,VPB
2024-10-31,20.25,20.45,20.15,20.45,13914600,VPB
2024-11-01,20.4,20.4,20.05,20.15,16603900,VPB
2024-11-04,20.15,20.2,19.6,19.7,30569300,VPB
2024-11-05,19.55,19.8,19.55,19.7,9956500,VPB
2024-11-06,19.75,19.95,19.7,19.85,16235900,VPB
2024-11-07,19.9,19.95,19.6,19.7,13396000,VPB
2024-11-08,19.8,19.8,19.3,19.5,24424300,VPB
2024-11-11,19.45,19.45,18.95,19.2,28129900,VPB
2024-11-12,19.25,19.25,18.9,19.1,15114900,VPB
2024-11-13,18.95,19.35,18.75,19.35,20297800,VPB
2024-11-14,19.1,19.2,18.8,19.0,12405400,VPB
2024-11-15,18.85,18.95,18.7,18.7,16699300,VPB
2024-11-18,18.6,18.9,18.45,18.7,19557500,VPB
2024-11-19,18.75,18.8,18.5,18.5,11166800,VPB
2024-11-20,18.4,18.9,18.4,18.7,17682700,VPB
2024-11-21,18.7,19.2,18.6,19.2,27855200,VPB
2024-11-22,19.2,19.3,19.05,19.05,18059300,VPB
2024-11-25,19.05,19.2,19.05,19.05,7649800,VPB
2024-11-26,19.05,19.4,19.05,19.05,18360500,VPB
2024-11-27,19.05,19.2,19.0,19.05,6902700,VPB
2024-11-28,19.2,19.35,19.05,19.05,11978600,VPB
2024-11-29,19.15,19.2,19.0,19.15,6008400,VPB
2024-12-02,19.3,19.3,19.1,19.2,6324600,VPB
2024-12-03,19.15,19.2,19.0,19.2,10874600,VPB
2024-12-04,19.05,19.15,18.95,19.0,8458600,VPB
2024-12-05,19.0,19.5,18.8,19.5,31488800,VPB
2024-12-06,19.5,19.5,19.3,19.35,11632800,VPB
2024-12-09,19.25,19.55,19.2,19.4,19955200,VPB
2024-12-10,19.4,19.45,19.2,19.25,7241900,VPB
2024-12-11,19.25,19.3,19.05,19.25,13262400,VPB
2024-12-12,19.25,19.55,19.15,19.3,23034300,VPB
2024-12-13,19.2,19.3,19.1,19.15,7750600,VPB
2024-12-16,19.15,19.2,19.0,19.1,6791900,VPB
2024-12-17,19.1,19.15,18.95,18.95,8186500,VPB
2024-12-18,19.0,19.1,18.95,19.0,4843000,VPB
2024-12-19,18.95,18.95,18.6,18.8,21112100,VPB
2024-12-20,18.8,18.9,18.65,18.9,6638600,VPB
2024-12-23,18.95,19.15,18.9,18.95,7737800,VPB
2024-12-24,18.95,19.0,18.75,18.95,5918600,VPB
2024-12-25,18.95,19.3,18.8,19.2,14786600,VPB
2024-12-26,19.25,19.3,19.05,19.25,8211900,VPB
2024-12-27,19.2,19.35,19.1,19.25,16560300,VPB
2024-12-30,19.2,19.25,19.1,19.25,6678700,VPB
2024-12-31,19.25,19.25,19.05,19.2,8163800,VPB
2025-01-02,19.1,19.2,18.95,19.15,8363400,VPB
2025-01-03,19.1,19.1,18.75,18.75,10601500,VPB
2025-01-06,18.75,18.9,18.7,18.8,6917300,VPB
2025-01-07,18.85,18.9,18.7,18.7,6745900,VPB
2025-01-08,18.7,18.9,18.65,18.85,4829800,VPB
2025-01-09,18.9,18.9,18.65,18.7,3978900,VPB
2025-01-10,18.7,18.75,18.45,18.5,6522500,VPB
2025-01-13,18.45,18.5,18.25,18.3,8588900,VPB
2025-01-14,18.25,18.35,18.05,18.15,11010000,VPB
2025-01-15,18.3,18.5,18.2,18.4,5618700,VPB
2025-01-16,18.5,18.5,18.2,18.4,9492000,VPB
2025-01-17,18.4,18.45,18.3,18.45,4423700,VPB
2025-01-20,18.4,18.55,18.35,18.4,6430800,VPB
2025-01-21,18.5,18.5,18.25,18.4,11084100,VPB
2025-01-22,18.4,18.5,18.25,18.35,10799900,VPB
2025-01-23,18.5,18.9,18.4,18.9,26477400,VPB
2025-01-24,18.9,19.0,18.8,18.9,11206200,VPB
2025-02-03,18.8,18.8,18.5,18.5,9498400,VPB
2025-02-04,18.75,18.8,18.55,18.75,11820000,VPB
2025-02-05,18.75,19.1,18.75,19.05,12836500,VPB
2025-02-06,19.1,19.2,18.95,19.05,9985800,VPB
2025-02-07,18.95,19.2,18.9,18.95,8925500,VPB
2025-02-10,18.9,19.1,18.75,18.85,13500000,VPB
2025-02-11,18.85,19.15,18.8,18.9,20352000,VPB
2025-02-12,19.0,19.1,18.8,18.9,7800900,VPB
2025-02-13,18.9,19.0,18.8,18.9,8322600,VPB
2025-02-14,19.1,19.15,19.0,19.0,11535000,VPB
2025-02-17,19.0,19.1,18.85,18.85,11944500,VPB
2025-02-18,18.85,19.2,18.75,18.95,18113100,VPB
2025-02-19,19.0,19.1,18.95,19.05,9257700,VPB
2025-02-20,19.1,19.3,19.0,19.2,18762900,VPB
2025-02-21,19.15,19.6,19.05,19.45,42288600,VPB
2025-02-24,19.4,19.55,19.2,19.55,22721400,VPB
2025-02-25,19.55,19.6,19.25,19.35,14015500,VPB
2025-02-26,19.35,19.4,19.25,19.25,11212100,VPB
2025-02-27,19.25,19.35,19.05,19.3,9546600,VPB
2025-02-28,19.1,19.4,19.1,19.3,9236600,VPB
2025-03-03,19.35,19.35,19.1,19.2,9400800,VPB
2025-03-04,19.1,19.2,18.95,19.1,19237100,VPB
2025-03-05,19.1,19.35,19.0,19.0,16030300,VPB
2025-03-06,19.05,19.35,19.05,19.15,20891200,VPB
2025-03-07,19.2,19.45,19.15,19.25,20716400,VPB
2025-03-10,19.4,19.65,19.3,19.4,34122100,VPB
2025-03-11,19.25,19.75,19.2,19.7,37545200,VPB
2025-03-12,19.8,19.8,19.5,19.6,27171700,VPB
2025-03-13,19.65,19.65,19.2,19.25,16157500,VPB
2025-03-14,19.3,19.6,19.2,19.6,17673600,VPB
2024-09-04,56.5,56.6,55.8,56.5,1110400,VPI
2024-09-05,56.4,57.3,56.1,56.9,1046700,VPI
2024-09-06,57.1,57.4,56.8,57.4,999600,VPI
2024-09-09,57.9,58.1,57.3,57.5,1154100,VPI
2024-09-10,57.7,57.8,57.2,57.3,1119100,VPI
2024-09-11,57.3,57.3,56.9,57.0,1144700,VPI
2024-09-12,56.9,57.2,56.5,57.0,799300,VPI
2024-09-13,57.0,57.1,56.9,56.9,1118100,VPI
2024-09-16,56.8,57.0,56.6,56.6,852300,VPI
2024-09-17,56.5,57.3,56.4,57.3,1013900,VPI
2024-09-18,57.2,57.9,57.0,57.6,1050000,VPI
2024-09-19,57.6,58.2,57.3,57.3,1451100,VPI
2024-09-20,57.4,57.9,56.2,56.2,1535800,VPI
2024-09-23,56.0,56.8,55.9,56.6,1163100,VPI
2024-09-24,56.2,57.4,56.2,57.4,1654100,VPI
2024-09-25,57.9,58.6,57.7,58.5,2349500,VPI
2024-09-26,58.5,58.7,58.4,58.5,1418100,VPI
2024-09-27,58.4,58.8,58.0,58.5,1380900,VPI
2024-09-30,58.4,58.4,58.0,58.4,1933300,VPI
2024-10-01,58.4,58.8,57.9,58.5,1005300,VPI
2024-10-02,58.3,58.4,57.3,57.3,1437200,VPI
2024-10-03,57.2,57.5,56.4,56.9,1108200,VPI
2024-10-04,56.8,56.8,56.4,56.5,1041800,VPI
2024-10-07,56.3,56.6,56.0,56.5,1729600,VPI
2024-10-08,56.5,56.5,56.1,56.4,1221400,VPI
2024-10-09,56.2,56.6,56.1,56.4,1570500,VPI
2024-10-10,56.4,57.5,56.3,56.9,1470800,VPI
2024-10-11,57.0,57.5,56.5,57.3,1840100,VPI
2024-10-14,57.5,57.9,57.0,57.4,1943200,VPI
2024-10-15,58.5,58.5,57.3,57.9,1892800,VPI
2024-10-16,57.9,58.5,57.8,58.0,1236500,VPI
2024-10-17,58.2,58.3,57.3,58.1,1279100,VPI
2024-10-18,58.1,58.8,57.8,58.3,1506300,VPI
2024-10-21,58.3,58.5,57.5,57.7,1651300,VPI
2024-10-22,57.7,57.8,57.3,57.3,1136700,VPI
2024-10-23,57.3,57.4,56.4,56.8,1029000,VPI
2024-10-24,56.8,57.0,56.3,56.8,1329700,VPI
2024-10-25,57.4,57.4,57.0,57.3,1071900,VPI
2024-10-28,56.8,57.4,56.4,57.2,1110100,VPI
2024-10-29,57.7,58.5,57.2,58.5,940000,VPI
2024-10-30,58.5,59.0,57.2,58.0,998800,VPI
2024-10-31,58.3,58.9,57.7,58.0,1094600,VPI
2024-11-01,57.9,58.4,57.7,58.4,869100,VPI
2024-11-04,58.4,58.5,57.8,57.9,884600,VPI
2024-11-05,57.9,57.9,57.2,57.2,1121600,VPI
2024-11-06,56.7,58.1,56.5,58.1,1152800,VPI
2024-11-07,58.3,58.4,57.9,58.1,1157200,VPI
2024-11-08,58.2,58.5,57.2,58.3,1480200,VPI
2024-11-11,58.4,58.4,58.0,58.3,1193900,VPI
2024-11-12,58.2,58.6,57.6,58.0,1356100,VPI
2024-11-13,57.8,57.9,56.9,57.7,1287100,VPI
2024-11-14,57.7,58.3,56.8,57.2,1276500,VPI
2024-11-15,56.7,57.1,56.4,57.1,668000,VPI
2024-11-18,56.7,58.1,56.5,58.1,851700,VPI
2024-11-19,58.1,58.3,57.6,58.1,924600,VPI
2024-11-20,58.3,59.0,58.0,58.8,1346900,VPI
2024-11-21,58.9,59.2,58.0,59.0,1145400,VPI
2024-11-22,58.5,59.1,57.8,58.9,1376100,VPI
2024-11-25,58.7,59.3,58.6,59.3,1219800,VPI
2024-11-26,58.6,59.1,58.4,58.5,1083700,VPI
2024-11-27,58.1,58.4,57.5,57.9,1931500,VPI
2024-11-28,58.2,58.5,57.3,57.7,1575100,VPI
2024-11-29,57.6,58.5,57.3,58.5,1540200,VPI
2024-12-02,58.8,58.9,58.4,58.8,1325900,VPI
2024-12-03,58.8,59.4,58.6,59.2,1075300,VPI
2024-12-04,59.5,59.5,58.4,58.8,1949400,VPI
2024-12-05,58.8,59.7,58.6,59.7,1310700,VPI
2024-12-06,59.5,59.6,58.5,58.6,1290200,VPI
2024-12-09,58.8,59.0,57.8,58.0,1523600,VPI
2024-12-10,58.0,58.1,57.9,58.0,1798300,VPI
2024-12-11,57.8,58.5,57.5,58.1,1850700,VPI
2024-12-12,58.3,58.5,58.0,58.0,1550400,VPI
2024-12-13,58.3,58.5,57.5,57.8,1634400,VPI
2024-12-16,57.6,59.0,57.4,58.2,1911500,VPI
2024-12-17,58.4,58.4,58.0,58.2,1548700,VPI
2024-12-18,58.2,58.5,58.1,58.5,1546700,VPI
2024-12-19,58.2,58.3,57.9,58.3,1321600,VPI
2024-12-20,58.3,58.8,56.5,56.5,2807300,VPI
2024-12-23,56.5,58.6,56.5,57.8,2595400,VPI
2024-12-24,57.3,59.5,56.8,59.5,1544500,VPI
2024-12-25,59.6,60.0,58.8,59.0,1919300,VPI
2024-12-26,59.5,60.0,58.8,59.3,1703100,VPI
2024-12-27,59.4,59.4,59.0,59.1,1835400,VPI
2024-12-30,59.0,59.2,58.2,58.2,1177200,VPI
2024-12-31,58.2,60.0,58.1,59.8,1342000,VPI
2025-01-02,59.5,60.1,59.3,59.9,1488500,VPI
2025-01-03,59.9,59.9,58.5,58.8,1667400,VPI
2025-01-06,59.3,59.8,58.5,58.7,1768600,VPI
2025-01-07,58.5,59.0,58.1,58.9,1357900,VPI
2025-01-08,58.8,59.2,57.9,59.1,1414900,VPI
2025-01-09,59.0,59.4,59.0,59.3,1172500,VPI
2025-01-10,59.4,59.8,58.6,58.6,1277700,VPI
2025-01-13,58.6,59.2,58.1,59.1,1076400,VPI
2025-01-14,58.8,58.9,57.7,58.6,1508800,VPI
2025-01-15,58.3,59.0,57.8,58.8,1462500,VPI
2025-01-16,58.8,59.5,57.9,58.9,1829200,VPI
2025-01-17,59.3,59.4,57.9,59.0,2000100,VPI
2025-01-20,58.9,59.6,58.8,59.5,1264400,VPI
2025-01-21,59.0,59.7,58.8,59.7,1664600,VPI
2025-01-22,59.8,60.1,59.5,59.6,1357900,VPI
2025-01-23,59.3,59.4,59.0,59.2,2026500,VPI
2025-01-24,59.3,59.3,59.0,59.0,1306800,VPI
2025-02-03,59.0,59.0,58.0,58.5,1823400,VPI
2025-02-04,58.5,58.6,58.3,58.3,1497400,VPI
2025-02-05,58.1,58.8,57.7,58.3,1531800,VPI
2025-02-06,58.4,59.0,58.2,58.6,1239300,VPI
2025-02-07,58.3,58.3,57.6,57.7,1281800,VPI
2025-02-10,57.3,57.3,56.9,57.0,1600800,VPI
2025-02-11,57.1,57.3,56.8,57.3,1575700,VPI
2025-02-12,57.3,57.4,57.1,57.2,1921000,VPI
2025-02-13,57.2,57.8,57.1,57.4,2039700,VPI
2025-02-14,57.4,58.1,57.3,58.0,2141100,VPI
2025-02-17,58.0,58.1,57.7,57.7,1714800,VPI
2025-02-18,57.9,58.6,57.7,58.3,1444100,VPI
2025-02-19,58.3,58.5,58.2,58.5,1044300,VPI
2025-02-20,58.4,58.9,58.3,58.6,1618400,VPI
2025-02-21,58.4,58.7,58.3,58.3,1392600,VPI
2025-02-24,58.2,59.3,58.1,58.7,1781300,VPI
2025-02-25,58.7,59.1,58.4,59.0,1266100,VPI
2025-02-26,59.2,59.2,58.9,59.2,1479000,VPI
2025-02-27,58.8,59.4,58.5,59.2,1482300,VPI
2025-02-28,59.2,59.6,58.9,59.5,1112900,VPI
2025-03-03,59.4,59.6,59.0,59.0,1677500,VPI
2025-03-04,58.9,58.9,58.0,58.8,1473400,VPI
2025-03-05,58.7,59.4,58.4,58.9,1217700,VPI
2025-03-06,59.0,59.6,58.0,58.2,1777100,VPI
2025-03-07,58.1,58.2,57.2,57.4,1585900,VPI
2025-03-10,57.4,57.4,56.5,56.6,2325000,VPI
2025-03-11,56.5,56.5,56.0,56.3,1537200,VPI
2025-03-12,56.5,56.6,56.0,56.3,1643600,VPI
2025-03-13,56.3,56.6,56.0,56.1,1646800,VPI
2025-03-14,56.1,56.7,55.6,56.3,1801200,VPI
2024-09-04,19.0,19.7,18.85,19.7,11532600,VRE
2024-09-05,19.8,20.35,19.65,19.7,12485100,VRE
2024-09-06,19.75,20.1,19.4,20.1,11269400,VRE
2024-09-09,19.95,20.25,19.85,20.1,7303300,VRE
2024-09-10,20.2,20.3,19.05,19.2,19049800,VRE
2024-09-11,19.2,19.35,18.6,19.1,8396500,VRE
2024-09-12,19.3,19.35,19.0,19.0,3212500,VRE
2024-09-13,19.1,19.4,18.85,19.3,4986800,VRE
2024-09-16,19.3,19.4,18.9,18.9,5645600,VRE
2024-09-17,19.0,19.4,18.9,19.4,6036500,VRE
2024-09-18,19.45,19.75,19.15,19.15,8583000,VRE
2024-09-19,19.25,19.45,19.2,19.45,4719500,VRE
2024-09-20,19.65,19.75,19.4,19.5,12860100,VRE
2024-09-23,19.5,19.55,19.0,19.0,10845800,VRE
2024-09-24,19.05,19.1,18.9,19.05,5918900,VRE
2024-09-25,19.3,19.3,19.05,19.1,7600900,VRE
2024-09-26,19.25,19.4,19.15,19.2,6640500,VRE
2024-09-27,19.3,19.7,19.15,19.4,11672700,VRE
2024-09-30,19.4,19.4,19.1,19.1,6834300,VRE
2024-10-01,19.15,19.55,19.1,19.4,9870100,VRE
2024-10-02,19.25,19.35,19.1,19.15,5084600,VRE
2024-10-03,19.15,19.25,18.6,18.65,14455900,VRE
2024-10-04,18.65,18.65,18.25,18.3,9504200,VRE
2024-10-07,18.45,18.5,18.15,18.25,4876600,VRE
2024-10-08,18.3,18.4,18.15,18.35,3231300,VRE
2024-10-09,18.3,18.5,18.25,18.5,3292200,VRE
2024-10-10,18.6,18.7,18.45,18.45,3633500,VRE
2024-10-11,18.5,19.1,18.35,19.0,12919000,VRE
2024-10-14,19.4,19.6,19.05,19.15,11560900,VRE
2024-10-15,19.15,19.2,18.8,18.8,6684800,VRE
2024-10-16,18.8,18.9,18.65,18.7,4185200,VRE
2024-10-17,18.7,18.85,18.6,18.75,5000900,VRE
2024-10-18,18.95,19.1,18.75,18.75,5084500,VRE
2024-10-21,18.8,19.3,18.75,19.1,11488800,VRE
2024-10-22,19.1,19.15,18.55,18.6,9087500,VRE
2024-10-23,18.65,19.05,18.6,18.65,6222700,VRE
2024-10-24,18.7,18.7,18.15,18.15,10654400,VRE
2024-10-25,18.25,18.3,18.1,18.15,4770300,VRE
2024-10-28,18.2,18.25,18.1,18.1,3242500,VRE
2024-10-29,18.15,18.3,18.1,18.15,3815600,VRE
2024-10-30,18.2,18.3,18.05,18.2,4299200,VRE
2024-10-31,18.2,18.2,17.85,17.85,6931800,VRE
2024-11-01,17.85,17.95,17.7,17.75,10571700,VRE
2024-11-04,17.8,17.85,17.55,17.7,4921400,VRE
2024-11-05,17.6,17.85,17.6,17.75,2633700,VRE
2024-11-06,17.9,18.05,17.8,18.05,2971100,VRE
2024-11-07,18.2,18.3,18.05,18.05,2770700,VRE
2024-11-08,18.15,18.15,17.75,17.95,4487200,VRE
2024-11-11,17.8,18.0,17.6,18.0,5983800,VRE
2024-11-12,17.85,18.2,17.85,18.0,4570800,VRE
2024-11-13,18.0,18.2,17.95,18.1,6231800,VRE
2024-11-14,18.1,18.65,18.1,18.1,11403800,VRE
2024-11-15,18.15,18.5,18.05,18.2,10515600,VRE
2024-11-18,18.2,18.5,18.1,18.1,7123800,VRE
2024-11-19,18.1,18.25,17.9,17.9,4931300,VRE
2024-11-20,17.9,18.15,17.75,17.9,9344600,VRE
2024-11-21,18.0,18.2,17.95,18.2,6395700,VRE
2024-11-22,18.2,18.3,18.1,18.1,5011100,VRE
2024-11-25,18.1,18.35,18.1,18.25,4345600,VRE
2024-11-26,18.25,18.45,18.2,18.3,4397100,VRE
2024-11-27,18.3,18.35,18.05,18.1,3678700,VRE
2024-11-28,18.25,18.25,17.9,18.0,5075200,VRE
2024-11-29,17.95,18.0,17.8,17.9,7796000,VRE
2024-12-02,17.9,18.0,17.7,17.85,7004000,VRE
2024-12-03,17.85,17.85,17.7,17.7,4707800,VRE
2024-12-04,17.65,17.7,17.2,17.3,10716000,VRE
2024-12-05,17.4,17.9,17.35,17.85,6615400,VRE
2024-12-06,17.75,17.9,17.65,17.7,6189500,VRE
2024-12-09,17.7,17.85,17.7,17.7,4682100,VRE
2024-12-10,17.7,17.8,17.5,17.55,4540800,VRE
2024-12-11,17.6,17.65,17.35,17.35,8251600,VRE
2024-12-12,17.5,17.5,17.3,17.3,4406000,VRE
2024-12-13,17.3,17.4,17.2,17.35,3566800,VRE
2024-12-16,17.35,17.45,17.2,17.3,3468400,VRE
2024-12-17,17.3,17.35,17.1,17.15,5731600,VRE
2024-12-18,17.15,17.2,17.1,17.1,4496000,VRE
2024-12-19,17.05,17.25,16.95,17.05,6408800,VRE
2024-12-20,17.05,17.15,17.0,17.05,3568200,VRE
2024-12-23,17.15,17.2,17.0,17.05,4976400,VRE
2024-12-24,17.05,17.1,16.9,17.05,6940200,VRE
2024-12-25,17.05,17.5,17.05,17.3,9435700,VRE
2024-12-26,17.35,17.45,17.15,17.15,3726700,VRE
2024-12-27,17.2,17.25,17.0,17.15,5865200,VRE
2024-12-30,17.05,17.15,17.0,17.15,5681900,VRE
2024-12-31,17.05,17.3,17.05,17.15,4645500,VRE
2025-01-02,17.2,17.45,17.2,17.3,6915200,VRE
2025-01-03,17.35,17.45,17.15,17.2,2701100,VRE
2025-01-06,17.2,17.25,17.0,17.15,4480900,VRE
2025-01-07,17.05,17.15,16.8,16.95,7224500,VRE
2025-01-08,16.9,16.95,16.8,16.95,3265700,VRE
2025-01-09,16.9,17.15,16.8,17.0,3344000,VRE
2025-01-10,17.0,17.05,16.65,16.85,8897000,VRE
2025-01-13,16.8,16.85,16.5,16.7,4774200,VRE
2025-01-14,16.65,16.65,16.1,16.1,6583700,VRE
2025-01-15,16.2,16.5,16.1,16.5,8227500,VRE
2025-01-16,16.35,16.7,16.35,16.55,6720300,VRE
2025-01-17,16.5,16.6,16.45,16.55,4432800,VRE
2025-01-20,16.5,16.85,16.5,16.6,6900600,VRE
2025-01-21,16.75,16.75,16.5,16.6,3529400,VRE
2025-01-22,16.6,16.6,16.3,16.3,3206000,VRE
2025-01-23,16.2,16.5,16.2,16.45,4626700,VRE
2025-01-24,16.45,16.65,16.3,16.55,5325000,VRE
2025-02-03,16.5,16.5,16.15,16.3,6103500,VRE
2025-02-04,16.3,16.4,16.2,16.3,4430300,VRE
2025-02-05,16.35,17.1,16.35,16.85,13551200,VRE
2025-02-06,16.9,16.9,16.7,16.7,3805000,VRE
2025-02-07,16.65,16.9,16.6,16.85,6185200,VRE
2025-02-10,16.7,16.75,16.55,16.6,5381200,VRE
2025-02-11,16.6,16.6,16.3,16.4,6501700,VRE
2025-02-12,16.55,16.6,16.4,16.4,2712700,VRE
2025-02-13,16.4,16.7,16.4,16.65,4323500,VRE
2025-02-14,16.7,16.8,16.55,16.6,5337400,VRE
2025-02-17,16.6,16.7,16.4,16.45,6732800,VRE
2025-02-18,16.5,17.05,16.45,16.85,10881800,VRE
2025-02-19,16.9,17.3,16.8,17.2,11283100,VRE
2025-02-20,17.25,17.45,17.25,17.35,10812700,VRE
2025-02-21,17.35,17.4,17.1,17.25,8867700,VRE
2025-02-24,17.2,17.35,17.1,17.35,7296500,VRE
2025-02-25,17.4,17.5,17.25,17.25,5837200,VRE
2025-02-26,17.25,17.35,17.0,17.15,5280100,VRE
2025-02-27,17.15,17.2,16.9,17.2,8005700,VRE
2025-02-28,17.25,17.65,17.2,17.4,11416300,VRE
2025-03-03,17.35,17.95,17.35,17.7,12108200,VRE
2025-03-04,17.6,17.8,17.55,17.7,11254500,VRE
2025-03-05,17.7,18.05,17.6,17.75,12706900,VRE
2025-03-06,17.75,17.95,17.65,17.85,7172100,VRE
2025-03-07,17.85,18.5,17.8,18.2,16865500,VRE
2025-03-10,18.35,18.45,18.2,18.25,8696300,VRE
2025-03-11,17.9,18.25,17.7,18.2,8111000,VRE
2025-03-12,18.2,18.45,18.15,18.3,11789600,VRE
2025-03-13,18.3,19.2,18.25,18.8,29808500,VRE
2025-03-14,18.9,19.1,18.7,18.75,11422100,VRE
2024-09-04,74.18,74.18,72.61,73.59,310375,VTP
2024-09-05,73.59,75.36,73.0,73.0,560219,VTP
2024-09-06,73.1,73.79,72.61,73.79,273745,VTP
2024-09-09,73.88,73.88,72.81,72.81,340362,VTP
2024-09-10,73.39,73.39,71.53,71.53,730291,VTP
2024-09-11,71.14,72.61,71.14,72.12,689002,VTP
2024-09-12,72.71,72.81,72.12,72.22,493919,VTP
2024-09-13,72.22,72.9,72.02,72.22,267636,VTP
2024-09-16,72.41,72.71,71.53,71.53,219453,VTP
2024-09-17,71.53,73.1,71.53,72.9,277502,VTP
2024-09-18,73.49,77.51,73.1,77.51,1925813,VTP
2024-09-19,78.01,79.87,77.51,79.48,1383079,VTP
2024-09-20,80.36,80.36,77.71,77.91,1208677,VTP
2024-09-23,77.71,79.48,77.71,78.01,1493128,VTP
2024-09-24,78.89,79.18,78.1,78.5,2198236,VTP
2024-09-25,78.8,79.4,77.3,77.5,920358,VTP
2024-09-26,78.3,78.8,77.4,77.6,561872,VTP
2024-09-27,78.0,79.5,77.4,78.8,1107422,VTP
2024-09-30,79.0,79.7,78.3,78.6,596596,VTP
2024-10-01,78.7,79.4,78.4,78.7,758413,VTP
2024-10-02,78.6,78.6,77.0,77.4,730958,VTP
2024-10-03,77.4,78.0,75.1,75.8,940955,VTP
2024-10-04,75.0,77.8,74.9,76.1,527981,VTP
2024-10-07,77.3,77.3,76.0,76.4,511546,VTP
2024-10-08,76.4,76.9,76.0,76.5,288300,VTP
2024-10-09,76.5,81.8,76.5,81.8,2924500,VTP
2024-10-10,83.3,83.6,81.6,82.0,798800,VTP
2024-10-11,82.1,86.4,81.5,85.7,2143500,VTP
2024-10-14,86.0,86.0,84.0,85.0,968700,VTP
2024-10-15,85.0,85.4,82.6,83.5,851500,VTP
2024-10-16,82.9,86.6,82.8,86.5,1428000,VTP
2024-10-17,87.0,87.0,85.0,85.5,705800,VTP
2024-10-18,85.6,88.0,85.2,86.6,1136100,VTP
2024-10-21,85.8,87.7,85.6,86.0,634100,VTP
2024-10-22,85.8,86.5,84.3,85.9,1219500,VTP
2024-10-23,84.9,86.9,84.4,86.8,739900,VTP
2024-10-24,85.5,87.7,85.5,86.8,755500,VTP
2024-10-25,87.0,90.5,86.9,90.5,2220500,VTP
2024-10-28,90.8,91.7,89.2,89.9,616600,VTP
2024-10-29,89.9,91.7,89.7,89.7,914500,VTP
2024-10-30,89.9,90.8,88.0,90.5,865300,VTP
2024-10-31,90.6,90.6,89.0,89.7,492000,VTP
2024-11-01,89.4,89.4,87.5,88.6,689100,VTP
2024-11-04,87.8,92.5,87.8,91.8,1160000,VTP
2024-11-05,91.3,96.0,91.1,95.9,2182200,VTP
2024-11-06,95.9,96.8,95.1,95.5,1476500,VTP
2024-11-07,95.3,102.1,95.3,102.1,2526200,VTP
2024-11-08,103.5,109.2,102.1,108.7,1891700,VTP
2024-11-11,109.1,112.0,106.0,106.0,1452200,VTP
2024-11-12,106.0,113.4,105.7,113.4,1771900,VTP
2024-11-13,110.6,119.0,110.6,113.9,1298800,VTP
2024-11-14,114.1,116.8,113.0,114.5,788300,VTP
2024-11-15,115.0,122.5,110.3,122.5,2444600,VTP
2024-11-18,124.8,125.9,119.2,123.0,686400,VTP
2024-11-19,124.9,126.0,119.0,119.0,881100,VTP
2024-11-20,117.0,118.8,110.7,113.1,3053400,VTP
2024-11-21,112.1,121.0,111.9,121.0,1273700,VTP
2024-11-22,123.9,128.9,122.3,124.0,1073000,VTP
2024-11-25,124.9,128.2,123.1,128.0,635300,VTP
2024-11-26,128.0,128.5,122.5,122.8,1451300,VTP
2024-11-27,122.6,127.2,121.1,125.0,661800,VTP
2024-11-28,127.4,131.2,125.6,128.8,934200,VTP
2024-11-29,129.0,133.0,129.0,131.8,983700,VTP
2024-12-02,134.1,135.2,132.1,134.4,538100,VTP
2024-12-03,134.8,143.4,134.4,142.0,969700,VTP
2024-12-04,142.5,151.0,140.1,150.9,1055600,VTP
2024-12-05,153.5,154.0,140.4,140.4,2145100,VTP
2024-12-06,142.0,145.5,140.1,142.0,909800,VTP
2024-12-09,145.0,148.5,144.0,147.3,873400,VTP
2024-12-10,147.0,148.0,141.0,143.5,1003000,VTP
2024-12-11,143.5,146.8,138.1,142.0,1301300,VTP
2024-12-12,141.0,143.1,136.0,136.0,1494200,VTP
2024-12-13,136.0,140.2,136.0,139.8,869300,VTP
2024-12-16,140.3,141.1,137.1,138.0,565600,VTP
2024-12-17,138.2,143.9,138.2,141.5,1033300,VTP
2024-12-18,141.0,141.6,139.3,140.6,386400,VTP
2024-12-19,138.9,143.2,137.4,139.8,622100,VTP
2024-12-20,140.2,144.5,140.0,142.0,1225400,VTP
2024-12-23,144.0,144.0,138.6,140.0,1113600,VTP
2024-12-24,139.9,141.9,138.5,141.2,544700,VTP
2024-12-25,143.0,144.6,139.8,140.0,839200,VTP
2024-12-26,140.6,140.6,138.0,138.0,802100,VTP
2024-12-27,138.0,138.1,132.0,132.5,2002800,VTP
2024-12-30,130.0,137.1,130.0,136.0,971800,VTP
2024-12-31,136.9,140.0,135.3,136.9,850300,VTP
2025-01-02,138.9,145.0,138.5,144.0,1815900,VTP
2025-01-03,145.1,146.8,144.1,144.2,1030300,VTP
2025-01-06,145.5,154.2,144.9,154.2,2282800,VTP
2025-01-07,158.0,158.0,153.0,157.0,815400,VTP
2025-01-08,156.9,157.0,146.4,147.7,1726300,VTP
2025-01-09,148.0,150.5,147.8,149.1,385500,VTP
2025-01-10,146.6,153.0,145.3,147.0,797900,VTP
2025-01-13,146.5,150.5,144.6,149.5,803600,VTP
2025-01-14,148.6,152.9,148.6,149.5,482200,VTP
2025-01-15,149.2,150.2,148.2,149.2,490400,VTP
2025-01-16,150.0,159.6,148.5,159.6,1289600,VTP
2025-01-17,159.8,165.0,159.0,162.3,521400,VTP
2025-01-20,165.0,165.0,161.5,162.4,361600,VTP
2025-01-21,163.7,166.2,162.0,165.3,483200,VTP
2025-01-22,166.0,174.7,164.3,170.0,669100,VTP
2025-01-23,173.0,173.0,166.2,167.5,562100,VTP
2025-01-24,169.9,171.0,168.5,170.0,305100,VTP
2025-02-03,169.0,170.0,160.0,161.8,699800,VTP
2025-02-04,162.6,164.3,161.6,163.0,575600,VTP
2025-02-05,163.5,169.4,163.5,167.1,619400,VTP
2025-02-06,169.0,169.0,161.0,161.5,1307400,VTP
2025-02-07,161.8,164.3,160.8,161.9,755000,VTP
2025-02-10,161.7,161.7,150.6,150.6,2652400,VTP
2025-02-11,151.5,156.6,150.7,155.1,712200,VTP
2025-02-12,156.0,162.0,154.0,161.1,976900,VTP
2025-02-13,161.6,161.6,157.0,157.7,500600,VTP
2025-02-14,159.1,159.6,155.0,156.0,544400,VTP
2025-02-17,156.0,156.7,151.2,152.1,523400,VTP
2025-02-18,152.1,155.0,151.7,154.6,373500,VTP
2025-02-19,153.2,155.0,152.3,154.0,264500,VTP
2025-02-20,154.1,154.7,151.8,152.2,314600,VTP
2025-02-21,152.0,153.7,151.3,152.2,337900,VTP
2025-02-24,152.2,152.2,144.0,148.0,1039900,VTP
2025-02-25,145.5,148.0,144.0,147.5,372800,VTP
2025-02-26,150.0,150.0,147.0,149.4,381600,VTP
2025-02-27,150.0,150.0,147.2,147.8,186200,VTP
2025-02-28,148.5,156.5,147.0,153.9,900100,VTP
2025-03-03,155.0,155.0,152.1,153.0,267200,VTP
2025-03-04,153.0,159.4,151.5,157.0,890400,VTP
2025-03-05,155.6,159.5,155.6,158.3,545000,VTP
2025-03-06,159.9,159.9,156.8,158.3,344700,VTP
2025-03-07,158.9,158.9,154.0,154.0,502100,VTP
2025-03-10,154.2,154.2,151.2,151.5,418400,VTP
2025-03-11,150.0,152.9,150.0,151.9,239700,VTP
2025-03-12,152.7,152.8,150.0,150.7,268200,VTP
2025-03-13,150.2,152.5,149.8,150.7,284400,VTP
2025-03-14,151.0,151.7,145.0,146.4,351500,VTP
2024-09-04,1273.86,1277.27,1268.43,1275.8,648409343,VNINDEX
2024-09-05,1276.46,1282.21,1266.05,1268.21,665625986,VNINDEX
2024-09-06,1268.22,1274.44,1262.94,1273.96,637094418,VNINDEX
2024-09-09,1273.96,1273.96,1262.97,1267.73,497552945,VNINDEX
2024-09-10,1270.31,1271.83,1252.22,1255.23,690102153,VNINDEX
2024-09-11,1253.07,1256.86,1244.79,1253.27,583746472,VNINDEX
2024-09-12,1253.27,1260.93,1253.27,1256.35,433675900,VNINDEX
2024-09-13,1253.69,1254.24,1248.78,1251.71,482055936,VNINDEX
2024-09-16,1251.0,1255.42,1239.26,1239.26,608012444,VNINDEX
2024-09-17,1239.99,1258.95,1238.69,1258.95,632194532,VNINDEX
2024-09-18,1258.95,1271.77,1257.93,1264.9,799783535,VNINDEX
2024-09-19,1268.28,1271.27,1264.82,1271.27,607580549,VNINDEX
2024-09-20,1271.27,1283.3,1271.27,1272.04,898259995,VNINDEX
2024-09-23,1275.15,1276.99,1267.87,1268.48,564217395,VNINDEX
2024-09-24,1268.48,1276.99,1266.68,1276.99,817535117,VNINDEX
2024-09-25,1283.04,1288.44,1280.47,1287.48,992827530,VNINDEX
2024-09-26,1290.03,1298.71,1289.15,1291.49,956803250,VNINDEX
2024-09-27,1295.03,1300.31,1287.21,1290.92,950804402,VNINDEX
2024-09-30,1290.94,1292.03,1283.92,1287.94,748397879,VNINDEX
2024-10-01,1287.94,1302.22,1287.94,1292.2,982286319,VNINDEX
2024-10-02,1289.5,1293.69,1285.14,1287.84,771123993,VNINDEX
2024-10-03,1288.64,1299.36,1276.51,1278.1,1043697915,VNINDEX
2024-10-04,1278.9,1279.33,1270.6,1270.6,610071050,VNINDEX
2024-10-07,1275.82,1278.61,1264.65,1269.93,542585281,VNINDEX
2024-10-08,1271.82,1275.82,1266.94,1271.98,678704686,VNINDEX
2024-10-09,1273.96,1283.01,1273.04,1281.85,676888068,VNINDEX
2024-10-10,1286.73,1294.33,1284.97,1286.36,720089936,VNINDEX
2024-10-11,1288.11,1289.37,1283.56,1288.39,531739469,VNINDEX
2024-10-14,1289.21,1297.67,1286.13,1286.34,795706807,VNINDEX
2024-10-15,1287.81,1294.05,1279.81,1281.08,712090690,VNINDEX
2024-10-16,1279.86,1283.33,1276.4,1279.48,536674680,VNINDEX
2024-10-17,1279.48,1286.52,1271.82,1286.52,685239360,VNINDEX
2024-10-18,1291.16,1294.1,1285.46,1285.46,689070733,VNINDEX
2024-10-21,1284.17,1287.71,1279.77,1279.77,622809008,VNINDEX
2024-10-22,1280.21,1280.21,1265.44,1269.89,793916700,VNINDEX
2024-10-23,1270.58,1273.21,1263.26,1270.9,589858241,VNINDEX
2024-10-24,1271.17,1274.11,1257.41,1257.41,673137040,VNINDEX
2024-10-25,1257.41,1261.72,1251.75,1252.72,569100886,VNINDEX
2024-10-28,1252.72,1255.18,1250.94,1254.77,482689840,VNINDEX
2024-10-29,1258.03,1262.38,1257.43,1261.78,875048711,VNINDEX
2024-10-30,1261.78,1264.84,1255.07,1258.63,536846200,VNINDEX
2024-10-31,1258.63,1267.88,1255.55,1264.48,614271168,VNINDEX
2024-11-01,1264.48,1264.67,1254.33,1254.89,580509631,VNINDEX
2024-11-04,1255.06,1256.96,1242.36,1244.71,709673109,VNINDEX
2024-11-05,1244.71,1248.97,1243.55,1245.76,416464646,VNINDEX
2024-11-06,1251.22,1262.44,1250.57,1261.28,566907624,VNINDEX
2024-11-07,1261.28,1267.09,1259.75,1259.75,499262878,VNINDEX
2024-11-08,1262.97,1264.09,1250.77,1252.56,555502136,VNINDEX
2024-11-11,1253.81,1253.87,1241.29,1250.32,796476224,VNINDEX
2024-11-12,1250.32,1257.02,1242.91,1244.82,600650740,VNINDEX
2024-11-13,1243.19,1247.04,1234.62,1246.04,660546839,VNINDEX
2024-11-14,1246.04,1247.07,1231.69,1231.89,692587426,VNINDEX
2024-11-15,1229.36,1229.59,1217.03,1218.57,750565598,VNINDEX
2024-11-18,1218.57,1225.38,1204.6,1217.12,646151167,VNINDEX
2024-11-19,1217.21,1221.4,1205.15,1205.15,511886835,VNINDEX
2024-11-20,1204.44,1222.73,1197.99,1216.54,767532392,VNINDEX
2024-11-21,1216.54,1228.55,1214.06,1228.33,482145184,VNINDEX
2024-11-22,1229.63,1233.42,1226.33,1228.1,534437655,VNINDEX
2024-11-25,1229.0,1236.57,1229.0,1234.7,497810131,VNINDEX
2024-11-26,1234.7,1246.83,1234.7,1242.13,575094638,VNINDEX
2024-11-27,1242.13,1245.34,1239.23,1241.97,428809652,VNINDEX
2024-11-28,1246.37,1250.46,1240.91,1242.11,477493690,VNINDEX
2024-11-29,1242.51,1250.92,1241.0,1250.46,502807656,VNINDEX
2024-12-02,1250.46,1258.05,1247.74,1251.21,497420196,VNINDEX
2024-12-03,1251.08,1253.83,1244.91,1249.83,673402920,VNINDEX
2024-12-04,1247.51,1247.78,1239.82,1240.41,575023618,VNINDEX
2024-12-05,1241.81,1269.18,1238.49,1267.53,908386288,VNINDEX
2024-12-06,1270.96,1276.1,1268.58,1270.14,694787773,VNINDEX
2024-12-09,1271.21,1277.69,1268.69,1273.84,760998426,VNINDEX
2024-12-10,1274.37,1277.32,1270.32,1272.07,631447613,VNINDEX
2024-12-11,1273.23,1276.67,1264.15,1268.86,627532824,VNINDEX
2024-12-12,1269.35,1275.64,1265.99,1267.35,554123189,VNINDEX
2024-12-13,1265.62,1266.55,1260.48,1262.57,478786146,VNINDEX
2024-12-16,1263.61,1267.1,1258.65,1263.79,538924657,VNINDEX
2024-12-17,1263.79,1265.45,1260.6,1261.72,502251132,VNINDEX
2024-12-18,1261.72,1266.53,1261.49,1266.0,531459813,VNINDEX
2024-12-19,1256.9,1259.76,1249.39,1254.67,779407811,VNINDEX
2024-12-20,1254.67,1259.0,1253.9,1257.5,568921102,VNINDEX
2024-12-23,1257.5,1265.2,1257.5,1262.76,494701647,VNINDEX
2024-12-24,1263.17,1263.17,1253.78,1260.36,643161962,VNINDEX
2024-12-25,1260.81,1283.09,1260.81,1274.04,810461231,VNINDEX
2024-12-26,1275.68,1277.17,1271.99,1272.87,595218520,VNINDEX
2024-12-27,1273.67,1277.89,1272.23,1275.14,670323778,VNINDEX
2024-12-30,1275.14,1275.14,1268.77,1272.02,527662697,VNINDEX
2024-12-31,1272.25,1272.46,1266.78,1266.78,480536340,VNINDEX
2025-01-02,1266.78,1271.13,1263.25,1269.71,428135718,VNINDEX
2025-01-03,1268.74,1269.01,1254.59,1254.59,560468400,VNINDEX
2025-01-06,1254.59,1260.37,1244.87,1246.35,565150232,VNINDEX
2025-01-07,1249.19,1254.09,1243.06,1246.95,560054884,VNINDEX
2025-01-08,1246.95,1251.02,1239.67,1251.02,445750575,VNINDEX
2025-01-09,1251.02,1253.26,1242.9,1245.77,336332868,VNINDEX
2025-01-10,1245.77,1247.8,1230.48,1230.48,499266400,VNINDEX
2025-01-13,1230.48,1235.65,1220.87,1235.65,519699252,VNINDEX
2025-01-14,1235.65,1235.65,1226.7,1229.07,374576392,VNINDEX
2025-01-15,1233.7,1237.46,1231.13,1236.18,466696448,VNINDEX
2025-01-16,1241.49,1245.4,1235.56,1242.36,499935827,VNINDEX
2025-01-17,1242.36,1249.11,1239.63,1249.11,432980446,VNINDEX
2025-01-20,1250.03,1253.02,1247.5,1249.55,430051115,VNINDEX
2025-01-21,1249.55,1254.17,1243.08,1246.09,478029221,VNINDEX
2025-01-22,1246.09,1249.14,1242.53,1242.53,495154837,VNINDEX
2025-01-23,1245.59,1263.59,1244.77,1259.63,540728780,VNINDEX
2025-01-24,1259.26,1265.38,1258.46,1265.05,516926043,VNINDEX
2025-02-03,1265.05,1265.05,1249.78,1253.03,534150700,VNINDEX
2025-02-04,1256.91,1264.68,1255.44,1264.68,652235892,VNINDEX
2025-02-05,1264.68,1271.8,1264.68,1269.61,583845302,VNINDEX
2025-02-06,1271.33,1275.47,1268.28,1271.48,557739544,VNINDEX
2025-02-07,1272.12,1279.35,1269.11,1275.2,600356895,VNINDEX
2025-02-10,1275.2,1275.2,1263.26,1263.26,794054460,VNINDEX
2025-02-11,1263.26,1268.45,1263.11,1268.45,622260600,VNINDEX
2025-02-12,1268.45,1272.86,1266.59,1266.91,504507839,VNINDEX
2025-02-13,1266.91,1270.67,1263.85,1270.35,511055562,VNINDEX
2025-02-14,1272.15,1280.6,1272.15,1276.08,647411257,VNINDEX
2025-02-17,1276.87,1278.49,1272.72,1272.72,851131491,VNINDEX
2025-02-18,1272.72,1283.34,1272.19,1278.14,705014613,VNINDEX
2025-02-19,1279.62,1288.56,1278.92,1288.56,810302000,VNINDEX
2025-02-20,1288.56,1295.82,1288.56,1292.98,764414400,VNINDEX
2025-02-21,1292.98,1296.75,1290.98,1296.75,730210454,VNINDEX
2025-02-24,1298.29,1304.56,1294.69,1304.56,887369287,VNINDEX
2025-02-25,1306.86,1309.97,1298.54,1303.16,881425026,VNINDEX
2025-02-26,1304.5,1306.49,1301.2,1302.96,754920199,VNINDEX
2025-02-27,1307.31,1307.87,1296.43,1307.8,889914300,VNINDEX
2025-02-28,1307.8,1308.77,1300.66,1305.36,807551799,VNINDEX
2025-03-03,1305.3,1309.77,1304.3,1309.37,927346160,VNINDEX
2025-03-04,1309.37,1313.21,1298.28,1311.91,1046891192,VNINDEX
2025-03-05,1312.96,1319.52,1304.71,1304.71,972631786,VNINDEX
2025-03-06,1308.39,1318.22,1307.91,1318.22,1058717452,VNINDEX
2025-03-07,1320.08,1327.07,1318.71,1326.05,952041245,VNINDEX
2025-03-10,1332.03,1335.87,1326.51,1330.28,1010350519,VNINDEX
2025-03-11,1319.09,1332.54,1315.92,1332.54,929624688,VNINDEX
2025-03-12,1337.63,1342.91,1331.75,1334.41,934568537,VNINDEX
2025-03-13,1336.41,1340.91,1324.87,1326.27,1066649034,VNINDEX
2025-03-14,1325.84,1333.32,1324.3,1326.15,1019963200,VNINDEX
